<GBSeq>
  <GBSeq_locus>4QLG_A</GBSeq_locus>
  <GBSeq_length>159</GBSeq_length>
  <GBSeq_moltype>AA</GBSeq_moltype>
  <GBSeq_topology>linear</GBSeq_topology>
  <GBSeq_division>BCT</GBSeq_division>
  <GBSeq_update-date>25-FEB-2015</GBSeq_update-date>
  <GBSeq_create-date>26-NOV-2014</GBSeq_create-date>
  <GBSeq_definition>Chain A, Crystal Structure Of I14v Dhfr Mutant Complexed With Folate And Nadp+</GBSeq_definition>
  <GBSeq_primary-accession>4QLG_A</GBSeq_primary-accession>
  <GBSeq_accession-version>4QLG_A</GBSeq_accession-version>
  <GBSeq_other-seqids>
    <GBSeqid>pdb|4QLG|A</GBSeqid>
    <GBSeqid>gi|726968965</GBSeqid>
  </GBSeq_other-seqids>
  <GBSeq_source>Escherichia coli str. K-12 substr. MC4100</GBSeq_source>
  <GBSeq_organism>Escherichia coli str. K-12 substr. MC4100</GBSeq_organism>
  <GBSeq_taxonomy>Bacteria; Proteobacteria; Gammaproteobacteria; Enterobacteriales; Enterobacteriaceae; Escherichia</GBSeq_taxonomy>
  <GBSeq_references>
    <GBReference>
      <GBReference_reference>1</GBReference_reference>
      <GBReference_position>1..159</GBReference_position>
      <GBReference_authors>
        <GBAuthor>Doron,D.</GBAuthor>
        <GBAuthor>Stojkovic,V.</GBAuthor>
        <GBAuthor>Gakhar,L.</GBAuthor>
        <GBAuthor>Vardi-Kilshtain,A.</GBAuthor>
        <GBAuthor>Kohen,A.</GBAuthor>
        <GBAuthor>Major,D.T.</GBAuthor>
      </GBReference_authors>
      <GBReference_title>Free energy simulations of active-site mutants of dihydrofolate reductase</GBReference_title>
      <GBReference_journal>J Phys Chem B 119 (3), 906-916 (2015)</GBReference_journal>
      <GBReference_xref>
        <GBXref>
          <GBXref_dbname>doi</GBXref_dbname>
          <GBXref_id>10.1021/jp5059963</GBXref_id>
        </GBXref>
      </GBReference_xref>
      <GBReference_pubmed>25382260</GBReference_pubmed>
    </GBReference>
    <GBReference>
      <GBReference_reference>2</GBReference_reference>
      <GBReference_position>1..159</GBReference_position>
      <GBReference_authors>
        <GBAuthor>Stojkovic,V.</GBAuthor>
        <GBAuthor>Gakhar,L.</GBAuthor>
        <GBAuthor>Kohen,A.</GBAuthor>
      </GBReference_authors>
      <GBReference_title>Direct Submission</GBReference_title>
      <GBReference_journal>Submitted (12-JUN-2014)</GBReference_journal>
    </GBReference>
  </GBSeq_references>
  <GBSeq_comment>1 Dihydrofolate Reductase</GBSeq_comment>
  <GBSeq_source-db>pdb: molecule 4QLG, chain 65, release Feb 25, 2015; deposition: Jun 12, 2014; class: Oxidoreductase; source: Mmdb_id: 125065, Pdb_id 1: 4QLG; Exp. method: X-Ray Diffraction.</GBSeq_source-db>
  <GBSeq_feature-table>
    <GBFeature>
      <GBFeature_key>source</GBFeature_key>
      <GBFeature_location>1..159</GBFeature_location>
      <GBFeature_intervals>
        <GBInterval>
          <GBInterval_from>1</GBInterval_from>
          <GBInterval_to>159</GBInterval_to>
          <GBInterval_accession>4QLG_A</GBInterval_accession>
        </GBInterval>
      </GBFeature_intervals>
      <GBFeature_quals>
        <GBQualifier>
          <GBQualifier_name>organism</GBQualifier_name>
          <GBQualifier_value>Escherichia coli str. K-12 substr. MC4100</GBQualifier_value>
        </GBQualifier>
        <GBQualifier>
          <GBQualifier_name>strain</GBQualifier_name>
          <GBQualifier_value>K-12 substr. MC4100</GBQualifier_value>
        </GBQualifier>
        <GBQualifier>
          <GBQualifier_name>db_xref</GBQualifier_name>
          <GBQualifier_value>taxon:1403831</GBQualifier_value>
        </GBQualifier>
      </GBFeature_quals>
    </GBFeature>
    <GBFeature>
      <GBFeature_key>Region</GBFeature_key>
      <GBFeature_location>1..159</GBFeature_location>
      <GBFeature_intervals>
        <GBInterval>
          <GBInterval_from>1</GBInterval_from>
          <GBInterval_to>159</GBInterval_to>
          <GBInterval_accession>4QLG_A</GBInterval_accession>
        </GBInterval>
      </GBFeature_intervals>
      <GBFeature_quals>
        <GBQualifier>
          <GBQualifier_name>region_name</GBQualifier_name>
          <GBQualifier_value>folA</GBQualifier_value>
        </GBQualifier>
        <GBQualifier>
          <GBQualifier_name>note</GBQualifier_name>
          <GBQualifier_value>dihydrofolate reductase; Provisional; PRK10769</GBQualifier_value>
        </GBQualifier>
        <GBQualifier>
          <GBQualifier_name>db_xref</GBQualifier_name>
          <GBQualifier_value>CDD:182714</GBQualifier_value>
        </GBQualifier>
      </GBFeature_quals>
    </GBFeature>
    <GBFeature>
      <GBFeature_key>SecStr</GBFeature_key>
      <GBFeature_location>1..10</GBFeature_location>
      <GBFeature_intervals>
        <GBInterval>
          <GBInterval_from>1</GBInterval_from>
          <GBInterval_to>10</GBInterval_to>
          <GBInterval_accession>4QLG_A</GBInterval_accession>
        </GBInterval>
      </GBFeature_intervals>
      <GBFeature_quals>
        <GBQualifier>
          <GBQualifier_name>sec_str_type</GBQualifier_name>
          <GBQualifier_value>sheet</GBQualifier_value>
        </GBQualifier>
        <GBQualifier>
          <GBQualifier_name>note</GBQualifier_name>
          <GBQualifier_value>strand 1</GBQualifier_value>
        </GBQualifier>
      </GBFeature_quals>
    </GBFeature>
    <GBFeature>
      <GBFeature_key>Site</GBFeature_key>
      <GBFeature_location>order(5,22,27,57,94,100,113)</GBFeature_location>
      <GBFeature_intervals>
        <GBInterval>
          <GBInterval_point>5</GBInterval_point>
          <GBInterval_accession>4QLG_A</GBInterval_accession>
        </GBInterval>
        <GBInterval>
          <GBInterval_point>22</GBInterval_point>
          <GBInterval_accession>4QLG_A</GBInterval_accession>
        </GBInterval>
        <GBInterval>
          <GBInterval_point>27</GBInterval_point>
          <GBInterval_accession>4QLG_A</GBInterval_accession>
        </GBInterval>
        <GBInterval>
          <GBInterval_point>57</GBInterval_point>
          <GBInterval_accession>4QLG_A</GBInterval_accession>
        </GBInterval>
        <GBInterval>
          <GBInterval_point>94</GBInterval_point>
          <GBInterval_accession>4QLG_A</GBInterval_accession>
        </GBInterval>
        <GBInterval>
          <GBInterval_point>100</GBInterval_point>
          <GBInterval_accession>4QLG_A</GBInterval_accession>
        </GBInterval>
        <GBInterval>
          <GBInterval_point>113</GBInterval_point>
          <GBInterval_accession>4QLG_A</GBInterval_accession>
        </GBInterval>
      </GBFeature_intervals>
      <GBFeature_operator>order</GBFeature_operator>
      <GBFeature_quals>
        <GBQualifier>
          <GBQualifier_name>site_type</GBQualifier_name>
          <GBQualifier_value>other</GBQualifier_value>
        </GBQualifier>
        <GBQualifier>
          <GBQualifier_name>note</GBQualifier_name>
          <GBQualifier_value>folate binding site [chemical binding]</GBQualifier_value>
        </GBQualifier>
        <GBQualifier>
          <GBQualifier_name>db_xref</GBQualifier_name>
          <GBQualifier_value>CDD:238127</GBQualifier_value>
        </GBQualifier>
      </GBFeature_quals>
    </GBFeature>
    <GBFeature>
      <GBFeature_key>Site</GBFeature_key>
      <GBFeature_location>order(7,14,44..46,64,95..98)</GBFeature_location>
      <GBFeature_intervals>
        <GBInterval>
          <GBInterval_point>7</GBInterval_point>
          <GBInterval_accession>4QLG_A</GBInterval_accession>
        </GBInterval>
        <GBInterval>
          <GBInterval_point>14</GBInterval_point>
          <GBInterval_accession>4QLG_A</GBInterval_accession>
        </GBInterval>
        <GBInterval>
          <GBInterval_from>44</GBInterval_from>
          <GBInterval_to>46</GBInterval_to>
          <GBInterval_accession>4QLG_A</GBInterval_accession>
        </GBInterval>
        <GBInterval>
          <GBInterval_point>64</GBInterval_point>
          <GBInterval_accession>4QLG_A</GBInterval_accession>
        </GBInterval>
        <GBInterval>
          <GBInterval_from>95</GBInterval_from>
          <GBInterval_to>98</GBInterval_to>
          <GBInterval_accession>4QLG_A</GBInterval_accession>
        </GBInterval>
      </GBFeature_intervals>
      <GBFeature_operator>order</GBFeature_operator>
      <GBFeature_quals>
        <GBQualifier>
          <GBQualifier_name>site_type</GBQualifier_name>
          <GBQualifier_value>other</GBQualifier_value>
        </GBQualifier>
        <GBQualifier>
          <GBQualifier_name>note</GBQualifier_name>
          <GBQualifier_value>NADP+ binding site [chemical binding]</GBQualifier_value>
        </GBQualifier>
        <GBQualifier>
          <GBQualifier_name>db_xref</GBQualifier_name>
          <GBQualifier_value>CDD:238127</GBQualifier_value>
        </GBQualifier>
      </GBFeature_quals>
    </GBFeature>
    <GBFeature>
      <GBFeature_key>SecStr</GBFeature_key>
      <GBFeature_location>25..35</GBFeature_location>
      <GBFeature_intervals>
        <GBInterval>
          <GBInterval_from>25</GBInterval_from>
          <GBInterval_to>35</GBInterval_to>
          <GBInterval_accession>4QLG_A</GBInterval_accession>
        </GBInterval>
      </GBFeature_intervals>
      <GBFeature_quals>
        <GBQualifier>
          <GBQualifier_name>sec_str_type</GBQualifier_name>
          <GBQualifier_value>helix</GBQualifier_value>
        </GBQualifier>
        <GBQualifier>
          <GBQualifier_name>note</GBQualifier_name>
          <GBQualifier_value>helix 1</GBQualifier_value>
        </GBQualifier>
      </GBFeature_quals>
    </GBFeature>
    <GBFeature>
      <GBFeature_key>SecStr</GBFeature_key>
      <GBFeature_location>37..43</GBFeature_location>
      <GBFeature_intervals>
        <GBInterval>
          <GBInterval_from>37</GBInterval_from>
          <GBInterval_to>43</GBInterval_to>
          <GBInterval_accession>4QLG_A</GBInterval_accession>
        </GBInterval>
      </GBFeature_intervals>
      <GBFeature_quals>
        <GBQualifier>
          <GBQualifier_name>sec_str_type</GBQualifier_name>
          <GBQualifier_value>sheet</GBQualifier_value>
        </GBQualifier>
        <GBQualifier>
          <GBQualifier_name>note</GBQualifier_name>
          <GBQualifier_value>strand 2</GBQualifier_value>
        </GBQualifier>
      </GBFeature_quals>
    </GBFeature>
    <GBFeature>
      <GBFeature_key>SecStr</GBFeature_key>
      <GBFeature_location>44..51</GBFeature_location>
      <GBFeature_intervals>
        <GBInterval>
          <GBInterval_from>44</GBInterval_from>
          <GBInterval_to>51</GBInterval_to>
          <GBInterval_accession>4QLG_A</GBInterval_accession>
        </GBInterval>
      </GBFeature_intervals>
      <GBFeature_quals>
        <GBQualifier>
          <GBQualifier_name>sec_str_type</GBQualifier_name>
          <GBQualifier_value>helix</GBQualifier_value>
        </GBQualifier>
        <GBQualifier>
          <GBQualifier_name>note</GBQualifier_name>
          <GBQualifier_value>helix 2</GBQualifier_value>
        </GBQualifier>
      </GBFeature_quals>
    </GBFeature>
    <GBFeature>
      <GBFeature_key>SecStr</GBFeature_key>
      <GBFeature_location>56..63</GBFeature_location>
      <GBFeature_intervals>
        <GBInterval>
          <GBInterval_from>56</GBInterval_from>
          <GBInterval_to>63</GBInterval_to>
          <GBInterval_accession>4QLG_A</GBInterval_accession>
        </GBInterval>
      </GBFeature_intervals>
      <GBFeature_quals>
        <GBQualifier>
          <GBQualifier_name>sec_str_type</GBQualifier_name>
          <GBQualifier_value>sheet</GBQualifier_value>
        </GBQualifier>
        <GBQualifier>
          <GBQualifier_name>note</GBQualifier_name>
          <GBQualifier_value>strand 3</GBQualifier_value>
        </GBQualifier>
      </GBFeature_quals>
    </GBFeature>
    <GBFeature>
      <GBFeature_key>SecStr</GBFeature_key>
      <GBFeature_location>72..76</GBFeature_location>
      <GBFeature_intervals>
        <GBInterval>
          <GBInterval_from>72</GBInterval_from>
          <GBInterval_to>76</GBInterval_to>
          <GBInterval_accession>4QLG_A</GBInterval_accession>
        </GBInterval>
      </GBFeature_intervals>
      <GBFeature_quals>
        <GBQualifier>
          <GBQualifier_name>sec_str_type</GBQualifier_name>
          <GBQualifier_value>sheet</GBQualifier_value>
        </GBQualifier>
        <GBQualifier>
          <GBQualifier_name>note</GBQualifier_name>
          <GBQualifier_value>strand 4</GBQualifier_value>
        </GBQualifier>
      </GBFeature_quals>
    </GBFeature>
    <GBFeature>
      <GBFeature_key>SecStr</GBFeature_key>
      <GBFeature_location>77..85</GBFeature_location>
      <GBFeature_intervals>
        <GBInterval>
          <GBInterval_from>77</GBInterval_from>
          <GBInterval_to>85</GBInterval_to>
          <GBInterval_accession>4QLG_A</GBInterval_accession>
        </GBInterval>
      </GBFeature_intervals>
      <GBFeature_quals>
        <GBQualifier>
          <GBQualifier_name>sec_str_type</GBQualifier_name>
          <GBQualifier_value>helix</GBQualifier_value>
        </GBQualifier>
        <GBQualifier>
          <GBQualifier_name>note</GBQualifier_name>
          <GBQualifier_value>helix 3</GBQualifier_value>
        </GBQualifier>
      </GBFeature_quals>
    </GBFeature>
    <GBFeature>
      <GBFeature_key>SecStr</GBFeature_key>
      <GBFeature_location>90..94</GBFeature_location>
      <GBFeature_intervals>
        <GBInterval>
          <GBInterval_from>90</GBInterval_from>
          <GBInterval_to>94</GBInterval_to>
          <GBInterval_accession>4QLG_A</GBInterval_accession>
        </GBInterval>
      </GBFeature_intervals>
      <GBFeature_quals>
        <GBQualifier>
          <GBQualifier_name>sec_str_type</GBQualifier_name>
          <GBQualifier_value>sheet</GBQualifier_value>
        </GBQualifier>
        <GBQualifier>
          <GBQualifier_name>note</GBQualifier_name>
          <GBQualifier_value>strand 5</GBQualifier_value>
        </GBQualifier>
      </GBFeature_quals>
    </GBFeature>
    <GBFeature>
      <GBFeature_key>SecStr</GBFeature_key>
      <GBFeature_location>96..104</GBFeature_location>
      <GBFeature_intervals>
        <GBInterval>
          <GBInterval_from>96</GBInterval_from>
          <GBInterval_to>104</GBInterval_to>
          <GBInterval_accession>4QLG_A</GBInterval_accession>
        </GBInterval>
      </GBFeature_intervals>
      <GBFeature_quals>
        <GBQualifier>
          <GBQualifier_name>sec_str_type</GBQualifier_name>
          <GBQualifier_value>helix</GBQualifier_value>
        </GBQualifier>
        <GBQualifier>
          <GBQualifier_name>note</GBQualifier_name>
          <GBQualifier_value>helix 4</GBQualifier_value>
        </GBQualifier>
      </GBFeature_quals>
    </GBFeature>
    <GBFeature>
      <GBFeature_key>SecStr</GBFeature_key>
      <GBFeature_location>108..116</GBFeature_location>
      <GBFeature_intervals>
        <GBInterval>
          <GBInterval_from>108</GBInterval_from>
          <GBInterval_to>116</GBInterval_to>
          <GBInterval_accession>4QLG_A</GBInterval_accession>
        </GBInterval>
      </GBFeature_intervals>
      <GBFeature_quals>
        <GBQualifier>
          <GBQualifier_name>sec_str_type</GBQualifier_name>
          <GBQualifier_value>sheet</GBQualifier_value>
        </GBQualifier>
        <GBQualifier>
          <GBQualifier_name>note</GBQualifier_name>
          <GBQualifier_value>strand 6</GBQualifier_value>
        </GBQualifier>
      </GBFeature_quals>
    </GBFeature>
    <GBFeature>
      <GBFeature_key>SecStr</GBFeature_key>
      <GBFeature_location>132..136</GBFeature_location>
      <GBFeature_intervals>
        <GBInterval>
          <GBInterval_from>132</GBInterval_from>
          <GBInterval_to>136</GBInterval_to>
          <GBInterval_accession>4QLG_A</GBInterval_accession>
        </GBInterval>
      </GBFeature_intervals>
      <GBFeature_quals>
        <GBQualifier>
          <GBQualifier_name>sec_str_type</GBQualifier_name>
          <GBQualifier_value>sheet</GBQualifier_value>
        </GBQualifier>
        <GBQualifier>
          <GBQualifier_name>note</GBQualifier_name>
          <GBQualifier_value>strand 7</GBQualifier_value>
        </GBQualifier>
      </GBFeature_quals>
    </GBFeature>
    <GBFeature>
      <GBFeature_key>SecStr</GBFeature_key>
      <GBFeature_location>137..143</GBFeature_location>
      <GBFeature_intervals>
        <GBInterval>
          <GBInterval_from>137</GBInterval_from>
          <GBInterval_to>143</GBInterval_to>
          <GBInterval_accession>4QLG_A</GBInterval_accession>
        </GBInterval>
      </GBFeature_intervals>
      <GBFeature_quals>
        <GBQualifier>
          <GBQualifier_name>sec_str_type</GBQualifier_name>
          <GBQualifier_value>sheet</GBQualifier_value>
        </GBQualifier>
        <GBQualifier>
          <GBQualifier_name>note</GBQualifier_name>
          <GBQualifier_value>strand 8</GBQualifier_value>
        </GBQualifier>
      </GBFeature_quals>
    </GBFeature>
    <GBFeature>
      <GBFeature_key>SecStr</GBFeature_key>
      <GBFeature_location>149..159</GBFeature_location>
      <GBFeature_intervals>
        <GBInterval>
          <GBInterval_from>149</GBInterval_from>
          <GBInterval_to>159</GBInterval_to>
          <GBInterval_accession>4QLG_A</GBInterval_accession>
        </GBInterval>
      </GBFeature_intervals>
      <GBFeature_quals>
        <GBQualifier>
          <GBQualifier_name>sec_str_type</GBQualifier_name>
          <GBQualifier_value>sheet</GBQualifier_value>
        </GBQualifier>
        <GBQualifier>
          <GBQualifier_name>note</GBQualifier_name>
          <GBQualifier_value>strand 9</GBQualifier_value>
        </GBQualifier>
      </GBFeature_quals>
    </GBFeature>
  </GBSeq_feature-table>
  <GBSeq_sequence>misliaalavdrvvgmenampwnlpadlawfkrntlnkpvimgrhtwesigrplpgrkniilssqpgtddrvtwvksvdeaiaacgdvpeimvigggrvyeqflpkaqklylthidaevegdthfpdyepddwesvfsefhdadaqnshsycfeilerr</GBSeq_sequence>
</GBSeq>

