<?xml version="1.0" ?>
<!DOCTYPE GBSet PUBLIC "-//NCBI//NCBI GBSeq/EN" "https://www.ncbi.nlm.nih.gov/dtd/NCBI_GBSeq.dtd">
<GBSet>
<GBSeq>
  <GBSeq_locus>ACI99383</GBSeq_locus>
  <GBSeq_length>190</GBSeq_length>
  <GBSeq_moltype>AA</GBSeq_moltype>
  <GBSeq_topology>linear</GBSeq_topology>
  <GBSeq_division>BCT</GBSeq_division>
  <GBSeq_update-date>31-JAN-2014</GBSeq_update-date>
  <GBSeq_create-date>24-OCT-2008</GBSeq_create-date>
  <GBSeq_definition>dihydrofolate reductase [Rhodospirillum centenum SW]</GBSeq_definition>
  <GBSeq_primary-accession>ACI99383</GBSeq_primary-accession>
  <GBSeq_accession-version>ACI99383.1</GBSeq_accession-version>
  <GBSeq_other-seqids>
    <GBSeqid>gb|ACI99383.1|</GBSeqid>
    <GBSeqid>gnl|tgen|RC1_1989</GBSeqid>
    <GBSeqid>gi|209958747</GBSeqid>
  </GBSeq_other-seqids>
  <GBSeq_project>PRJNA18307</GBSeq_project>
  <GBSeq_source>Rhodospirillum centenum SW (Rhodocista centenaria SW)</GBSeq_source>
  <GBSeq_organism>Rhodospirillum centenum SW</GBSeq_organism>
  <GBSeq_taxonomy>Bacteria; Proteobacteria; Alphaproteobacteria; Rhodospirillales; Rhodospirillaceae; Rhodospirillum</GBSeq_taxonomy>
  <GBSeq_references>
    <GBReference>
      <GBReference_reference>1</GBReference_reference>
      <GBReference_position>1..190</GBReference_position>
      <GBReference_authors>
        <GBAuthor>Lu,Y.K.</GBAuthor>
        <GBAuthor>Marden,J.</GBAuthor>
        <GBAuthor>Han,M.</GBAuthor>
        <GBAuthor>Swingley,W.D.</GBAuthor>
        <GBAuthor>Mastrian,S.D.</GBAuthor>
        <GBAuthor>Chowdhury,S.R.</GBAuthor>
        <GBAuthor>Hao,J.</GBAuthor>
        <GBAuthor>Helmy,T.</GBAuthor>
        <GBAuthor>Kim,S.</GBAuthor>
        <GBAuthor>Kurdoglu,A.A.</GBAuthor>
        <GBAuthor>Matthies,H.J.</GBAuthor>
        <GBAuthor>Rollo,D.</GBAuthor>
        <GBAuthor>Stothard,P.</GBAuthor>
        <GBAuthor>Blankenship,R.E.</GBAuthor>
        <GBAuthor>Bauer,C.E.</GBAuthor>
        <GBAuthor>Touchman,J.W.</GBAuthor>
      </GBReference_authors>
      <GBReference_title>Metabolic flexibility revealed in the genome of the cyst-forming alpha-1 proteobacterium Rhodospirillum centenum</GBReference_title>
      <GBReference_journal>BMC Genomics 11, 325 (2010)</GBReference_journal>
      <GBReference_xref>
        <GBXref>
          <GBXref_dbname>doi</GBXref_dbname>
          <GBXref_id>10.1186/1471-2164-11-325</GBXref_id>
        </GBXref>
      </GBReference_xref>
      <GBReference_pubmed>20500872</GBReference_pubmed>
      <GBReference_remark>Publication Status: Online-Only</GBReference_remark>
    </GBReference>
    <GBReference>
      <GBReference_reference>2</GBReference_reference>
      <GBReference_position>1..190</GBReference_position>
      <GBReference_authors>
        <GBAuthor>Touchman,J.W.</GBAuthor>
      </GBReference_authors>
      <GBReference_title>Direct Submission</GBReference_title>
      <GBReference_journal>Submitted (05-MAR-2007) Pathogen Genomics, Translational Genomics Research Institute, 445 N. Fifth Street, Phoenix, AZ 85004, USA</GBReference_journal>
    </GBReference>
    <GBReference>
      <GBReference_reference>3</GBReference_reference>
      <GBReference_position>1..190</GBReference_position>
      <GBReference_authors>
        <GBAuthor>Touchman,J.W.</GBAuthor>
      </GBReference_authors>
      <GBReference_title>Direct Submission</GBReference_title>
      <GBReference_journal>Submitted (17-FEB-2010) Pathogen Genomics, Translational Genomics Research Institute, 445 N. Fifth Street, Phoenix, AZ 85004, USA</GBReference_journal>
      <GBReference_remark>Sequence update by submitter</GBReference_remark>
    </GBReference>
  </GBSeq_references>
  <GBSeq_comment>Method: conceptual translation.</GBSeq_comment>
  <GBSeq_source-db>accession CP000613.2</GBSeq_source-db>
  <GBSeq_feature-table>
    <GBFeature>
      <GBFeature_key>source</GBFeature_key>
      <GBFeature_location>1..190</GBFeature_location>
      <GBFeature_intervals>
        <GBInterval>
          <GBInterval_from>1</GBInterval_from>
          <GBInterval_to>190</GBInterval_to>
          <GBInterval_accession>ACI99383.1</GBInterval_accession>
        </GBInterval>
      </GBFeature_intervals>
      <GBFeature_quals>
        <GBQualifier>
          <GBQualifier_name>organism</GBQualifier_name>
          <GBQualifier_value>Rhodospirillum centenum SW</GBQualifier_value>
        </GBQualifier>
        <GBQualifier>
          <GBQualifier_name>strain</GBQualifier_name>
          <GBQualifier_value>SW; ATCC 51521</GBQualifier_value>
        </GBQualifier>
        <GBQualifier>
          <GBQualifier_name>culture_collection</GBQualifier_name>
          <GBQualifier_value>ATCC:51521</GBQualifier_value>
        </GBQualifier>
        <GBQualifier>
          <GBQualifier_name>db_xref</GBQualifier_name>
          <GBQualifier_value>taxon:414684</GBQualifier_value>
        </GBQualifier>
      </GBFeature_quals>
    </GBFeature>
    <GBFeature>
      <GBFeature_key>Protein</GBFeature_key>
      <GBFeature_location>1..190</GBFeature_location>
      <GBFeature_intervals>
        <GBInterval>
          <GBInterval_from>1</GBInterval_from>
          <GBInterval_to>190</GBInterval_to>
          <GBInterval_accession>ACI99383.1</GBInterval_accession>
        </GBInterval>
      </GBFeature_intervals>
      <GBFeature_quals>
        <GBQualifier>
          <GBQualifier_name>product</GBQualifier_name>
          <GBQualifier_value>dihydrofolate reductase</GBQualifier_value>
        </GBQualifier>
        <GBQualifier>
          <GBQualifier_name>EC_number</GBQualifier_name>
          <GBQualifier_value>1.5.1.3</GBQualifier_value>
        </GBQualifier>
        <GBQualifier>
          <GBQualifier_name>calculated_mol_wt</GBQualifier_name>
          <GBQualifier_value>20128</GBQualifier_value>
        </GBQualifier>
      </GBFeature_quals>
    </GBFeature>
    <GBFeature>
      <GBFeature_key>Region</GBFeature_key>
      <GBFeature_location>23..188</GBFeature_location>
      <GBFeature_intervals>
        <GBInterval>
          <GBInterval_from>23</GBInterval_from>
          <GBInterval_to>188</GBInterval_to>
          <GBInterval_accession>ACI99383.1</GBInterval_accession>
        </GBInterval>
      </GBFeature_intervals>
      <GBFeature_quals>
        <GBQualifier>
          <GBQualifier_name>region_name</GBQualifier_name>
          <GBQualifier_value>DHFR_1</GBQualifier_value>
        </GBQualifier>
        <GBQualifier>
          <GBQualifier_name>note</GBQualifier_name>
          <GBQualifier_value>Dihydrofolate reductase; pfam00186</GBQualifier_value>
        </GBQualifier>
        <GBQualifier>
          <GBQualifier_name>db_xref</GBQualifier_name>
          <GBQualifier_value>CDD:278610</GBQualifier_value>
        </GBQualifier>
      </GBFeature_quals>
    </GBFeature>
    <GBFeature>
      <GBFeature_key>Site</GBFeature_key>
      <GBFeature_location>order(27,44,49,80,124,130,143)</GBFeature_location>
      <GBFeature_intervals>
        <GBInterval>
          <GBInterval_point>27</GBInterval_point>
          <GBInterval_accession>ACI99383.1</GBInterval_accession>
        </GBInterval>
        <GBInterval>
          <GBInterval_point>44</GBInterval_point>
          <GBInterval_accession>ACI99383.1</GBInterval_accession>
        </GBInterval>
        <GBInterval>
          <GBInterval_point>49</GBInterval_point>
          <GBInterval_accession>ACI99383.1</GBInterval_accession>
        </GBInterval>
        <GBInterval>
          <GBInterval_point>80</GBInterval_point>
          <GBInterval_accession>ACI99383.1</GBInterval_accession>
        </GBInterval>
        <GBInterval>
          <GBInterval_point>124</GBInterval_point>
          <GBInterval_accession>ACI99383.1</GBInterval_accession>
        </GBInterval>
        <GBInterval>
          <GBInterval_point>130</GBInterval_point>
          <GBInterval_accession>ACI99383.1</GBInterval_accession>
        </GBInterval>
        <GBInterval>
          <GBInterval_point>143</GBInterval_point>
          <GBInterval_accession>ACI99383.1</GBInterval_accession>
        </GBInterval>
      </GBFeature_intervals>
      <GBFeature_operator>order</GBFeature_operator>
      <GBFeature_quals>
        <GBQualifier>
          <GBQualifier_name>site_type</GBQualifier_name>
          <GBQualifier_value>other</GBQualifier_value>
        </GBQualifier>
        <GBQualifier>
          <GBQualifier_name>note</GBQualifier_name>
          <GBQualifier_value>folate binding site [chemical binding]</GBQualifier_value>
        </GBQualifier>
        <GBQualifier>
          <GBQualifier_name>db_xref</GBQualifier_name>
          <GBQualifier_value>CDD:238127</GBQualifier_value>
        </GBQualifier>
      </GBFeature_quals>
    </GBFeature>
    <GBFeature>
      <GBFeature_key>Site</GBFeature_key>
      <GBFeature_location>order(29,36,66..68,87,125..128)</GBFeature_location>
      <GBFeature_intervals>
        <GBInterval>
          <GBInterval_point>29</GBInterval_point>
          <GBInterval_accession>ACI99383.1</GBInterval_accession>
        </GBInterval>
        <GBInterval>
          <GBInterval_point>36</GBInterval_point>
          <GBInterval_accession>ACI99383.1</GBInterval_accession>
        </GBInterval>
        <GBInterval>
          <GBInterval_from>66</GBInterval_from>
          <GBInterval_to>68</GBInterval_to>
          <GBInterval_accession>ACI99383.1</GBInterval_accession>
        </GBInterval>
        <GBInterval>
          <GBInterval_point>87</GBInterval_point>
          <GBInterval_accession>ACI99383.1</GBInterval_accession>
        </GBInterval>
        <GBInterval>
          <GBInterval_from>125</GBInterval_from>
          <GBInterval_to>128</GBInterval_to>
          <GBInterval_accession>ACI99383.1</GBInterval_accession>
        </GBInterval>
      </GBFeature_intervals>
      <GBFeature_operator>order</GBFeature_operator>
      <GBFeature_quals>
        <GBQualifier>
          <GBQualifier_name>site_type</GBQualifier_name>
          <GBQualifier_value>other</GBQualifier_value>
        </GBQualifier>
        <GBQualifier>
          <GBQualifier_name>note</GBQualifier_name>
          <GBQualifier_value>NADP+ binding site [chemical binding]</GBQualifier_value>
        </GBQualifier>
        <GBQualifier>
          <GBQualifier_name>db_xref</GBQualifier_name>
          <GBQualifier_value>CDD:238127</GBQualifier_value>
        </GBQualifier>
      </GBFeature_quals>
    </GBFeature>
    <GBFeature>
      <GBFeature_key>CDS</GBFeature_key>
      <GBFeature_location>1..190</GBFeature_location>
      <GBFeature_intervals>
        <GBInterval>
          <GBInterval_from>1</GBInterval_from>
          <GBInterval_to>190</GBInterval_to>
          <GBInterval_accession>ACI99383.1</GBInterval_accession>
        </GBInterval>
      </GBFeature_intervals>
      <GBFeature_quals>
        <GBQualifier>
          <GBQualifier_name>gene</GBQualifier_name>
          <GBQualifier_value>folA</GBQualifier_value>
        </GBQualifier>
        <GBQualifier>
          <GBQualifier_name>locus_tag</GBQualifier_name>
          <GBQualifier_value>RC1_1989</GBQualifier_value>
        </GBQualifier>
        <GBQualifier>
          <GBQualifier_name>coded_by</GBQualifier_name>
          <GBQualifier_value>complement(CP000613.2:2046974..2047546)</GBQualifier_value>
        </GBQualifier>
        <GBQualifier>
          <GBQualifier_name>transl_table</GBQualifier_name>
          <GBQualifier_value>11</GBQualifier_value>
        </GBQualifier>
      </GBFeature_quals>
    </GBFeature>
  </GBSeq_feature-table>
  <GBSeq_sequence>msgagvecasgarsgsapletprlvlvaavarngvigrgntlpwrlpgdlrffkrttmgkpvvmgrrtwesigakplpgrcnivltrdtgfapegaivchgflgaiaearsvaartgapevcviggeslfaealrmadrlyltevlaepagdvlfppfdrgawmqteleradaagpdspayrilrldrkr</GBSeq_sequence>
  <GBSeq_xrefs>
    <GBXref>
      <GBXref_dbname>BioProject</GBXref_dbname>
      <GBXref_id>PRJNA18307</GBXref_id>
    </GBXref>
    <GBXref>
      <GBXref_dbname>BioSample</GBXref_dbname>
      <GBXref_id>SAMN02603908</GBXref_id>
    </GBXref>
  </GBSeq_xrefs>
</GBSeq>

</GBSet>

