<?xml version="1.0" ?>
<!DOCTYPE GBSet PUBLIC "-//NCBI//NCBI GBSeq/EN" "https://www.ncbi.nlm.nih.gov/dtd/NCBI_GBSeq.dtd">
<GBSet>
<GBSeq>
  <GBSeq_locus>AEH59663</GBSeq_locus>
  <GBSeq_length>195</GBSeq_length>
  <GBSeq_moltype>AA</GBSeq_moltype>
  <GBSeq_topology>linear</GBSeq_topology>
  <GBSeq_division>BCT</GBSeq_division>
  <GBSeq_update-date>31-OCT-2012</GBSeq_update-date>
  <GBSeq_create-date>31-OCT-2012</GBSeq_create-date>
  <GBSeq_definition>DHFR superfamily protein [Proteus sp. IICAZ2]</GBSeq_definition>
  <GBSeq_primary-accession>AEH59663</GBSeq_primary-accession>
  <GBSeq_accession-version>AEH59663.1</GBSeq_accession-version>
  <GBSeq_other-seqids>
    <GBSeqid>gb|AEH59663.1|</GBSeqid>
    <GBSeqid>gi|335892904</GBSeqid>
  </GBSeq_other-seqids>
  <GBSeq_source>Proteus sp. IICAZ2</GBSeq_source>
  <GBSeq_organism>Proteus sp. IICAZ2</GBSeq_organism>
  <GBSeq_taxonomy>Bacteria; Proteobacteria; Gammaproteobacteria; Enterobacteriales; Enterobacteriaceae; Proteus</GBSeq_taxonomy>
  <GBSeq_references>
    <GBReference>
      <GBReference_reference>1</GBReference_reference>
      <GBReference_position>1..195</GBReference_position>
      <GBReference_authors>
        <GBAuthor>Xia,R.</GBAuthor>
        <GBAuthor>Guo,X.</GBAuthor>
        <GBAuthor>Xu,H.</GBAuthor>
      </GBReference_authors>
      <GBReference_title>The ISCR1 element genetic structures with three novel DHFR superfamily and IS630 inserted between the ISCR1 and blaPER-1 in aquatic environment isolates in Shandong, China</GBReference_title>
      <GBReference_journal>Unpublished</GBReference_journal>
    </GBReference>
    <GBReference>
      <GBReference_reference>2</GBReference_reference>
      <GBReference_position>1..195</GBReference_position>
      <GBReference_authors>
        <GBAuthor>Xia,R.</GBAuthor>
        <GBAuthor>Guo,X.</GBAuthor>
        <GBAuthor>Xu,H.</GBAuthor>
      </GBReference_authors>
      <GBReference_title>Direct Submission</GBReference_title>
      <GBReference_journal>Submitted (06-OCT-2010) State Key Laboratory of Microbial Technology, Shandong University, No.27 Shanda South Road, Jinan, Shandong 250100, China</GBReference_journal>
    </GBReference>
  </GBSeq_references>
  <GBSeq_comment>Method: conceptual translation supplied by author.</GBSeq_comment>
  <GBSeq_source-db>accession HQ386844.1</GBSeq_source-db>
  <GBSeq_feature-table>
    <GBFeature>
      <GBFeature_key>source</GBFeature_key>
      <GBFeature_location>1..195</GBFeature_location>
      <GBFeature_intervals>
        <GBInterval>
          <GBInterval_from>1</GBInterval_from>
          <GBInterval_to>195</GBInterval_to>
          <GBInterval_accession>AEH59663.1</GBInterval_accession>
        </GBInterval>
      </GBFeature_intervals>
      <GBFeature_quals>
        <GBQualifier>
          <GBQualifier_name>organism</GBQualifier_name>
          <GBQualifier_value>Proteus sp. IICAZ2</GBQualifier_value>
        </GBQualifier>
        <GBQualifier>
          <GBQualifier_name>strain</GBQualifier_name>
          <GBQualifier_value>LTe9</GBQualifier_value>
        </GBQualifier>
        <GBQualifier>
          <GBQualifier_name>db_xref</GBQualifier_name>
          <GBQualifier_value>taxon:1009029</GBQualifier_value>
        </GBQualifier>
      </GBFeature_quals>
    </GBFeature>
    <GBFeature>
      <GBFeature_key>Protein</GBFeature_key>
      <GBFeature_location>1..195</GBFeature_location>
      <GBFeature_intervals>
        <GBInterval>
          <GBInterval_from>1</GBInterval_from>
          <GBInterval_to>195</GBInterval_to>
          <GBInterval_accession>AEH59663.1</GBInterval_accession>
        </GBInterval>
      </GBFeature_intervals>
      <GBFeature_quals>
        <GBQualifier>
          <GBQualifier_name>product</GBQualifier_name>
          <GBQualifier_value>DHFR superfamily protein</GBQualifier_value>
        </GBQualifier>
        <GBQualifier>
          <GBQualifier_name>name</GBQualifier_name>
          <GBQualifier_value>confers resistance to trimethoprim</GBQualifier_value>
        </GBQualifier>
        <GBQualifier>
          <GBQualifier_name>calculated_mol_wt</GBQualifier_name>
          <GBQualifier_value>22042</GBQualifier_value>
        </GBQualifier>
      </GBFeature_quals>
    </GBFeature>
    <GBFeature>
      <GBFeature_key>CDS</GBFeature_key>
      <GBFeature_location>1..195</GBFeature_location>
      <GBFeature_intervals>
        <GBInterval>
          <GBInterval_from>1</GBInterval_from>
          <GBInterval_to>195</GBInterval_to>
          <GBInterval_accession>AEH59663.1</GBInterval_accession>
        </GBInterval>
      </GBFeature_intervals>
      <GBFeature_quals>
        <GBQualifier>
          <GBQualifier_name>gene</GBQualifier_name>
          <GBQualifier_value>dhfr</GBQualifier_value>
        </GBQualifier>
        <GBQualifier>
          <GBQualifier_name>coded_by</GBQualifier_name>
          <GBQualifier_value>complement(HQ386844.1:409..996)</GBQualifier_value>
        </GBQualifier>
        <GBQualifier>
          <GBQualifier_name>transl_table</GBQualifier_name>
          <GBQualifier_value>11</GBQualifier_value>
        </GBQualifier>
      </GBFeature_quals>
    </GBFeature>
  </GBSeq_feature-table>
  <GBSeq_sequence>mhmkmniivamheasrgigingelpwripedmahfarvtqksvvimgrktwysippkfrplknrlnivlsrdpetrasivsntpgcmafaslelclqylrqlhpstivfaiggsslykeilamqmlceriymtlvsggpkthsfdtffpeidetvyskricggsgehddwkykfviyerptsesvqsietisqgh</GBSeq_sequence>
</GBSeq>

</GBSet>

