<?xml version="1.0" ?>
<!DOCTYPE GBSet PUBLIC "-//NCBI//NCBI GBSeq/EN" "https://www.ncbi.nlm.nih.gov/dtd/NCBI_GBSeq.dtd">
<GBSet>
<GBSeq>
  <GBSeq_locus>AEJ53846</GBSeq_locus>
  <GBSeq_length>181</GBSeq_length>
  <GBSeq_moltype>AA</GBSeq_moltype>
  <GBSeq_topology>linear</GBSeq_topology>
  <GBSeq_division>BCT</GBSeq_division>
  <GBSeq_update-date>30-JAN-2014</GBSeq_update-date>
  <GBSeq_create-date>05-JUL-2011</GBSeq_create-date>
  <GBSeq_definition>dihydrofolate reductase [Streptococcus salivarius 57.I]</GBSeq_definition>
  <GBSeq_primary-accession>AEJ53846</GBSeq_primary-accession>
  <GBSeq_accession-version>AEJ53846.1</GBSeq_accession-version>
  <GBSeq_other-seqids>
    <GBSeqid>gnl|DMICGU|Ssal_01581</GBSeqid>
    <GBSeqid>gb|AEJ53846.1|</GBSeqid>
    <GBSeqid>gi|339292499</GBSeqid>
  </GBSeq_other-seqids>
  <GBSeq_project>PRJNA68129</GBSeq_project>
  <GBSeq_source>Streptococcus salivarius 57.I</GBSeq_source>
  <GBSeq_organism>Streptococcus salivarius 57.I</GBSeq_organism>
  <GBSeq_taxonomy>Bacteria; Firmicutes; Bacilli; Lactobacillales; Streptococcaceae; Streptococcus</GBSeq_taxonomy>
  <GBSeq_references>
    <GBReference>
      <GBReference_reference>1</GBReference_reference>
      <GBReference_position>1..181</GBReference_position>
      <GBReference_authors>
        <GBAuthor>Geng,J.</GBAuthor>
        <GBAuthor>Huang,S.C.</GBAuthor>
        <GBAuthor>Li,S.</GBAuthor>
        <GBAuthor>Hu,S.</GBAuthor>
        <GBAuthor>Chen,Y.Y.</GBAuthor>
      </GBReference_authors>
      <GBReference_title>Complete Genome Sequence of the Ureolytic Streptococcus salivarius Strain 57.I</GBReference_title>
      <GBReference_journal>J. Bacteriol. 193 (19), 5596-5597 (2011)</GBReference_journal>
      <GBReference_xref>
        <GBXref>
          <GBXref_dbname>doi</GBXref_dbname>
          <GBXref_id>10.1128/JB.05670-11</GBXref_id>
        </GBXref>
      </GBReference_xref>
      <GBReference_pubmed>21914897</GBReference_pubmed>
    </GBReference>
    <GBReference>
      <GBReference_reference>2</GBReference_reference>
      <GBReference_position>1..181</GBReference_position>
      <GBReference_authors>
        <GBAuthor>Geng,J.</GBAuthor>
        <GBAuthor>Huang,S.-C.</GBAuthor>
        <GBAuthor>Li,S.</GBAuthor>
        <GBAuthor>Hu,S.</GBAuthor>
        <GBAuthor>Chen,Y.-Y.M.</GBAuthor>
      </GBReference_authors>
      <GBReference_title>Direct Submission</GBReference_title>
      <GBReference_journal>Submitted (29-JUN-2011) Dept. of Microbiology and Immunology and Research Center for Pathogenic Bacteria, Chang Gung University, 259 Wen-Hwa 1st Road, Kwei-Shan, Tao-Yuan 333, Taiwan</GBReference_journal>
    </GBReference>
  </GBSeq_references>
  <GBSeq_comment>The cellular DNA of S. salivarius strain 57.I is available upon request (Y. M. Chen, mchen@mail.cgu.edu.tw); Method: conceptual translation.</GBSeq_comment>
  <GBSeq_source-db>accession CP002888.1</GBSeq_source-db>
  <GBSeq_feature-table>
    <GBFeature>
      <GBFeature_key>source</GBFeature_key>
      <GBFeature_location>1..181</GBFeature_location>
      <GBFeature_intervals>
        <GBInterval>
          <GBInterval_from>1</GBInterval_from>
          <GBInterval_to>181</GBInterval_to>
          <GBInterval_accession>AEJ53846.1</GBInterval_accession>
        </GBInterval>
      </GBFeature_intervals>
      <GBFeature_quals>
        <GBQualifier>
          <GBQualifier_name>organism</GBQualifier_name>
          <GBQualifier_value>Streptococcus salivarius 57.I</GBQualifier_value>
        </GBQualifier>
        <GBQualifier>
          <GBQualifier_name>strain</GBQualifier_name>
          <GBQualifier_value>57.I</GBQualifier_value>
        </GBQualifier>
        <GBQualifier>
          <GBQualifier_name>db_xref</GBQualifier_name>
          <GBQualifier_value>taxon:1046629</GBQualifier_value>
        </GBQualifier>
      </GBFeature_quals>
    </GBFeature>
    <GBFeature>
      <GBFeature_key>Protein</GBFeature_key>
      <GBFeature_location>1..181</GBFeature_location>
      <GBFeature_intervals>
        <GBInterval>
          <GBInterval_from>1</GBInterval_from>
          <GBInterval_to>181</GBInterval_to>
          <GBInterval_accession>AEJ53846.1</GBInterval_accession>
        </GBInterval>
      </GBFeature_intervals>
      <GBFeature_quals>
        <GBQualifier>
          <GBQualifier_name>product</GBQualifier_name>
          <GBQualifier_value>dihydrofolate reductase</GBQualifier_value>
        </GBQualifier>
        <GBQualifier>
          <GBQualifier_name>calculated_mol_wt</GBQualifier_name>
          <GBQualifier_value>20489</GBQualifier_value>
        </GBQualifier>
      </GBFeature_quals>
    </GBFeature>
    <GBFeature>
      <GBFeature_key>Region</GBFeature_key>
      <GBFeature_location>19..178</GBFeature_location>
      <GBFeature_intervals>
        <GBInterval>
          <GBInterval_from>19</GBInterval_from>
          <GBInterval_to>178</GBInterval_to>
          <GBInterval_accession>AEJ53846.1</GBInterval_accession>
        </GBInterval>
      </GBFeature_intervals>
      <GBFeature_quals>
        <GBQualifier>
          <GBQualifier_name>region_name</GBQualifier_name>
          <GBQualifier_value>DHFR_1</GBQualifier_value>
        </GBQualifier>
        <GBQualifier>
          <GBQualifier_name>note</GBQualifier_name>
          <GBQualifier_value>Dihydrofolate reductase; pfam00186</GBQualifier_value>
        </GBQualifier>
        <GBQualifier>
          <GBQualifier_name>db_xref</GBQualifier_name>
          <GBQualifier_value>CDD:278610</GBQualifier_value>
        </GBQualifier>
      </GBFeature_quals>
    </GBFeature>
    <GBFeature>
      <GBFeature_key>Site</GBFeature_key>
      <GBFeature_location>order(22,39,44,75,114,120,133)</GBFeature_location>
      <GBFeature_intervals>
        <GBInterval>
          <GBInterval_point>22</GBInterval_point>
          <GBInterval_accession>AEJ53846.1</GBInterval_accession>
        </GBInterval>
        <GBInterval>
          <GBInterval_point>39</GBInterval_point>
          <GBInterval_accession>AEJ53846.1</GBInterval_accession>
        </GBInterval>
        <GBInterval>
          <GBInterval_point>44</GBInterval_point>
          <GBInterval_accession>AEJ53846.1</GBInterval_accession>
        </GBInterval>
        <GBInterval>
          <GBInterval_point>75</GBInterval_point>
          <GBInterval_accession>AEJ53846.1</GBInterval_accession>
        </GBInterval>
        <GBInterval>
          <GBInterval_point>114</GBInterval_point>
          <GBInterval_accession>AEJ53846.1</GBInterval_accession>
        </GBInterval>
        <GBInterval>
          <GBInterval_point>120</GBInterval_point>
          <GBInterval_accession>AEJ53846.1</GBInterval_accession>
        </GBInterval>
        <GBInterval>
          <GBInterval_point>133</GBInterval_point>
          <GBInterval_accession>AEJ53846.1</GBInterval_accession>
        </GBInterval>
      </GBFeature_intervals>
      <GBFeature_operator>order</GBFeature_operator>
      <GBFeature_quals>
        <GBQualifier>
          <GBQualifier_name>site_type</GBQualifier_name>
          <GBQualifier_value>other</GBQualifier_value>
        </GBQualifier>
        <GBQualifier>
          <GBQualifier_name>note</GBQualifier_name>
          <GBQualifier_value>folate binding site [chemical binding]</GBQualifier_value>
        </GBQualifier>
        <GBQualifier>
          <GBQualifier_name>db_xref</GBQualifier_name>
          <GBQualifier_value>CDD:238127</GBQualifier_value>
        </GBQualifier>
      </GBFeature_quals>
    </GBFeature>
    <GBFeature>
      <GBFeature_key>Site</GBFeature_key>
      <GBFeature_location>order(24,31,61..63,82,115..118)</GBFeature_location>
      <GBFeature_intervals>
        <GBInterval>
          <GBInterval_point>24</GBInterval_point>
          <GBInterval_accession>AEJ53846.1</GBInterval_accession>
        </GBInterval>
        <GBInterval>
          <GBInterval_point>31</GBInterval_point>
          <GBInterval_accession>AEJ53846.1</GBInterval_accession>
        </GBInterval>
        <GBInterval>
          <GBInterval_from>61</GBInterval_from>
          <GBInterval_to>63</GBInterval_to>
          <GBInterval_accession>AEJ53846.1</GBInterval_accession>
        </GBInterval>
        <GBInterval>
          <GBInterval_point>82</GBInterval_point>
          <GBInterval_accession>AEJ53846.1</GBInterval_accession>
        </GBInterval>
        <GBInterval>
          <GBInterval_from>115</GBInterval_from>
          <GBInterval_to>118</GBInterval_to>
          <GBInterval_accession>AEJ53846.1</GBInterval_accession>
        </GBInterval>
      </GBFeature_intervals>
      <GBFeature_operator>order</GBFeature_operator>
      <GBFeature_quals>
        <GBQualifier>
          <GBQualifier_name>site_type</GBQualifier_name>
          <GBQualifier_value>other</GBQualifier_value>
        </GBQualifier>
        <GBQualifier>
          <GBQualifier_name>note</GBQualifier_name>
          <GBQualifier_value>NADP+ binding site [chemical binding]</GBQualifier_value>
        </GBQualifier>
        <GBQualifier>
          <GBQualifier_name>db_xref</GBQualifier_name>
          <GBQualifier_value>CDD:238127</GBQualifier_value>
        </GBQualifier>
      </GBFeature_quals>
    </GBFeature>
    <GBFeature>
      <GBFeature_key>CDS</GBFeature_key>
      <GBFeature_location>1..181</GBFeature_location>
      <GBFeature_intervals>
        <GBInterval>
          <GBInterval_from>1</GBInterval_from>
          <GBInterval_to>181</GBInterval_to>
          <GBInterval_accession>AEJ53846.1</GBInterval_accession>
        </GBInterval>
      </GBFeature_intervals>
      <GBFeature_quals>
        <GBQualifier>
          <GBQualifier_name>gene</GBQualifier_name>
          <GBQualifier_value>folA</GBQualifier_value>
        </GBQualifier>
        <GBQualifier>
          <GBQualifier_name>locus_tag</GBQualifier_name>
          <GBQualifier_value>Ssal_01581</GBQualifier_value>
        </GBQualifier>
        <GBQualifier>
          <GBQualifier_name>coded_by</GBQualifier_name>
          <GBQualifier_value>complement(CP002888.1:1552167..1552712)</GBQualifier_value>
        </GBQualifier>
        <GBQualifier>
          <GBQualifier_name>transl_table</GBQualifier_name>
          <GBQualifier_value>11</GBQualifier_value>
        </GBQualifier>
      </GBFeature_quals>
    </GBFeature>
  </GBSeq_feature-table>
  <GBSeq_sequence>mlewivnlkrkgntlskqliaiwaearnhvigknhtmpwhlpaelahfkkttmgsailmgrvtfdgmnrrclpgretliltrdedfdcegvttvtsveealawfeqqdkdlyiaggagvykafdghydalikttieadlegdtyfpqldmtafkevshervakddknaydfiisryekegd</GBSeq_sequence>
  <GBSeq_xrefs>
    <GBXref>
      <GBXref_dbname>BioProject</GBXref_dbname>
      <GBXref_id>PRJNA68129</GBXref_id>
    </GBXref>
    <GBXref>
      <GBXref_dbname>BioSample</GBXref_dbname>
      <GBXref_id>SAMN02603111</GBXref_id>
    </GBXref>
  </GBSeq_xrefs>
</GBSeq>

</GBSet>

