<?xml version="1.0" ?>
<!DOCTYPE GBSet PUBLIC "-//NCBI//NCBI GBSeq/EN" "https://www.ncbi.nlm.nih.gov/dtd/NCBI_GBSeq.dtd">
<GBSet>
<GBSeq>
  <GBSeq_locus>AHC74111</GBSeq_locus>
  <GBSeq_length>165</GBSeq_length>
  <GBSeq_moltype>AA</GBSeq_moltype>
  <GBSeq_topology>linear</GBSeq_topology>
  <GBSeq_division>BCT</GBSeq_division>
  <GBSeq_update-date>08-APR-2014</GBSeq_update-date>
  <GBSeq_create-date>23-DEC-2013</GBSeq_create-date>
  <GBSeq_definition>dihydrofolate reductase [Streptococcus pyogenes]</GBSeq_definition>
  <GBSeq_primary-accession>AHC74111</GBSeq_primary-accession>
  <GBSeq_accession-version>AHC74111.1</GBSeq_accession-version>
  <GBSeq_other-seqids>
    <GBSeqid>gb|AHC74111.1|</GBSeqid>
    <GBSeqid>gi|567322275</GBSeqid>
  </GBSeq_other-seqids>
  <GBSeq_source>Streptococcus pyogenes</GBSeq_source>
  <GBSeq_organism>Streptococcus pyogenes</GBSeq_organism>
  <GBSeq_taxonomy>Bacteria; Firmicutes; Bacilli; Lactobacillales; Streptococcaceae; Streptococcus</GBSeq_taxonomy>
  <GBSeq_references>
    <GBReference>
      <GBReference_reference>1</GBReference_reference>
      <GBReference_position>1..165</GBReference_position>
      <GBReference_authors>
        <GBAuthor>Bergmann,R.</GBAuthor>
        <GBAuthor>van der Linden,M.</GBAuthor>
        <GBAuthor>Chhatwal,G.S.</GBAuthor>
        <GBAuthor>Nitsche-Schmitz,D.P.</GBAuthor>
      </GBReference_authors>
      <GBReference_title>Factors That Cause Trimethoprim Resistance in Streptococcus pyogenes</GBReference_title>
      <GBReference_journal>Antimicrob. Agents Chemother. 58 (4), 2281-2288 (2014)</GBReference_journal>
      <GBReference_xref>
        <GBXref>
          <GBXref_dbname>doi</GBXref_dbname>
          <GBXref_id>10.1128/AAC.02282-13</GBXref_id>
        </GBXref>
      </GBReference_xref>
      <GBReference_pubmed>24492367</GBReference_pubmed>
    </GBReference>
    <GBReference>
      <GBReference_reference>2</GBReference_reference>
      <GBReference_position>1..165</GBReference_position>
      <GBReference_authors>
        <GBAuthor>Bergmann,R.</GBAuthor>
        <GBAuthor>van der Linden,M.</GBAuthor>
        <GBAuthor>Chhatwal,G.S.</GBAuthor>
        <GBAuthor>Nitsche-Schmitz,D.P.</GBAuthor>
      </GBReference_authors>
      <GBReference_title>Direct Submission</GBReference_title>
      <GBReference_journal>Submitted (01-OCT-2013) Department of Medical Microbiology, Helmholtz Centre for Infection Research, Inhoffenstrasse 7, Braunschweig 38124, Germany</GBReference_journal>
    </GBReference>
  </GBSeq_references>
  <GBSeq_comment>Method: conceptual translation.</GBSeq_comment>
  <GBSeq_source-db>accession KF737392.1</GBSeq_source-db>
  <GBSeq_feature-table>
    <GBFeature>
      <GBFeature_key>source</GBFeature_key>
      <GBFeature_location>1..165</GBFeature_location>
      <GBFeature_intervals>
        <GBInterval>
          <GBInterval_from>1</GBInterval_from>
          <GBInterval_to>165</GBInterval_to>
          <GBInterval_accession>AHC74111.1</GBInterval_accession>
        </GBInterval>
      </GBFeature_intervals>
      <GBFeature_quals>
        <GBQualifier>
          <GBQualifier_name>organism</GBQualifier_name>
          <GBQualifier_value>Streptococcus pyogenes</GBQualifier_value>
        </GBQualifier>
        <GBQualifier>
          <GBQualifier_name>strain</GBQualifier_name>
          <GBQualifier_value>A899 emm113.0</GBQualifier_value>
        </GBQualifier>
        <GBQualifier>
          <GBQualifier_name>db_xref</GBQualifier_name>
          <GBQualifier_value>taxon:1314</GBQualifier_value>
        </GBQualifier>
        <GBQualifier>
          <GBQualifier_name>country</GBQualifier_name>
          <GBQualifier_value>India: South, Velore</GBQualifier_value>
        </GBQualifier>
      </GBFeature_quals>
    </GBFeature>
    <GBFeature>
      <GBFeature_key>Protein</GBFeature_key>
      <GBFeature_location>1..165</GBFeature_location>
      <GBFeature_intervals>
        <GBInterval>
          <GBInterval_from>1</GBInterval_from>
          <GBInterval_to>165</GBInterval_to>
          <GBInterval_accession>AHC74111.1</GBInterval_accession>
        </GBInterval>
      </GBFeature_intervals>
      <GBFeature_quals>
        <GBQualifier>
          <GBQualifier_name>product</GBQualifier_name>
          <GBQualifier_value>dihydrofolate reductase</GBQualifier_value>
        </GBQualifier>
        <GBQualifier>
          <GBQualifier_name>calculated_mol_wt</GBQualifier_name>
          <GBQualifier_value>19227</GBQualifier_value>
        </GBQualifier>
      </GBFeature_quals>
    </GBFeature>
    <GBFeature>
      <GBFeature_key>Region</GBFeature_key>
      <GBFeature_location>5..159</GBFeature_location>
      <GBFeature_intervals>
        <GBInterval>
          <GBInterval_from>5</GBInterval_from>
          <GBInterval_to>159</GBInterval_to>
          <GBInterval_accession>AHC74111.1</GBInterval_accession>
        </GBInterval>
      </GBFeature_intervals>
      <GBFeature_quals>
        <GBQualifier>
          <GBQualifier_name>region_name</GBQualifier_name>
          <GBQualifier_value>DHFR</GBQualifier_value>
        </GBQualifier>
        <GBQualifier>
          <GBQualifier_name>note</GBQualifier_name>
          <GBQualifier_value>Dihydrofolate reductase (DHFR). Reduces 7,8-dihydrofolate to 5,6,7,8-tetrahydrofolate with NADPH as a cofactor. This is an essential step in the biosynthesis of deoxythymidine phosphate since 5,6,7,8-tetrahydrofolate is required to regenerate 5; cd00209</GBQualifier_value>
        </GBQualifier>
        <GBQualifier>
          <GBQualifier_name>db_xref</GBQualifier_name>
          <GBQualifier_value>CDD:238127</GBQualifier_value>
        </GBQualifier>
      </GBFeature_quals>
    </GBFeature>
    <GBFeature>
      <GBFeature_key>Site</GBFeature_key>
      <GBFeature_location>order(8,25,30,61,100,106,119)</GBFeature_location>
      <GBFeature_intervals>
        <GBInterval>
          <GBInterval_point>8</GBInterval_point>
          <GBInterval_accession>AHC74111.1</GBInterval_accession>
        </GBInterval>
        <GBInterval>
          <GBInterval_point>25</GBInterval_point>
          <GBInterval_accession>AHC74111.1</GBInterval_accession>
        </GBInterval>
        <GBInterval>
          <GBInterval_point>30</GBInterval_point>
          <GBInterval_accession>AHC74111.1</GBInterval_accession>
        </GBInterval>
        <GBInterval>
          <GBInterval_point>61</GBInterval_point>
          <GBInterval_accession>AHC74111.1</GBInterval_accession>
        </GBInterval>
        <GBInterval>
          <GBInterval_point>100</GBInterval_point>
          <GBInterval_accession>AHC74111.1</GBInterval_accession>
        </GBInterval>
        <GBInterval>
          <GBInterval_point>106</GBInterval_point>
          <GBInterval_accession>AHC74111.1</GBInterval_accession>
        </GBInterval>
        <GBInterval>
          <GBInterval_point>119</GBInterval_point>
          <GBInterval_accession>AHC74111.1</GBInterval_accession>
        </GBInterval>
      </GBFeature_intervals>
      <GBFeature_operator>order</GBFeature_operator>
      <GBFeature_quals>
        <GBQualifier>
          <GBQualifier_name>site_type</GBQualifier_name>
          <GBQualifier_value>other</GBQualifier_value>
        </GBQualifier>
        <GBQualifier>
          <GBQualifier_name>note</GBQualifier_name>
          <GBQualifier_value>folate binding site [chemical binding]</GBQualifier_value>
        </GBQualifier>
        <GBQualifier>
          <GBQualifier_name>db_xref</GBQualifier_name>
          <GBQualifier_value>CDD:238127</GBQualifier_value>
        </GBQualifier>
      </GBFeature_quals>
    </GBFeature>
    <GBFeature>
      <GBFeature_key>Site</GBFeature_key>
      <GBFeature_location>order(10,17,47..49,68,101..104)</GBFeature_location>
      <GBFeature_intervals>
        <GBInterval>
          <GBInterval_point>10</GBInterval_point>
          <GBInterval_accession>AHC74111.1</GBInterval_accession>
        </GBInterval>
        <GBInterval>
          <GBInterval_point>17</GBInterval_point>
          <GBInterval_accession>AHC74111.1</GBInterval_accession>
        </GBInterval>
        <GBInterval>
          <GBInterval_from>47</GBInterval_from>
          <GBInterval_to>49</GBInterval_to>
          <GBInterval_accession>AHC74111.1</GBInterval_accession>
        </GBInterval>
        <GBInterval>
          <GBInterval_point>68</GBInterval_point>
          <GBInterval_accession>AHC74111.1</GBInterval_accession>
        </GBInterval>
        <GBInterval>
          <GBInterval_from>101</GBInterval_from>
          <GBInterval_to>104</GBInterval_to>
          <GBInterval_accession>AHC74111.1</GBInterval_accession>
        </GBInterval>
      </GBFeature_intervals>
      <GBFeature_operator>order</GBFeature_operator>
      <GBFeature_quals>
        <GBQualifier>
          <GBQualifier_name>site_type</GBQualifier_name>
          <GBQualifier_value>other</GBQualifier_value>
        </GBQualifier>
        <GBQualifier>
          <GBQualifier_name>note</GBQualifier_name>
          <GBQualifier_value>NADP+ binding site [chemical binding]</GBQualifier_value>
        </GBQualifier>
        <GBQualifier>
          <GBQualifier_name>db_xref</GBQualifier_name>
          <GBQualifier_value>CDD:238127</GBQualifier_value>
        </GBQualifier>
      </GBFeature_quals>
    </GBFeature>
    <GBFeature>
      <GBFeature_key>CDS</GBFeature_key>
      <GBFeature_location>1..165</GBFeature_location>
      <GBFeature_intervals>
        <GBInterval>
          <GBInterval_from>1</GBInterval_from>
          <GBInterval_to>165</GBInterval_to>
          <GBInterval_accession>AHC74111.1</GBInterval_accession>
        </GBInterval>
      </GBFeature_intervals>
      <GBFeature_quals>
        <GBQualifier>
          <GBQualifier_name>gene</GBQualifier_name>
          <GBQualifier_value>dfr</GBQualifier_value>
        </GBQualifier>
        <GBQualifier>
          <GBQualifier_name>coded_by</GBQualifier_name>
          <GBQualifier_value>KF737392.1:1..498</GBQualifier_value>
        </GBQualifier>
        <GBQualifier>
          <GBQualifier_name>transl_table</GBQualifier_name>
          <GBQualifier_value>11</GBQualifier_value>
        </GBQualifier>
      </GBFeature_quals>
    </GBFeature>
  </GBSeq_feature-table>
  <GBSeq_sequence>mtkeiiaiwaedeagligvagklpwylpkelehfknttlhqailmgrvtfegmnckrlpqrqtlvmtrnrdyqvdevltmtsiekvlewyhaqdktlyiiggnkvleafngyfdriiktvihhrfkgdtyrpnldfshftqesqtfyardaknpydftvtalkhk</GBSeq_sequence>
</GBSeq>

</GBSet>

