<?xml version="1.0" ?>
<!DOCTYPE GBSet PUBLIC "-//NCBI//NCBI GBSeq/EN" "https://www.ncbi.nlm.nih.gov/dtd/NCBI_GBSeq.dtd">
<GBSet>
<GBSeq>
  <GBSeq_locus>AIA11127</GBSeq_locus>
  <GBSeq_length>157</GBSeq_length>
  <GBSeq_moltype>AA</GBSeq_moltype>
  <GBSeq_topology>linear</GBSeq_topology>
  <GBSeq_division>ENV</GBSeq_division>
  <GBSeq_update-date>19-JUN-2014</GBSeq_update-date>
  <GBSeq_create-date>26-MAY-2014</GBSeq_create-date>
  <GBSeq_definition>Dihydrofolate reductase [uncultured bacterium]</GBSeq_definition>
  <GBSeq_primary-accession>AIA11127</GBSeq_primary-accession>
  <GBSeq_accession-version>AIA11127.1</GBSeq_accession-version>
  <GBSeq_other-seqids>
    <GBSeqid>gb|AIA11127.1|</GBSeqid>
    <GBSeqid>gi|636668039</GBSeqid>
  </GBSeq_other-seqids>
  <GBSeq_project>PRJNA244044</GBSeq_project>
  <GBSeq_source>uncultured bacterium</GBSeq_source>
  <GBSeq_organism>uncultured bacterium</GBSeq_organism>
  <GBSeq_taxonomy>Bacteria; environmental samples</GBSeq_taxonomy>
  <GBSeq_references>
    <GBReference>
      <GBReference_reference>1</GBReference_reference>
      <GBReference_position>1..157</GBReference_position>
      <GBReference_authors>
        <GBAuthor>Forsberg,K.J.</GBAuthor>
        <GBAuthor>Patel,S.</GBAuthor>
        <GBAuthor>Gibson,M.K.</GBAuthor>
        <GBAuthor>Lauber,C.L.</GBAuthor>
        <GBAuthor>Knight,R.</GBAuthor>
        <GBAuthor>Fierer,N.</GBAuthor>
        <GBAuthor>Dantas,G.</GBAuthor>
      </GBReference_authors>
      <GBReference_title>Bacterial phylogeny structures soil resistomes across habitats</GBReference_title>
      <GBReference_journal>Nature 509, 612-616 (2014)</GBReference_journal>
      <GBReference_xref>
        <GBXref>
          <GBXref_dbname>doi</GBXref_dbname>
          <GBXref_id>10.1038/nature13377</GBXref_id>
        </GBXref>
      </GBReference_xref>
      <GBReference_pubmed>24847883</GBReference_pubmed>
    </GBReference>
    <GBReference>
      <GBReference_reference>2</GBReference_reference>
      <GBReference_position>1..157</GBReference_position>
      <GBReference_authors>
        <GBAuthor>Forsberg,K.J.</GBAuthor>
        <GBAuthor>Patel,S.</GBAuthor>
        <GBAuthor>Gibson,M.K.</GBAuthor>
        <GBAuthor>Lauber,C.L.</GBAuthor>
        <GBAuthor>Knight,R.</GBAuthor>
        <GBAuthor>Fierer,N.</GBAuthor>
        <GBAuthor>Dantas,G.</GBAuthor>
      </GBReference_authors>
      <GBReference_title>Direct Submission</GBReference_title>
      <GBReference_journal>Submitted (09-APR-2014) Center for Genome Sciences &amp; Systems Biology, Washington University School of Medicine, 4444 Forest Park Ave, Saint Louis, MO 63108, USA</GBReference_journal>
    </GBReference>
  </GBSeq_references>
  <GBSeq_comment>Method: conceptual translation.</GBSeq_comment>
  <GBSeq_source-db>accession KJ692263.1</GBSeq_source-db>
  <GBSeq_feature-table>
    <GBFeature>
      <GBFeature_key>source</GBFeature_key>
      <GBFeature_location>1..157</GBFeature_location>
      <GBFeature_intervals>
        <GBInterval>
          <GBInterval_from>1</GBInterval_from>
          <GBInterval_to>157</GBInterval_to>
          <GBInterval_accession>AIA11127.1</GBInterval_accession>
        </GBInterval>
      </GBFeature_intervals>
      <GBFeature_quals>
        <GBQualifier>
          <GBQualifier_name>organism</GBQualifier_name>
          <GBQualifier_value>uncultured bacterium</GBQualifier_value>
        </GBQualifier>
        <GBQualifier>
          <GBQualifier_name>isolation_source</GBQualifier_name>
          <GBQualifier_value>grassland soil</GBQualifier_value>
        </GBQualifier>
        <GBQualifier>
          <GBQualifier_name>db_xref</GBQualifier_name>
          <GBQualifier_value>taxon:77133</GBQualifier_value>
        </GBQualifier>
        <GBQualifier>
          <GBQualifier_name>clone</GBQualifier_name>
          <GBQualifier_value>S05_TR_233</GBQualifier_value>
        </GBQualifier>
        <GBQualifier>
          <GBQualifier_name>environmental_sample</GBQualifier_name>
        </GBQualifier>
        <GBQualifier>
          <GBQualifier_name>country</GBQualifier_name>
          <GBQualifier_value>USA: Cedar Creek, Minnesota</GBQualifier_value>
        </GBQualifier>
        <GBQualifier>
          <GBQualifier_name>lat_lon</GBQualifier_name>
          <GBQualifier_value>45.40 N 93.20 W</GBQualifier_value>
        </GBQualifier>
        <GBQualifier>
          <GBQualifier_name>collection_date</GBQualifier_name>
          <GBQualifier_value>Jul-2008</GBQualifier_value>
        </GBQualifier>
      </GBFeature_quals>
    </GBFeature>
    <GBFeature>
      <GBFeature_key>Protein</GBFeature_key>
      <GBFeature_location>1..157</GBFeature_location>
      <GBFeature_intervals>
        <GBInterval>
          <GBInterval_from>1</GBInterval_from>
          <GBInterval_to>157</GBInterval_to>
          <GBInterval_accession>AIA11127.1</GBInterval_accession>
        </GBInterval>
      </GBFeature_intervals>
      <GBFeature_quals>
        <GBQualifier>
          <GBQualifier_name>product</GBQualifier_name>
          <GBQualifier_value>Dihydrofolate reductase</GBQualifier_value>
        </GBQualifier>
        <GBQualifier>
          <GBQualifier_name>calculated_mol_wt</GBQualifier_name>
          <GBQualifier_value>17407</GBQualifier_value>
        </GBQualifier>
      </GBFeature_quals>
    </GBFeature>
    <GBFeature>
      <GBFeature_key>Region</GBFeature_key>
      <GBFeature_location>2..153</GBFeature_location>
      <GBFeature_intervals>
        <GBInterval>
          <GBInterval_from>2</GBInterval_from>
          <GBInterval_to>153</GBInterval_to>
          <GBInterval_accession>AIA11127.1</GBInterval_accession>
        </GBInterval>
      </GBFeature_intervals>
      <GBFeature_quals>
        <GBQualifier>
          <GBQualifier_name>region_name</GBQualifier_name>
          <GBQualifier_value>DHFR</GBQualifier_value>
        </GBQualifier>
        <GBQualifier>
          <GBQualifier_name>note</GBQualifier_name>
          <GBQualifier_value>Dihydrofolate reductase (DHFR). Reduces 7,8-dihydrofolate to 5,6,7,8-tetrahydrofolate with NADPH as a cofactor. This is an essential step in the biosynthesis of deoxythymidine phosphate since 5,6,7,8-tetrahydrofolate is required to regenerate 5; cd00209</GBQualifier_value>
        </GBQualifier>
        <GBQualifier>
          <GBQualifier_name>db_xref</GBQualifier_name>
          <GBQualifier_value>CDD:238127</GBQualifier_value>
        </GBQualifier>
      </GBFeature_quals>
    </GBFeature>
    <GBFeature>
      <GBFeature_key>Site</GBFeature_key>
      <GBFeature_location>order(5,22,27,57,97,103,116)</GBFeature_location>
      <GBFeature_intervals>
        <GBInterval>
          <GBInterval_point>5</GBInterval_point>
          <GBInterval_accession>AIA11127.1</GBInterval_accession>
        </GBInterval>
        <GBInterval>
          <GBInterval_point>22</GBInterval_point>
          <GBInterval_accession>AIA11127.1</GBInterval_accession>
        </GBInterval>
        <GBInterval>
          <GBInterval_point>27</GBInterval_point>
          <GBInterval_accession>AIA11127.1</GBInterval_accession>
        </GBInterval>
        <GBInterval>
          <GBInterval_point>57</GBInterval_point>
          <GBInterval_accession>AIA11127.1</GBInterval_accession>
        </GBInterval>
        <GBInterval>
          <GBInterval_point>97</GBInterval_point>
          <GBInterval_accession>AIA11127.1</GBInterval_accession>
        </GBInterval>
        <GBInterval>
          <GBInterval_point>103</GBInterval_point>
          <GBInterval_accession>AIA11127.1</GBInterval_accession>
        </GBInterval>
        <GBInterval>
          <GBInterval_point>116</GBInterval_point>
          <GBInterval_accession>AIA11127.1</GBInterval_accession>
        </GBInterval>
      </GBFeature_intervals>
      <GBFeature_operator>order</GBFeature_operator>
      <GBFeature_quals>
        <GBQualifier>
          <GBQualifier_name>site_type</GBQualifier_name>
          <GBQualifier_value>other</GBQualifier_value>
        </GBQualifier>
        <GBQualifier>
          <GBQualifier_name>note</GBQualifier_name>
          <GBQualifier_value>folate binding site [chemical binding]</GBQualifier_value>
        </GBQualifier>
        <GBQualifier>
          <GBQualifier_name>db_xref</GBQualifier_name>
          <GBQualifier_value>CDD:238127</GBQualifier_value>
        </GBQualifier>
      </GBFeature_quals>
    </GBFeature>
    <GBFeature>
      <GBFeature_key>Site</GBFeature_key>
      <GBFeature_location>order(7,14,44..46,64,98..101)</GBFeature_location>
      <GBFeature_intervals>
        <GBInterval>
          <GBInterval_point>7</GBInterval_point>
          <GBInterval_accession>AIA11127.1</GBInterval_accession>
        </GBInterval>
        <GBInterval>
          <GBInterval_point>14</GBInterval_point>
          <GBInterval_accession>AIA11127.1</GBInterval_accession>
        </GBInterval>
        <GBInterval>
          <GBInterval_from>44</GBInterval_from>
          <GBInterval_to>46</GBInterval_to>
          <GBInterval_accession>AIA11127.1</GBInterval_accession>
        </GBInterval>
        <GBInterval>
          <GBInterval_point>64</GBInterval_point>
          <GBInterval_accession>AIA11127.1</GBInterval_accession>
        </GBInterval>
        <GBInterval>
          <GBInterval_from>98</GBInterval_from>
          <GBInterval_to>101</GBInterval_to>
          <GBInterval_accession>AIA11127.1</GBInterval_accession>
        </GBInterval>
      </GBFeature_intervals>
      <GBFeature_operator>order</GBFeature_operator>
      <GBFeature_quals>
        <GBQualifier>
          <GBQualifier_name>site_type</GBQualifier_name>
          <GBQualifier_value>other</GBQualifier_value>
        </GBQualifier>
        <GBQualifier>
          <GBQualifier_name>note</GBQualifier_name>
          <GBQualifier_value>NADP+ binding site [chemical binding]</GBQualifier_value>
        </GBQualifier>
        <GBQualifier>
          <GBQualifier_name>db_xref</GBQualifier_name>
          <GBQualifier_value>CDD:238127</GBQualifier_value>
        </GBQualifier>
      </GBFeature_quals>
    </GBFeature>
    <GBFeature>
      <GBFeature_key>CDS</GBFeature_key>
      <GBFeature_location>1..157</GBFeature_location>
      <GBFeature_intervals>
        <GBInterval>
          <GBInterval_from>1</GBInterval_from>
          <GBInterval_to>157</GBInterval_to>
          <GBInterval_accession>AIA11127.1</GBInterval_accession>
        </GBInterval>
      </GBFeature_intervals>
      <GBFeature_quals>
        <GBQualifier>
          <GBQualifier_name>coded_by</GBQualifier_name>
          <GBQualifier_value>complement(KJ692263.1:1401..1874)</GBQualifier_value>
        </GBQualifier>
        <GBQualifier>
          <GBQualifier_name>note</GBQualifier_name>
          <GBQualifier_value>antibiotic resistance gene, function predicted via homology to PF00186.14; S05_TR_233_1401_1874</GBQualifier_value>
        </GBQualifier>
        <GBQualifier>
          <GBQualifier_name>transl_table</GBQualifier_name>
          <GBQualifier_value>11</GBQualifier_value>
        </GBQualifier>
      </GBFeature_quals>
    </GBFeature>
  </GBSeq_feature-table>
  <GBSeq_sequence>miigiaavdrkgaigkggklpwhysadmkffrettsghavvmgrktwltigkplknrlnivlsrdtdigpqdslivfsdmesvlsfnkslstdlfviggaqiyeafrehiekwiitevpltvqgadafmpkgylegfevvesksldddlvvkfwerg</GBSeq_sequence>
  <GBSeq_xrefs>
    <GBXref>
      <GBXref_dbname>BioProject</GBXref_dbname>
      <GBXref_id>PRJNA244044</GBXref_id>
    </GBXref>
    <GBXref>
      <GBXref_dbname>BioSample</GBXref_dbname>
      <GBXref_id>SAMN02713760</GBXref_id>
    </GBXref>
  </GBSeq_xrefs>
</GBSeq>

</GBSet>

