<?xml version="1.0" ?>
<!DOCTYPE GBSet PUBLIC "-//NCBI//NCBI GBSeq/EN" "https://www.ncbi.nlm.nih.gov/dtd/NCBI_GBSeq.dtd">
<GBSet>
<GBSeq>
  <GBSeq_locus>AIA19047</GBSeq_locus>
  <GBSeq_length>194</GBSeq_length>
  <GBSeq_moltype>AA</GBSeq_moltype>
  <GBSeq_topology>linear</GBSeq_topology>
  <GBSeq_division>ENV</GBSeq_division>
  <GBSeq_update-date>19-JUN-2014</GBSeq_update-date>
  <GBSeq_create-date>26-MAY-2014</GBSeq_create-date>
  <GBSeq_definition>Dihydrofolate reductase [uncultured bacterium]</GBSeq_definition>
  <GBSeq_primary-accession>AIA19047</GBSeq_primary-accession>
  <GBSeq_accession-version>AIA19047.1</GBSeq_accession-version>
  <GBSeq_other-seqids>
    <GBSeqid>gb|AIA19047.1|</GBSeqid>
    <GBSeqid>gi|636680097</GBSeqid>
  </GBSeq_other-seqids>
  <GBSeq_project>PRJNA244044</GBSeq_project>
  <GBSeq_source>uncultured bacterium</GBSeq_source>
  <GBSeq_organism>uncultured bacterium</GBSeq_organism>
  <GBSeq_taxonomy>Bacteria; environmental samples</GBSeq_taxonomy>
  <GBSeq_references>
    <GBReference>
      <GBReference_reference>1</GBReference_reference>
      <GBReference_position>1..194</GBReference_position>
      <GBReference_authors>
        <GBAuthor>Forsberg,K.J.</GBAuthor>
        <GBAuthor>Patel,S.</GBAuthor>
        <GBAuthor>Gibson,M.K.</GBAuthor>
        <GBAuthor>Lauber,C.L.</GBAuthor>
        <GBAuthor>Knight,R.</GBAuthor>
        <GBAuthor>Fierer,N.</GBAuthor>
        <GBAuthor>Dantas,G.</GBAuthor>
      </GBReference_authors>
      <GBReference_title>Bacterial phylogeny structures soil resistomes across habitats</GBReference_title>
      <GBReference_journal>Nature 509, 612-616 (2014)</GBReference_journal>
      <GBReference_xref>
        <GBXref>
          <GBXref_dbname>doi</GBXref_dbname>
          <GBXref_id>10.1038/nature13377</GBXref_id>
        </GBXref>
      </GBReference_xref>
      <GBReference_pubmed>24847883</GBReference_pubmed>
    </GBReference>
    <GBReference>
      <GBReference_reference>2</GBReference_reference>
      <GBReference_position>1..194</GBReference_position>
      <GBReference_authors>
        <GBAuthor>Forsberg,K.J.</GBAuthor>
        <GBAuthor>Patel,S.</GBAuthor>
        <GBAuthor>Gibson,M.K.</GBAuthor>
        <GBAuthor>Lauber,C.L.</GBAuthor>
        <GBAuthor>Knight,R.</GBAuthor>
        <GBAuthor>Fierer,N.</GBAuthor>
        <GBAuthor>Dantas,G.</GBAuthor>
      </GBReference_authors>
      <GBReference_title>Direct Submission</GBReference_title>
      <GBReference_journal>Submitted (09-APR-2014) Center for Genome Sciences &amp; Systems Biology, Washington University School of Medicine, 4444 Forest Park Ave, Saint Louis, MO 63108, USA</GBReference_journal>
    </GBReference>
  </GBSeq_references>
  <GBSeq_comment>Method: conceptual translation.</GBSeq_comment>
  <GBSeq_source-db>accession KJ696401.1</GBSeq_source-db>
  <GBSeq_feature-table>
    <GBFeature>
      <GBFeature_key>source</GBFeature_key>
      <GBFeature_location>1..194</GBFeature_location>
      <GBFeature_intervals>
        <GBInterval>
          <GBInterval_from>1</GBInterval_from>
          <GBInterval_to>194</GBInterval_to>
          <GBInterval_accession>AIA19047.1</GBInterval_accession>
        </GBInterval>
      </GBFeature_intervals>
      <GBFeature_quals>
        <GBQualifier>
          <GBQualifier_name>organism</GBQualifier_name>
          <GBQualifier_value>uncultured bacterium</GBQualifier_value>
        </GBQualifier>
        <GBQualifier>
          <GBQualifier_name>isolation_source</GBQualifier_name>
          <GBQualifier_value>Agricultural soil</GBQualifier_value>
        </GBQualifier>
        <GBQualifier>
          <GBQualifier_name>db_xref</GBQualifier_name>
          <GBQualifier_value>taxon:77133</GBQualifier_value>
        </GBQualifier>
        <GBQualifier>
          <GBQualifier_name>clone</GBQualifier_name>
          <GBQualifier_value>S20_TR_155</GBQualifier_value>
        </GBQualifier>
        <GBQualifier>
          <GBQualifier_name>environmental_sample</GBQualifier_name>
        </GBQualifier>
        <GBQualifier>
          <GBQualifier_name>country</GBQualifier_name>
          <GBQualifier_value>USA: Kellogg Biological Station, Michigan</GBQualifier_value>
        </GBQualifier>
        <GBQualifier>
          <GBQualifier_name>lat_lon</GBQualifier_name>
          <GBQualifier_value>42.40 N 85.40 W</GBQualifier_value>
        </GBQualifier>
        <GBQualifier>
          <GBQualifier_name>collection_date</GBQualifier_name>
          <GBQualifier_value>Jul-2008</GBQualifier_value>
        </GBQualifier>
      </GBFeature_quals>
    </GBFeature>
    <GBFeature>
      <GBFeature_key>Protein</GBFeature_key>
      <GBFeature_location>1..194</GBFeature_location>
      <GBFeature_intervals>
        <GBInterval>
          <GBInterval_from>1</GBInterval_from>
          <GBInterval_to>194</GBInterval_to>
          <GBInterval_accession>AIA19047.1</GBInterval_accession>
        </GBInterval>
      </GBFeature_intervals>
      <GBFeature_quals>
        <GBQualifier>
          <GBQualifier_name>product</GBQualifier_name>
          <GBQualifier_value>Dihydrofolate reductase</GBQualifier_value>
        </GBQualifier>
        <GBQualifier>
          <GBQualifier_name>calculated_mol_wt</GBQualifier_name>
          <GBQualifier_value>22006</GBQualifier_value>
        </GBQualifier>
      </GBFeature_quals>
    </GBFeature>
    <GBFeature>
      <GBFeature_key>Region</GBFeature_key>
      <GBFeature_location>28..193</GBFeature_location>
      <GBFeature_intervals>
        <GBInterval>
          <GBInterval_from>28</GBInterval_from>
          <GBInterval_to>193</GBInterval_to>
          <GBInterval_accession>AIA19047.1</GBInterval_accession>
        </GBInterval>
      </GBFeature_intervals>
      <GBFeature_quals>
        <GBQualifier>
          <GBQualifier_name>region_name</GBQualifier_name>
          <GBQualifier_value>DHFR</GBQualifier_value>
        </GBQualifier>
        <GBQualifier>
          <GBQualifier_name>note</GBQualifier_name>
          <GBQualifier_value>Dihydrofolate reductase (DHFR). Reduces 7,8-dihydrofolate to 5,6,7,8-tetrahydrofolate with NADPH as a cofactor. This is an essential step in the biosynthesis of deoxythymidine phosphate since 5,6,7,8-tetrahydrofolate is required to regenerate 5; cl17279</GBQualifier_value>
        </GBQualifier>
        <GBQualifier>
          <GBQualifier_name>db_xref</GBQualifier_name>
          <GBQualifier_value>CDD:302636</GBQualifier_value>
        </GBQualifier>
      </GBFeature_quals>
    </GBFeature>
    <GBFeature>
      <GBFeature_key>Site</GBFeature_key>
      <GBFeature_location>order(32,50,57,90,133,139,152)</GBFeature_location>
      <GBFeature_intervals>
        <GBInterval>
          <GBInterval_point>32</GBInterval_point>
          <GBInterval_accession>AIA19047.1</GBInterval_accession>
        </GBInterval>
        <GBInterval>
          <GBInterval_point>50</GBInterval_point>
          <GBInterval_accession>AIA19047.1</GBInterval_accession>
        </GBInterval>
        <GBInterval>
          <GBInterval_point>57</GBInterval_point>
          <GBInterval_accession>AIA19047.1</GBInterval_accession>
        </GBInterval>
        <GBInterval>
          <GBInterval_point>90</GBInterval_point>
          <GBInterval_accession>AIA19047.1</GBInterval_accession>
        </GBInterval>
        <GBInterval>
          <GBInterval_point>133</GBInterval_point>
          <GBInterval_accession>AIA19047.1</GBInterval_accession>
        </GBInterval>
        <GBInterval>
          <GBInterval_point>139</GBInterval_point>
          <GBInterval_accession>AIA19047.1</GBInterval_accession>
        </GBInterval>
        <GBInterval>
          <GBInterval_point>152</GBInterval_point>
          <GBInterval_accession>AIA19047.1</GBInterval_accession>
        </GBInterval>
      </GBFeature_intervals>
      <GBFeature_operator>order</GBFeature_operator>
      <GBFeature_quals>
        <GBQualifier>
          <GBQualifier_name>site_type</GBQualifier_name>
          <GBQualifier_value>other</GBQualifier_value>
        </GBQualifier>
        <GBQualifier>
          <GBQualifier_name>note</GBQualifier_name>
          <GBQualifier_value>folate binding site [chemical binding]</GBQualifier_value>
        </GBQualifier>
        <GBQualifier>
          <GBQualifier_name>db_xref</GBQualifier_name>
          <GBQualifier_value>CDD:238127</GBQualifier_value>
        </GBQualifier>
      </GBFeature_quals>
    </GBFeature>
    <GBFeature>
      <GBFeature_key>Site</GBFeature_key>
      <GBFeature_location>order(34,42,74..76,97,134..137)</GBFeature_location>
      <GBFeature_intervals>
        <GBInterval>
          <GBInterval_point>34</GBInterval_point>
          <GBInterval_accession>AIA19047.1</GBInterval_accession>
        </GBInterval>
        <GBInterval>
          <GBInterval_point>42</GBInterval_point>
          <GBInterval_accession>AIA19047.1</GBInterval_accession>
        </GBInterval>
        <GBInterval>
          <GBInterval_from>74</GBInterval_from>
          <GBInterval_to>76</GBInterval_to>
          <GBInterval_accession>AIA19047.1</GBInterval_accession>
        </GBInterval>
        <GBInterval>
          <GBInterval_point>97</GBInterval_point>
          <GBInterval_accession>AIA19047.1</GBInterval_accession>
        </GBInterval>
        <GBInterval>
          <GBInterval_from>134</GBInterval_from>
          <GBInterval_to>137</GBInterval_to>
          <GBInterval_accession>AIA19047.1</GBInterval_accession>
        </GBInterval>
      </GBFeature_intervals>
      <GBFeature_operator>order</GBFeature_operator>
      <GBFeature_quals>
        <GBQualifier>
          <GBQualifier_name>site_type</GBQualifier_name>
          <GBQualifier_value>other</GBQualifier_value>
        </GBQualifier>
        <GBQualifier>
          <GBQualifier_name>note</GBQualifier_name>
          <GBQualifier_value>NADP+ binding site [chemical binding]</GBQualifier_value>
        </GBQualifier>
        <GBQualifier>
          <GBQualifier_name>db_xref</GBQualifier_name>
          <GBQualifier_value>CDD:238127</GBQualifier_value>
        </GBQualifier>
      </GBFeature_quals>
    </GBFeature>
    <GBFeature>
      <GBFeature_key>CDS</GBFeature_key>
      <GBFeature_location>1..194</GBFeature_location>
      <GBFeature_intervals>
        <GBInterval>
          <GBInterval_from>1</GBInterval_from>
          <GBInterval_to>194</GBInterval_to>
          <GBInterval_accession>AIA19047.1</GBInterval_accession>
        </GBInterval>
      </GBFeature_intervals>
      <GBFeature_quals>
        <GBQualifier>
          <GBQualifier_name>coded_by</GBQualifier_name>
          <GBQualifier_value>KJ696401.1:1077..1661</GBQualifier_value>
        </GBQualifier>
        <GBQualifier>
          <GBQualifier_name>note</GBQualifier_name>
          <GBQualifier_value>antibiotic resistance gene, function predicted via homology to PF00186.14; S20_TR_155_1077_1661</GBQualifier_value>
        </GBQualifier>
        <GBQualifier>
          <GBQualifier_name>transl_table</GBQualifier_name>
          <GBQualifier_value>11</GBQualifier_value>
        </GBQualifier>
      </GBFeature_quals>
    </GBFeature>
  </GBSeq_feature-table>
  <GBSeq_sequence>mrniasqpylphyalsfqqflrrivmkrlnmiaavgaqdrvigrdnqlpwsqylvpdlqrfkrltmgcvllvgrntwfsfppkmrplpgritfivsttltpadvpegvlicptlddaivlatslypklegfiiggqrmyeegmayadrleitevgekppgnvffpdysafskvieetvetyegielkyrtlerp</GBSeq_sequence>
  <GBSeq_xrefs>
    <GBXref>
      <GBXref_dbname>BioProject</GBXref_dbname>
      <GBXref_id>PRJNA244044</GBXref_id>
    </GBXref>
    <GBXref>
      <GBXref_dbname>BioSample</GBXref_dbname>
      <GBXref_id>SAMN02713775</GBXref_id>
    </GBXref>
  </GBSeq_xrefs>
</GBSeq>

</GBSet>

