<?xml version="1.0" ?>
<!DOCTYPE GBSet PUBLIC "-//NCBI//NCBI GBSeq/EN" "https://www.ncbi.nlm.nih.gov/dtd/NCBI_GBSeq.dtd">
<GBSet>
<GBSeq>
  <GBSeq_locus>AMB57289</GBSeq_locus>
  <GBSeq_length>165</GBSeq_length>
  <GBSeq_moltype>AA</GBSeq_moltype>
  <GBSeq_topology>linear</GBSeq_topology>
  <GBSeq_division>BCT</GBSeq_division>
  <GBSeq_update-date>03-FEB-2016</GBSeq_update-date>
  <GBSeq_create-date>03-FEB-2016</GBSeq_create-date>
  <GBSeq_definition>dihydrofolate reductase [Klebsiella pneumoniae]</GBSeq_definition>
  <GBSeq_primary-accession>AMB57289</GBSeq_primary-accession>
  <GBSeq_accession-version>AMB57289.1</GBSeq_accession-version>
  <GBSeq_other-seqids>
    <GBSeqid>gb|AMB57289.1|</GBSeqid>
    <GBSeqid>gi|984348762</GBSeqid>
  </GBSeq_other-seqids>
  <GBSeq_source>Klebsiella pneumoniae</GBSeq_source>
  <GBSeq_organism>Klebsiella pneumoniae</GBSeq_organism>
  <GBSeq_taxonomy>Bacteria; Proteobacteria; Gammaproteobacteria; Enterobacteriales; Enterobacteriaceae; Klebsiella</GBSeq_taxonomy>
  <GBSeq_references>
    <GBReference>
      <GBReference_reference>1</GBReference_reference>
      <GBReference_position>1..165</GBReference_position>
      <GBReference_authors>
        <GBAuthor>Koovapra,S.</GBAuthor>
        <GBAuthor>Bhattacharya,D.</GBAuthor>
        <GBAuthor>Banerjee,J.</GBAuthor>
        <GBAuthor>Nanda,P.K.</GBAuthor>
        <GBAuthor>Dandapat,P.</GBAuthor>
        <GBAuthor>Mondal,B.</GBAuthor>
        <GBAuthor>Biswas,T.K.</GBAuthor>
        <GBAuthor>Bandopadhyay,S.</GBAuthor>
        <GBAuthor>Bandyopadhyay,S.</GBAuthor>
      </GBReference_authors>
      <GBReference_title>Direct Submission</GBReference_title>
      <GBReference_journal>Submitted (13-AUG-2015) ERS, IVRI, 37 Belgachia Road, Kolkata, WB 700037, India</GBReference_journal>
    </GBReference>
  </GBSeq_references>
  <GBSeq_source-db>accession KT425373.1</GBSeq_source-db>
  <GBSeq_feature-table>
    <GBFeature>
      <GBFeature_key>source</GBFeature_key>
      <GBFeature_location>1..165</GBFeature_location>
      <GBFeature_intervals>
        <GBInterval>
          <GBInterval_from>1</GBInterval_from>
          <GBInterval_to>165</GBInterval_to>
          <GBInterval_accession>AMB57289.1</GBInterval_accession>
        </GBInterval>
      </GBFeature_intervals>
      <GBFeature_quals>
        <GBQualifier>
          <GBQualifier_name>organism</GBQualifier_name>
          <GBQualifier_value>Klebsiella pneumoniae</GBQualifier_value>
        </GBQualifier>
        <GBQualifier>
          <GBQualifier_name>strain</GBQualifier_name>
          <GBQualifier_value>HFK5</GBQualifier_value>
        </GBQualifier>
        <GBQualifier>
          <GBQualifier_name>isolation_source</GBQualifier_name>
          <GBQualifier_value>milk</GBQualifier_value>
        </GBQualifier>
        <GBQualifier>
          <GBQualifier_name>host</GBQualifier_name>
          <GBQualifier_value>bovine</GBQualifier_value>
        </GBQualifier>
        <GBQualifier>
          <GBQualifier_name>db_xref</GBQualifier_name>
          <GBQualifier_value>taxon:573</GBQualifier_value>
        </GBQualifier>
        <GBQualifier>
          <GBQualifier_name>country</GBQualifier_name>
          <GBQualifier_value>India</GBQualifier_value>
        </GBQualifier>
        <GBQualifier>
          <GBQualifier_name>note</GBQualifier_name>
          <GBQualifier_value>ESBL producer</GBQualifier_value>
        </GBQualifier>
      </GBFeature_quals>
    </GBFeature>
    <GBFeature>
      <GBFeature_key>Protein</GBFeature_key>
      <GBFeature_location>1..165</GBFeature_location>
      <GBFeature_intervals>
        <GBInterval>
          <GBInterval_from>1</GBInterval_from>
          <GBInterval_to>165</GBInterval_to>
          <GBInterval_accession>AMB57289.1</GBInterval_accession>
        </GBInterval>
      </GBFeature_intervals>
      <GBFeature_quals>
        <GBQualifier>
          <GBQualifier_name>product</GBQualifier_name>
          <GBQualifier_value>dihydrofolate reductase</GBQualifier_value>
        </GBQualifier>
        <GBQualifier>
          <GBQualifier_name>calculated_mol_wt</GBQualifier_name>
          <GBQualifier_value>18020</GBQualifier_value>
        </GBQualifier>
      </GBFeature_quals>
    </GBFeature>
    <GBFeature>
      <GBFeature_key>Region</GBFeature_key>
      <GBFeature_location>8..160</GBFeature_location>
      <GBFeature_intervals>
        <GBInterval>
          <GBInterval_from>8</GBInterval_from>
          <GBInterval_to>160</GBInterval_to>
          <GBInterval_accession>AMB57289.1</GBInterval_accession>
        </GBInterval>
      </GBFeature_intervals>
      <GBFeature_quals>
        <GBQualifier>
          <GBQualifier_name>region_name</GBQualifier_name>
          <GBQualifier_value>DHFR</GBQualifier_value>
        </GBQualifier>
        <GBQualifier>
          <GBQualifier_name>note</GBQualifier_name>
          <GBQualifier_value>Dihydrofolate reductase (DHFR). Reduces 7,8-dihydrofolate to 5,6,7,8-tetrahydrofolate with NADPH as a cofactor. This is an essential step in the biosynthesis of deoxythymidine phosphate since 5,6,7,8-tetrahydrofolate is required to regenerate 5; cd00209</GBQualifier_value>
        </GBQualifier>
        <GBQualifier>
          <GBQualifier_name>db_xref</GBQualifier_name>
          <GBQualifier_value>CDD:238127</GBQualifier_value>
        </GBQualifier>
      </GBFeature_quals>
    </GBFeature>
    <GBFeature>
      <GBFeature_key>Site</GBFeature_key>
      <GBFeature_location>order(11,28,33,63,102,108,121)</GBFeature_location>
      <GBFeature_intervals>
        <GBInterval>
          <GBInterval_point>11</GBInterval_point>
          <GBInterval_accession>AMB57289.1</GBInterval_accession>
        </GBInterval>
        <GBInterval>
          <GBInterval_point>28</GBInterval_point>
          <GBInterval_accession>AMB57289.1</GBInterval_accession>
        </GBInterval>
        <GBInterval>
          <GBInterval_point>33</GBInterval_point>
          <GBInterval_accession>AMB57289.1</GBInterval_accession>
        </GBInterval>
        <GBInterval>
          <GBInterval_point>63</GBInterval_point>
          <GBInterval_accession>AMB57289.1</GBInterval_accession>
        </GBInterval>
        <GBInterval>
          <GBInterval_point>102</GBInterval_point>
          <GBInterval_accession>AMB57289.1</GBInterval_accession>
        </GBInterval>
        <GBInterval>
          <GBInterval_point>108</GBInterval_point>
          <GBInterval_accession>AMB57289.1</GBInterval_accession>
        </GBInterval>
        <GBInterval>
          <GBInterval_point>121</GBInterval_point>
          <GBInterval_accession>AMB57289.1</GBInterval_accession>
        </GBInterval>
      </GBFeature_intervals>
      <GBFeature_operator>order</GBFeature_operator>
      <GBFeature_quals>
        <GBQualifier>
          <GBQualifier_name>site_type</GBQualifier_name>
          <GBQualifier_value>other</GBQualifier_value>
        </GBQualifier>
        <GBQualifier>
          <GBQualifier_name>note</GBQualifier_name>
          <GBQualifier_value>folate binding site [chemical binding]</GBQualifier_value>
        </GBQualifier>
        <GBQualifier>
          <GBQualifier_name>db_xref</GBQualifier_name>
          <GBQualifier_value>CDD:238127</GBQualifier_value>
        </GBQualifier>
      </GBFeature_quals>
    </GBFeature>
    <GBFeature>
      <GBFeature_key>Site</GBFeature_key>
      <GBFeature_location>order(13,20,50..52,70,103..106)</GBFeature_location>
      <GBFeature_intervals>
        <GBInterval>
          <GBInterval_point>13</GBInterval_point>
          <GBInterval_accession>AMB57289.1</GBInterval_accession>
        </GBInterval>
        <GBInterval>
          <GBInterval_point>20</GBInterval_point>
          <GBInterval_accession>AMB57289.1</GBInterval_accession>
        </GBInterval>
        <GBInterval>
          <GBInterval_from>50</GBInterval_from>
          <GBInterval_to>52</GBInterval_to>
          <GBInterval_accession>AMB57289.1</GBInterval_accession>
        </GBInterval>
        <GBInterval>
          <GBInterval_point>70</GBInterval_point>
          <GBInterval_accession>AMB57289.1</GBInterval_accession>
        </GBInterval>
        <GBInterval>
          <GBInterval_from>103</GBInterval_from>
          <GBInterval_to>106</GBInterval_to>
          <GBInterval_accession>AMB57289.1</GBInterval_accession>
        </GBInterval>
      </GBFeature_intervals>
      <GBFeature_operator>order</GBFeature_operator>
      <GBFeature_quals>
        <GBQualifier>
          <GBQualifier_name>site_type</GBQualifier_name>
          <GBQualifier_value>other</GBQualifier_value>
        </GBQualifier>
        <GBQualifier>
          <GBQualifier_name>note</GBQualifier_name>
          <GBQualifier_value>NADP+ binding site [chemical binding]</GBQualifier_value>
        </GBQualifier>
        <GBQualifier>
          <GBQualifier_name>db_xref</GBQualifier_name>
          <GBQualifier_value>CDD:238127</GBQualifier_value>
        </GBQualifier>
      </GBFeature_quals>
    </GBFeature>
    <GBFeature>
      <GBFeature_key>CDS</GBFeature_key>
      <GBFeature_location>1..165</GBFeature_location>
      <GBFeature_intervals>
        <GBInterval>
          <GBInterval_from>1</GBInterval_from>
          <GBInterval_to>165</GBInterval_to>
          <GBInterval_accession>AMB57289.1</GBInterval_accession>
        </GBInterval>
      </GBFeature_intervals>
      <GBFeature_quals>
        <GBQualifier>
          <GBQualifier_name>gene</GBQualifier_name>
          <GBQualifier_value>dfrA12</GBQualifier_value>
        </GBQualifier>
        <GBQualifier>
          <GBQualifier_name>coded_by</GBQualifier_name>
          <GBQualifier_value>KT425373.1:107..604</GBQualifier_value>
        </GBQualifier>
        <GBQualifier>
          <GBQualifier_name>note</GBQualifier_name>
          <GBQualifier_value>confers resistance to trimethoprim</GBQualifier_value>
        </GBQualifier>
        <GBQualifier>
          <GBQualifier_name>transl_table</GBQualifier_name>
          <GBQualifier_value>11</GBQualifier_value>
        </GBQualifier>
      </GBFeature_quals>
    </GBFeature>
  </GBSeq_feature-table>
  <GBSeq_sequence>mnsesvriylvaamganrvigngpnipwkipgeqkifrrltegkvvvmgrktfesigkplpnrhtlvisrqanyratgcvvvstlshaialaselgnelyvaggaeiytlalphahgvflsevhqtfegdaffpmhnetefelvstetiqavipythsvyarrng</GBSeq_sequence>
</GBSeq>

</GBSet>

