<?xml version="1.0" ?>
<!DOCTYPE GBSet PUBLIC "-//NCBI//NCBI GBSeq/EN" "https://www.ncbi.nlm.nih.gov/dtd/NCBI_GBSeq.dtd">
<GBSet>
<GBSeq>
  <GBSeq_locus>AMP56822</GBSeq_locus>
  <GBSeq_length>165</GBSeq_length>
  <GBSeq_moltype>AA</GBSeq_moltype>
  <GBSeq_topology>linear</GBSeq_topology>
  <GBSeq_division>ENV</GBSeq_division>
  <GBSeq_update-date>19-MAY-2016</GBSeq_update-date>
  <GBSeq_create-date>11-MAR-2016</GBSeq_create-date>
  <GBSeq_definition>DHFR_1 [uncultured bacterium]</GBSeq_definition>
  <GBSeq_primary-accession>AMP56822</GBSeq_primary-accession>
  <GBSeq_accession-version>AMP56822.1</GBSeq_accession-version>
  <GBSeq_other-seqids>
    <GBSeqid>gb|AMP56822.1|</GBSeqid>
    <GBSeqid>gi|1004712296</GBSeqid>
  </GBSeq_other-seqids>
  <GBSeq_project>PRJNA300541</GBSeq_project>
  <GBSeq_source>uncultured bacterium</GBSeq_source>
  <GBSeq_organism>uncultured bacterium</GBSeq_organism>
  <GBSeq_taxonomy>Bacteria; environmental samples</GBSeq_taxonomy>
  <GBSeq_references>
    <GBReference>
      <GBReference_reference>1</GBReference_reference>
      <GBReference_position>1..165</GBReference_position>
      <GBReference_authors>
        <GBAuthor>Pehrsson,E.C.</GBAuthor>
        <GBAuthor>Tsukayama,P.</GBAuthor>
        <GBAuthor>Patel,S.</GBAuthor>
        <GBAuthor>Mejia-Bautista,M.</GBAuthor>
        <GBAuthor>Sosa-Soto,G.</GBAuthor>
        <GBAuthor>Navarrete,K.M.</GBAuthor>
        <GBAuthor>Calderon,M.</GBAuthor>
        <GBAuthor>Cabrera,L.</GBAuthor>
        <GBAuthor>Hoyos-Arango,W.</GBAuthor>
        <GBAuthor>Bertoli,M.T.</GBAuthor>
        <GBAuthor>Berg,D.E.</GBAuthor>
        <GBAuthor>Gilman,R.H.</GBAuthor>
        <GBAuthor>Dantas,G.</GBAuthor>
      </GBReference_authors>
      <GBReference_title>Interconnected microbiomes and resistomes in low-income human habitats</GBReference_title>
      <GBReference_journal>Nature 533, 212-216 (2016)</GBReference_journal>
      <GBReference_xref>
        <GBXref>
          <GBXref_dbname>doi</GBXref_dbname>
          <GBXref_id>10.1038/nature17672</GBXref_id>
        </GBXref>
      </GBReference_xref>
      <GBReference_pubmed>27172044</GBReference_pubmed>
      <GBReference_remark>Publication Status: Online-Only</GBReference_remark>
    </GBReference>
    <GBReference>
      <GBReference_reference>2</GBReference_reference>
      <GBReference_position>1..165</GBReference_position>
      <GBReference_authors>
        <GBAuthor>Pehrsson,E.C.</GBAuthor>
        <GBAuthor>Dantas,G.</GBAuthor>
        <GBAuthor>Tsukayama,P.</GBAuthor>
      </GBReference_authors>
      <GBReference_title>Direct Submission</GBReference_title>
      <GBReference_journal>Submitted (12-JAN-2016) Center for Genome Sciences and Systems Biology, Washington University in St. Louis, 4444 Forest Park Ave., St. Louis, MO 63108, USA</GBReference_journal>
    </GBReference>
  </GBSeq_references>
  <GBSeq_comment>Method: conceptual translation.</GBSeq_comment>
  <GBSeq_source-db>accession KU548387.1</GBSeq_source-db>
  <GBSeq_feature-table>
    <GBFeature>
      <GBFeature_key>source</GBFeature_key>
      <GBFeature_location>1..165</GBFeature_location>
      <GBFeature_intervals>
        <GBInterval>
          <GBInterval_from>1</GBInterval_from>
          <GBInterval_to>165</GBInterval_to>
          <GBInterval_accession>AMP56822.1</GBInterval_accession>
        </GBInterval>
      </GBFeature_intervals>
      <GBFeature_quals>
        <GBQualifier>
          <GBQualifier_name>organism</GBQualifier_name>
          <GBQualifier_value>uncultured bacterium</GBQualifier_value>
        </GBQualifier>
        <GBQualifier>
          <GBQualifier_name>isolation_source</GBQualifier_name>
          <GBQualifier_value>soil</GBQualifier_value>
        </GBQualifier>
        <GBQualifier>
          <GBQualifier_name>db_xref</GBQualifier_name>
          <GBQualifier_value>taxon:77133</GBQualifier_value>
        </GBQualifier>
        <GBQualifier>
          <GBQualifier_name>clone</GBQualifier_name>
          <GBQualifier_value>AX128_0402_Contig_12</GBQualifier_value>
        </GBQualifier>
        <GBQualifier>
          <GBQualifier_name>environmental_sample</GBQualifier_name>
        </GBQualifier>
        <GBQualifier>
          <GBQualifier_name>country</GBQualifier_name>
          <GBQualifier_value>El Salvador</GBQualifier_value>
        </GBQualifier>
        <GBQualifier>
          <GBQualifier_name>collection_date</GBQualifier_name>
          <GBQualifier_value>31-Jan-2012</GBQualifier_value>
        </GBQualifier>
      </GBFeature_quals>
    </GBFeature>
    <GBFeature>
      <GBFeature_key>Protein</GBFeature_key>
      <GBFeature_location>1..165</GBFeature_location>
      <GBFeature_intervals>
        <GBInterval>
          <GBInterval_from>1</GBInterval_from>
          <GBInterval_to>165</GBInterval_to>
          <GBInterval_accession>AMP56822.1</GBInterval_accession>
        </GBInterval>
      </GBFeature_intervals>
      <GBFeature_quals>
        <GBQualifier>
          <GBQualifier_name>product</GBQualifier_name>
          <GBQualifier_value>DHFR_1</GBQualifier_value>
        </GBQualifier>
        <GBQualifier>
          <GBQualifier_name>note</GBQualifier_name>
          <GBQualifier_value>Dihydrofolate reductase</GBQualifier_value>
        </GBQualifier>
        <GBQualifier>
          <GBQualifier_name>calculated_mol_wt</GBQualifier_name>
          <GBQualifier_value>18051</GBQualifier_value>
        </GBQualifier>
      </GBFeature_quals>
    </GBFeature>
    <GBFeature>
      <GBFeature_key>Region</GBFeature_key>
      <GBFeature_location>7..162</GBFeature_location>
      <GBFeature_intervals>
        <GBInterval>
          <GBInterval_from>7</GBInterval_from>
          <GBInterval_to>162</GBInterval_to>
          <GBInterval_accession>AMP56822.1</GBInterval_accession>
        </GBInterval>
      </GBFeature_intervals>
      <GBFeature_quals>
        <GBQualifier>
          <GBQualifier_name>region_name</GBQualifier_name>
          <GBQualifier_value>DHFR_1</GBQualifier_value>
        </GBQualifier>
        <GBQualifier>
          <GBQualifier_name>note</GBQualifier_name>
          <GBQualifier_value>Dihydrofolate reductase; pfam00186</GBQualifier_value>
        </GBQualifier>
        <GBQualifier>
          <GBQualifier_name>db_xref</GBQualifier_name>
          <GBQualifier_value>CDD:278610</GBQualifier_value>
        </GBQualifier>
      </GBFeature_quals>
    </GBFeature>
    <GBFeature>
      <GBFeature_key>Site</GBFeature_key>
      <GBFeature_location>order(11,28,33,63,102,108,121)</GBFeature_location>
      <GBFeature_intervals>
        <GBInterval>
          <GBInterval_point>11</GBInterval_point>
          <GBInterval_accession>AMP56822.1</GBInterval_accession>
        </GBInterval>
        <GBInterval>
          <GBInterval_point>28</GBInterval_point>
          <GBInterval_accession>AMP56822.1</GBInterval_accession>
        </GBInterval>
        <GBInterval>
          <GBInterval_point>33</GBInterval_point>
          <GBInterval_accession>AMP56822.1</GBInterval_accession>
        </GBInterval>
        <GBInterval>
          <GBInterval_point>63</GBInterval_point>
          <GBInterval_accession>AMP56822.1</GBInterval_accession>
        </GBInterval>
        <GBInterval>
          <GBInterval_point>102</GBInterval_point>
          <GBInterval_accession>AMP56822.1</GBInterval_accession>
        </GBInterval>
        <GBInterval>
          <GBInterval_point>108</GBInterval_point>
          <GBInterval_accession>AMP56822.1</GBInterval_accession>
        </GBInterval>
        <GBInterval>
          <GBInterval_point>121</GBInterval_point>
          <GBInterval_accession>AMP56822.1</GBInterval_accession>
        </GBInterval>
      </GBFeature_intervals>
      <GBFeature_operator>order</GBFeature_operator>
      <GBFeature_quals>
        <GBQualifier>
          <GBQualifier_name>site_type</GBQualifier_name>
          <GBQualifier_value>other</GBQualifier_value>
        </GBQualifier>
        <GBQualifier>
          <GBQualifier_name>note</GBQualifier_name>
          <GBQualifier_value>folate binding site [chemical binding]</GBQualifier_value>
        </GBQualifier>
        <GBQualifier>
          <GBQualifier_name>db_xref</GBQualifier_name>
          <GBQualifier_value>CDD:238127</GBQualifier_value>
        </GBQualifier>
      </GBFeature_quals>
    </GBFeature>
    <GBFeature>
      <GBFeature_key>Site</GBFeature_key>
      <GBFeature_location>order(13,20,50..52,70,103..106)</GBFeature_location>
      <GBFeature_intervals>
        <GBInterval>
          <GBInterval_point>13</GBInterval_point>
          <GBInterval_accession>AMP56822.1</GBInterval_accession>
        </GBInterval>
        <GBInterval>
          <GBInterval_point>20</GBInterval_point>
          <GBInterval_accession>AMP56822.1</GBInterval_accession>
        </GBInterval>
        <GBInterval>
          <GBInterval_from>50</GBInterval_from>
          <GBInterval_to>52</GBInterval_to>
          <GBInterval_accession>AMP56822.1</GBInterval_accession>
        </GBInterval>
        <GBInterval>
          <GBInterval_point>70</GBInterval_point>
          <GBInterval_accession>AMP56822.1</GBInterval_accession>
        </GBInterval>
        <GBInterval>
          <GBInterval_from>103</GBInterval_from>
          <GBInterval_to>106</GBInterval_to>
          <GBInterval_accession>AMP56822.1</GBInterval_accession>
        </GBInterval>
      </GBFeature_intervals>
      <GBFeature_operator>order</GBFeature_operator>
      <GBFeature_quals>
        <GBQualifier>
          <GBQualifier_name>site_type</GBQualifier_name>
          <GBQualifier_value>other</GBQualifier_value>
        </GBQualifier>
        <GBQualifier>
          <GBQualifier_name>note</GBQualifier_name>
          <GBQualifier_value>NADP+ binding site [chemical binding]</GBQualifier_value>
        </GBQualifier>
        <GBQualifier>
          <GBQualifier_name>db_xref</GBQualifier_name>
          <GBQualifier_value>CDD:238127</GBQualifier_value>
        </GBQualifier>
      </GBFeature_quals>
    </GBFeature>
    <GBFeature>
      <GBFeature_key>CDS</GBFeature_key>
      <GBFeature_location>1..165</GBFeature_location>
      <GBFeature_intervals>
        <GBInterval>
          <GBInterval_from>1</GBInterval_from>
          <GBInterval_to>165</GBInterval_to>
          <GBInterval_accession>AMP56822.1</GBInterval_accession>
        </GBInterval>
      </GBFeature_intervals>
      <GBFeature_quals>
        <GBQualifier>
          <GBQualifier_name>coded_by</GBQualifier_name>
          <GBQualifier_value>KU548387.1:915..1412</GBQualifier_value>
        </GBQualifier>
        <GBQualifier>
          <GBQualifier_name>note</GBQualifier_name>
          <GBQualifier_value>ResFam RF0063, Annotation e-value: 2.3e-53, score: 173.7; Pfam PF00186.14, Annotation e-value: 1.9e-51, score: 173.7; AX128_0402_Contig_12_915_1412</GBQualifier_value>
        </GBQualifier>
        <GBQualifier>
          <GBQualifier_name>transl_table</GBQualifier_name>
          <GBQualifier_value>11</GBQualifier_value>
        </GBQualifier>
      </GBFeature_quals>
    </GBFeature>
  </GBSeq_feature-table>
  <GBSeq_sequence>msqqavriylvaamganrvigngpdipwkipgeqkifrrltegkvvvmgrrtfesigkplpnrhtivisrqtsyraagctvvsnlsqaiafaaergnelyvaggaeiyalamphahcvflsevhqtfdgdaffprldqtefevvsseavqasipythsvyvrrng</GBSeq_sequence>
  <GBSeq_xrefs>
    <GBXref>
      <GBXref_dbname>BioProject</GBXref_dbname>
      <GBXref_id>PRJNA300541</GBXref_id>
    </GBXref>
    <GBXref>
      <GBXref_dbname>BioSample</GBXref_dbname>
      <GBXref_id>SAMN04261553</GBXref_id>
    </GBXref>
  </GBSeq_xrefs>
</GBSeq>

</GBSet>

