<?xml version="1.0" ?>
<!DOCTYPE GBSet PUBLIC "-//NCBI//NCBI GBSeq/EN" "https://www.ncbi.nlm.nih.gov/dtd/NCBI_GBSeq.dtd">
<GBSet>
<GBSeq>
  <GBSeq_locus>BAO81410</GBSeq_locus>
  <GBSeq_length>179</GBSeq_length>
  <GBSeq_moltype>AA</GBSeq_moltype>
  <GBSeq_topology>linear</GBSeq_topology>
  <GBSeq_division>BCT</GBSeq_division>
  <GBSeq_update-date>30-SEP-2015</GBSeq_update-date>
  <GBSeq_create-date>17-MAY-2014</GBSeq_create-date>
  <GBSeq_definition>dihydrofolate reductase [Comamonadaceae bacterium A1]</GBSeq_definition>
  <GBSeq_primary-accession>BAO81410</GBSeq_primary-accession>
  <GBSeq_accession-version>BAO81410.1</GBSeq_accession-version>
  <GBSeq_other-seqids>
    <GBSeqid>dbj|BAO81410.1|</GBSeqid>
    <GBSeqid>gi|635596253</GBSeqid>
  </GBSeq_other-seqids>
  <GBSeq_project>PRJDB1607</GBSeq_project>
  <GBSeq_source>Comamonadaceae bacterium A1</GBSeq_source>
  <GBSeq_organism>Comamonadaceae bacterium A1</GBSeq_organism>
  <GBSeq_taxonomy>Bacteria; Proteobacteria; Betaproteobacteria; Burkholderiales; Comamonadaceae</GBSeq_taxonomy>
  <GBSeq_references>
    <GBReference>
      <GBReference_reference>1</GBReference_reference>
      <GBReference_authors>
        <GBAuthor>Suzuki,S.</GBAuthor>
        <GBAuthor>Kuenen,J.G.</GBAuthor>
        <GBAuthor>Schipper,K.</GBAuthor>
        <GBAuthor>van der Velde,S.</GBAuthor>
        <GBAuthor>Ishii,S.</GBAuthor>
        <GBAuthor>Wu,A.</GBAuthor>
        <GBAuthor>Sorokin,D.Y.</GBAuthor>
        <GBAuthor>Tenney,A.</GBAuthor>
        <GBAuthor>Meng,X.</GBAuthor>
        <GBAuthor>Morrill,P.L.</GBAuthor>
        <GBAuthor>Kamagata,Y.</GBAuthor>
        <GBAuthor>Muyzer,G.</GBAuthor>
        <GBAuthor>Nealson,K.H.</GBAuthor>
      </GBReference_authors>
      <GBReference_title>Physiological and genomic features of highly alkaliphilic hydrogen-utilizing Betaproteobacteria from a continental serpentinizing site</GBReference_title>
      <GBReference_journal>Nat Commun 5, 3900 (2014)</GBReference_journal>
      <GBReference_xref>
        <GBXref>
          <GBXref_dbname>doi</GBXref_dbname>
          <GBXref_id>10.1038/ncomms4900</GBXref_id>
        </GBXref>
      </GBReference_xref>
      <GBReference_pubmed>24845058</GBReference_pubmed>
      <GBReference_remark>DOI:10.1038/ncomms4900; Publication Status: Online-Only</GBReference_remark>
    </GBReference>
    <GBReference>
      <GBReference_reference>2</GBReference_reference>
      <GBReference_position>1..179</GBReference_position>
      <GBReference_authors>
        <GBAuthor>Suzuki,S.</GBAuthor>
        <GBAuthor>Kuenen,J.G.</GBAuthor>
        <GBAuthor>Ishii,S.</GBAuthor>
        <GBAuthor>Nealson,K.H.</GBAuthor>
      </GBReference_authors>
      <GBReference_title>Direct Submission</GBReference_title>
      <GBReference_journal>Submitted (01-APR-2014) Contact:Shino Suzuki Japan Agency for Marine-Earth Science and Technology; Monobe B200, Nankoku, Kochi 783-8502, Japan</GBReference_journal>
    </GBReference>
  </GBSeq_references>
  <GBSeq_source-db>accession AP014568.1</GBSeq_source-db>
  <GBSeq_feature-table>
    <GBFeature>
      <GBFeature_key>source</GBFeature_key>
      <GBFeature_location>1..179</GBFeature_location>
      <GBFeature_intervals>
        <GBInterval>
          <GBInterval_from>1</GBInterval_from>
          <GBInterval_to>179</GBInterval_to>
          <GBInterval_accession>BAO81410.1</GBInterval_accession>
        </GBInterval>
      </GBFeature_intervals>
      <GBFeature_quals>
        <GBQualifier>
          <GBQualifier_name>organism</GBQualifier_name>
          <GBQualifier_value>Comamonadaceae bacterium A1</GBQualifier_value>
        </GBQualifier>
        <GBQualifier>
          <GBQualifier_name>strain</GBQualifier_name>
          <GBQualifier_value>A1</GBQualifier_value>
        </GBQualifier>
        <GBQualifier>
          <GBQualifier_name>db_xref</GBQualifier_name>
          <GBQualifier_value>taxon:1458425</GBQualifier_value>
        </GBQualifier>
      </GBFeature_quals>
    </GBFeature>
    <GBFeature>
      <GBFeature_key>Protein</GBFeature_key>
      <GBFeature_location>1..179</GBFeature_location>
      <GBFeature_intervals>
        <GBInterval>
          <GBInterval_from>1</GBInterval_from>
          <GBInterval_to>179</GBInterval_to>
          <GBInterval_accession>BAO81410.1</GBInterval_accession>
        </GBInterval>
      </GBFeature_intervals>
      <GBFeature_quals>
        <GBQualifier>
          <GBQualifier_name>product</GBQualifier_name>
          <GBQualifier_value>dihydrofolate reductase</GBQualifier_value>
        </GBQualifier>
        <GBQualifier>
          <GBQualifier_name>calculated_mol_wt</GBQualifier_name>
          <GBQualifier_value>19529</GBQualifier_value>
        </GBQualifier>
      </GBFeature_quals>
    </GBFeature>
    <GBFeature>
      <GBFeature_key>Region</GBFeature_key>
      <GBFeature_location>6..172</GBFeature_location>
      <GBFeature_intervals>
        <GBInterval>
          <GBInterval_from>6</GBInterval_from>
          <GBInterval_to>172</GBInterval_to>
          <GBInterval_accession>BAO81410.1</GBInterval_accession>
        </GBInterval>
      </GBFeature_intervals>
      <GBFeature_quals>
        <GBQualifier>
          <GBQualifier_name>region_name</GBQualifier_name>
          <GBQualifier_value>DHFR_1</GBQualifier_value>
        </GBQualifier>
        <GBQualifier>
          <GBQualifier_name>note</GBQualifier_name>
          <GBQualifier_value>Dihydrofolate reductase; pfam00186</GBQualifier_value>
        </GBQualifier>
        <GBQualifier>
          <GBQualifier_name>db_xref</GBQualifier_name>
          <GBQualifier_value>CDD:278610</GBQualifier_value>
        </GBQualifier>
      </GBFeature_quals>
    </GBFeature>
    <GBFeature>
      <GBFeature_key>Site</GBFeature_key>
      <GBFeature_location>order(10,27,32,65,111,117,130)</GBFeature_location>
      <GBFeature_intervals>
        <GBInterval>
          <GBInterval_point>10</GBInterval_point>
          <GBInterval_accession>BAO81410.1</GBInterval_accession>
        </GBInterval>
        <GBInterval>
          <GBInterval_point>27</GBInterval_point>
          <GBInterval_accession>BAO81410.1</GBInterval_accession>
        </GBInterval>
        <GBInterval>
          <GBInterval_point>32</GBInterval_point>
          <GBInterval_accession>BAO81410.1</GBInterval_accession>
        </GBInterval>
        <GBInterval>
          <GBInterval_point>65</GBInterval_point>
          <GBInterval_accession>BAO81410.1</GBInterval_accession>
        </GBInterval>
        <GBInterval>
          <GBInterval_point>111</GBInterval_point>
          <GBInterval_accession>BAO81410.1</GBInterval_accession>
        </GBInterval>
        <GBInterval>
          <GBInterval_point>117</GBInterval_point>
          <GBInterval_accession>BAO81410.1</GBInterval_accession>
        </GBInterval>
        <GBInterval>
          <GBInterval_point>130</GBInterval_point>
          <GBInterval_accession>BAO81410.1</GBInterval_accession>
        </GBInterval>
      </GBFeature_intervals>
      <GBFeature_operator>order</GBFeature_operator>
      <GBFeature_quals>
        <GBQualifier>
          <GBQualifier_name>site_type</GBQualifier_name>
          <GBQualifier_value>other</GBQualifier_value>
        </GBQualifier>
        <GBQualifier>
          <GBQualifier_name>note</GBQualifier_name>
          <GBQualifier_value>folate binding site [chemical binding]</GBQualifier_value>
        </GBQualifier>
        <GBQualifier>
          <GBQualifier_name>db_xref</GBQualifier_name>
          <GBQualifier_value>CDD:238127</GBQualifier_value>
        </GBQualifier>
      </GBFeature_quals>
    </GBFeature>
    <GBFeature>
      <GBFeature_key>Site</GBFeature_key>
      <GBFeature_location>order(12,19,49..51,72,112..115)</GBFeature_location>
      <GBFeature_intervals>
        <GBInterval>
          <GBInterval_point>12</GBInterval_point>
          <GBInterval_accession>BAO81410.1</GBInterval_accession>
        </GBInterval>
        <GBInterval>
          <GBInterval_point>19</GBInterval_point>
          <GBInterval_accession>BAO81410.1</GBInterval_accession>
        </GBInterval>
        <GBInterval>
          <GBInterval_from>49</GBInterval_from>
          <GBInterval_to>51</GBInterval_to>
          <GBInterval_accession>BAO81410.1</GBInterval_accession>
        </GBInterval>
        <GBInterval>
          <GBInterval_point>72</GBInterval_point>
          <GBInterval_accession>BAO81410.1</GBInterval_accession>
        </GBInterval>
        <GBInterval>
          <GBInterval_from>112</GBInterval_from>
          <GBInterval_to>115</GBInterval_to>
          <GBInterval_accession>BAO81410.1</GBInterval_accession>
        </GBInterval>
      </GBFeature_intervals>
      <GBFeature_operator>order</GBFeature_operator>
      <GBFeature_quals>
        <GBQualifier>
          <GBQualifier_name>site_type</GBQualifier_name>
          <GBQualifier_value>other</GBQualifier_value>
        </GBQualifier>
        <GBQualifier>
          <GBQualifier_name>note</GBQualifier_name>
          <GBQualifier_value>NADP+ binding site [chemical binding]</GBQualifier_value>
        </GBQualifier>
        <GBQualifier>
          <GBQualifier_name>db_xref</GBQualifier_name>
          <GBQualifier_value>CDD:238127</GBQualifier_value>
        </GBQualifier>
      </GBFeature_quals>
    </GBFeature>
    <GBFeature>
      <GBFeature_key>CDS</GBFeature_key>
      <GBFeature_location>1..179</GBFeature_location>
      <GBFeature_intervals>
        <GBInterval>
          <GBInterval_from>1</GBInterval_from>
          <GBInterval_to>179</GBInterval_to>
          <GBInterval_accession>BAO81410.1</GBInterval_accession>
        </GBInterval>
      </GBFeature_intervals>
      <GBFeature_quals>
        <GBQualifier>
          <GBQualifier_name>locus_tag</GBQualifier_name>
          <GBQualifier_value>SRAA_1556</GBQualifier_value>
        </GBQualifier>
        <GBQualifier>
          <GBQualifier_name>coded_by</GBQualifier_name>
          <GBQualifier_value>AP014568.1:1677954..1678493</GBQualifier_value>
        </GBQualifier>
        <GBQualifier>
          <GBQualifier_name>note</GBQualifier_name>
          <GBQualifier_value>identified by MetaGeneAnnotator; putative</GBQualifier_value>
        </GBQualifier>
        <GBQualifier>
          <GBQualifier_name>transl_table</GBQualifier_name>
          <GBQualifier_value>11</GBQualifier_value>
        </GBQualifier>
      </GBFeature_quals>
    </GBFeature>
  </GBSeq_feature-table>
  <GBSeq_sequence>mltpmrlnliyaraangviglhnrlpwhlpedlahfkrhtlgcpvlmgratwdglpprfkplpgrpnlvltrhperaaaleaegalpctsledalaqcaqmqppppevwviggaqlyaqalplasrvlateiwadfegdayapslgpewqecsrepvtsasglrldfvcyqrqplpatv</GBSeq_sequence>
  <GBSeq_xrefs>
    <GBXref>
      <GBXref_dbname>BioProject</GBXref_dbname>
      <GBXref_id>PRJDB1607</GBXref_id>
    </GBXref>
    <GBXref>
      <GBXref_dbname>BioSample</GBXref_dbname>
      <GBXref_id>SAMD00000325</GBXref_id>
    </GBXref>
  </GBSeq_xrefs>
</GBSeq>

</GBSet>

