<?xml version="1.0" ?>
<!DOCTYPE GBSet PUBLIC "-//NCBI//NCBI GBSeq/EN" "https://www.ncbi.nlm.nih.gov/dtd/NCBI_GBSeq.dtd">
<GBSet>
<GBSeq>
  <GBSeq_locus>CCG88328</GBSeq_locus>
  <GBSeq_length>172</GBSeq_length>
  <GBSeq_moltype>AA</GBSeq_moltype>
  <GBSeq_topology>linear</GBSeq_topology>
  <GBSeq_division>BCT</GBSeq_division>
  <GBSeq_update-date>25-NOV-2013</GBSeq_update-date>
  <GBSeq_create-date>25-NOV-2013</GBSeq_create-date>
  <GBSeq_definition>Dihydrofolate reductase [Erwinia piriflorinigrans CFBP 5888]</GBSeq_definition>
  <GBSeq_primary-accession>CCG88328</GBSeq_primary-accession>
  <GBSeq_accession-version>CCG88328.1</GBSeq_accession-version>
  <GBSeq_other-seqids>
    <GBSeqid>emb|CCG88328.1|</GBSeqid>
    <GBSeqid>gi|560106110</GBSeqid>
  </GBSeq_other-seqids>
  <GBSeq_source>Erwinia piriflorinigrans CFBP 5888</GBSeq_source>
  <GBSeq_organism>Erwinia piriflorinigrans CFBP 5888</GBSeq_organism>
  <GBSeq_taxonomy>Bacteria; Proteobacteria; Gammaproteobacteria; Enterobacteriales; Enterobacteriaceae; Erwinia</GBSeq_taxonomy>
  <GBSeq_source-db>embl accession CAHS01000017.1</GBSeq_source-db>
  <GBSeq_feature-table>
    <GBFeature>
      <GBFeature_key>source</GBFeature_key>
      <GBFeature_location>1..172</GBFeature_location>
      <GBFeature_intervals>
        <GBInterval>
          <GBInterval_from>1</GBInterval_from>
          <GBInterval_to>172</GBInterval_to>
          <GBInterval_accession>CCG88328.1</GBInterval_accession>
        </GBInterval>
      </GBFeature_intervals>
      <GBFeature_quals>
        <GBQualifier>
          <GBQualifier_name>organism</GBQualifier_name>
          <GBQualifier_value>Erwinia piriflorinigrans CFBP 5888</GBQualifier_value>
        </GBQualifier>
        <GBQualifier>
          <GBQualifier_name>strain</GBQualifier_name>
          <GBQualifier_value>CFBP 5888</GBQualifier_value>
        </GBQualifier>
        <GBQualifier>
          <GBQualifier_name>db_xref</GBQualifier_name>
          <GBQualifier_value>taxon:1161919</GBQualifier_value>
        </GBQualifier>
        <GBQualifier>
          <GBQualifier_name>note</GBQualifier_name>
          <GBQualifier_value>contig EPIR_CONTIG_17</GBQualifier_value>
        </GBQualifier>
      </GBFeature_quals>
    </GBFeature>
    <GBFeature>
      <GBFeature_key>Protein</GBFeature_key>
      <GBFeature_location>1..172</GBFeature_location>
      <GBFeature_intervals>
        <GBInterval>
          <GBInterval_from>1</GBInterval_from>
          <GBInterval_to>172</GBInterval_to>
          <GBInterval_accession>CCG88328.1</GBInterval_accession>
        </GBInterval>
      </GBFeature_intervals>
      <GBFeature_quals>
        <GBQualifier>
          <GBQualifier_name>product</GBQualifier_name>
          <GBQualifier_value>Dihydrofolate reductase</GBQualifier_value>
        </GBQualifier>
        <GBQualifier>
          <GBQualifier_name>EC_number</GBQualifier_name>
          <GBQualifier_value>1.5.1.3</GBQualifier_value>
        </GBQualifier>
        <GBQualifier>
          <GBQualifier_name>calculated_mol_wt</GBQualifier_name>
          <GBQualifier_value>19380</GBQualifier_value>
        </GBQualifier>
      </GBFeature_quals>
    </GBFeature>
    <GBFeature>
      <GBFeature_key>Region</GBFeature_key>
      <GBFeature_location>14..172</GBFeature_location>
      <GBFeature_intervals>
        <GBInterval>
          <GBInterval_from>14</GBInterval_from>
          <GBInterval_to>172</GBInterval_to>
          <GBInterval_accession>CCG88328.1</GBInterval_accession>
        </GBInterval>
      </GBFeature_intervals>
      <GBFeature_quals>
        <GBQualifier>
          <GBQualifier_name>region_name</GBQualifier_name>
          <GBQualifier_value>folA</GBQualifier_value>
        </GBQualifier>
        <GBQualifier>
          <GBQualifier_name>note</GBQualifier_name>
          <GBQualifier_value>dihydrofolate reductase; Provisional; PRK10769</GBQualifier_value>
        </GBQualifier>
        <GBQualifier>
          <GBQualifier_name>db_xref</GBQualifier_name>
          <GBQualifier_value>CDD:182714</GBQualifier_value>
        </GBQualifier>
      </GBFeature_quals>
    </GBFeature>
    <GBFeature>
      <GBFeature_key>Site</GBFeature_key>
      <GBFeature_location>order(18,35,40,70,107,113,126)</GBFeature_location>
      <GBFeature_intervals>
        <GBInterval>
          <GBInterval_point>18</GBInterval_point>
          <GBInterval_accession>CCG88328.1</GBInterval_accession>
        </GBInterval>
        <GBInterval>
          <GBInterval_point>35</GBInterval_point>
          <GBInterval_accession>CCG88328.1</GBInterval_accession>
        </GBInterval>
        <GBInterval>
          <GBInterval_point>40</GBInterval_point>
          <GBInterval_accession>CCG88328.1</GBInterval_accession>
        </GBInterval>
        <GBInterval>
          <GBInterval_point>70</GBInterval_point>
          <GBInterval_accession>CCG88328.1</GBInterval_accession>
        </GBInterval>
        <GBInterval>
          <GBInterval_point>107</GBInterval_point>
          <GBInterval_accession>CCG88328.1</GBInterval_accession>
        </GBInterval>
        <GBInterval>
          <GBInterval_point>113</GBInterval_point>
          <GBInterval_accession>CCG88328.1</GBInterval_accession>
        </GBInterval>
        <GBInterval>
          <GBInterval_point>126</GBInterval_point>
          <GBInterval_accession>CCG88328.1</GBInterval_accession>
        </GBInterval>
      </GBFeature_intervals>
      <GBFeature_operator>order</GBFeature_operator>
      <GBFeature_quals>
        <GBQualifier>
          <GBQualifier_name>site_type</GBQualifier_name>
          <GBQualifier_value>other</GBQualifier_value>
        </GBQualifier>
        <GBQualifier>
          <GBQualifier_name>note</GBQualifier_name>
          <GBQualifier_value>folate binding site [chemical binding]</GBQualifier_value>
        </GBQualifier>
        <GBQualifier>
          <GBQualifier_name>db_xref</GBQualifier_name>
          <GBQualifier_value>CDD:238127</GBQualifier_value>
        </GBQualifier>
      </GBFeature_quals>
    </GBFeature>
    <GBFeature>
      <GBFeature_key>Site</GBFeature_key>
      <GBFeature_location>order(20,27,57..59,77,108..111)</GBFeature_location>
      <GBFeature_intervals>
        <GBInterval>
          <GBInterval_point>20</GBInterval_point>
          <GBInterval_accession>CCG88328.1</GBInterval_accession>
        </GBInterval>
        <GBInterval>
          <GBInterval_point>27</GBInterval_point>
          <GBInterval_accession>CCG88328.1</GBInterval_accession>
        </GBInterval>
        <GBInterval>
          <GBInterval_from>57</GBInterval_from>
          <GBInterval_to>59</GBInterval_to>
          <GBInterval_accession>CCG88328.1</GBInterval_accession>
        </GBInterval>
        <GBInterval>
          <GBInterval_point>77</GBInterval_point>
          <GBInterval_accession>CCG88328.1</GBInterval_accession>
        </GBInterval>
        <GBInterval>
          <GBInterval_from>108</GBInterval_from>
          <GBInterval_to>111</GBInterval_to>
          <GBInterval_accession>CCG88328.1</GBInterval_accession>
        </GBInterval>
      </GBFeature_intervals>
      <GBFeature_operator>order</GBFeature_operator>
      <GBFeature_quals>
        <GBQualifier>
          <GBQualifier_name>site_type</GBQualifier_name>
          <GBQualifier_value>other</GBQualifier_value>
        </GBQualifier>
        <GBQualifier>
          <GBQualifier_name>note</GBQualifier_name>
          <GBQualifier_value>NADP+ binding site [chemical binding]</GBQualifier_value>
        </GBQualifier>
        <GBQualifier>
          <GBQualifier_name>db_xref</GBQualifier_name>
          <GBQualifier_value>CDD:238127</GBQualifier_value>
        </GBQualifier>
      </GBFeature_quals>
    </GBFeature>
    <GBFeature>
      <GBFeature_key>CDS</GBFeature_key>
      <GBFeature_location>1..172</GBFeature_location>
      <GBFeature_intervals>
        <GBInterval>
          <GBInterval_from>1</GBInterval_from>
          <GBInterval_to>172</GBInterval_to>
          <GBInterval_accession>CCG88328.1</GBInterval_accession>
        </GBInterval>
      </GBFeature_intervals>
      <GBFeature_quals>
        <GBQualifier>
          <GBQualifier_name>gene</GBQualifier_name>
          <GBQualifier_value>folA</GBQualifier_value>
        </GBQualifier>
        <GBQualifier>
          <GBQualifier_name>locus_tag</GBQualifier_name>
          <GBQualifier_value>EPIR_2965</GBQualifier_value>
        </GBQualifier>
        <GBQualifier>
          <GBQualifier_name>coded_by</GBQualifier_name>
          <GBQualifier_value>complement(CAHS01000017.1:199417..199935)</GBQualifier_value>
        </GBQualifier>
        <GBQualifier>
          <GBQualifier_name>transl_table</GBQualifier_name>
          <GBQualifier_value>11</GBQualifier_value>
        </GBQualifier>
      </GBFeature_quals>
    </GBFeature>
  </GBSeq_feature-table>
  <GBSeq_sequence>mmapilspaefdmmisliaalaadrvigmenampwhlpadlawfkkqtlnkpvimgrrtwesigrplpgrlnivisrqkgeaegvvwvsniedalkaageveelmvigggriyeqllpradrlylthidaevegdthfpdyepdewqstfsefhdaseknshsfcfeildrr</GBSeq_sequence>
</GBSeq>

</GBSet>

