<?xml version="1.0" ?>
<!DOCTYPE GBSet PUBLIC "-//NCBI//NCBI GBSeq/EN" "https://www.ncbi.nlm.nih.gov/dtd/NCBI_GBSeq.dtd">
<GBSet>
<GBSeq>
  <GBSeq_locus>CCJ79442</GBSeq_locus>
  <GBSeq_length>195</GBSeq_length>
  <GBSeq_moltype>AA</GBSeq_moltype>
  <GBSeq_topology>linear</GBSeq_topology>
  <GBSeq_division>BCT</GBSeq_division>
  <GBSeq_update-date>28-NOV-2012</GBSeq_update-date>
  <GBSeq_create-date>15-NOV-2012</GBSeq_create-date>
  <GBSeq_definition>Dihydrofolate reductase [Cronobacter dublinensis 1210]</GBSeq_definition>
  <GBSeq_primary-accession>CCJ79442</GBSeq_primary-accession>
  <GBSeq_accession-version>CCJ79442.1</GBSeq_accession-version>
  <GBSeq_other-seqids>
    <GBSeqid>emb|CCJ79442.1|</GBSeqid>
    <GBSeqid>gi|426744966</GBSeqid>
  </GBSeq_other-seqids>
  <GBSeq_source>Cronobacter dublinensis 1210</GBSeq_source>
  <GBSeq_organism>Cronobacter dublinensis 1210</GBSeq_organism>
  <GBSeq_taxonomy>Bacteria; Proteobacteria; Gammaproteobacteria; Enterobacteriales; Enterobacteriaceae; Cronobacter</GBSeq_taxonomy>
  <GBSeq_source-db>embl accession CAKZ01000008.1</GBSeq_source-db>
  <GBSeq_feature-table>
    <GBFeature>
      <GBFeature_key>source</GBFeature_key>
      <GBFeature_location>1..195</GBFeature_location>
      <GBFeature_intervals>
        <GBInterval>
          <GBInterval_from>1</GBInterval_from>
          <GBInterval_to>195</GBInterval_to>
          <GBInterval_accession>CCJ79442.1</GBInterval_accession>
        </GBInterval>
      </GBFeature_intervals>
      <GBFeature_quals>
        <GBQualifier>
          <GBQualifier_name>organism</GBQualifier_name>
          <GBQualifier_value>Cronobacter dublinensis 1210</GBQualifier_value>
        </GBQualifier>
        <GBQualifier>
          <GBQualifier_name>strain</GBQualifier_name>
          <GBQualifier_value>1210</GBQualifier_value>
        </GBQualifier>
        <GBQualifier>
          <GBQualifier_name>db_xref</GBQualifier_name>
          <GBQualifier_value>taxon:1208656</GBQualifier_value>
        </GBQualifier>
        <GBQualifier>
          <GBQualifier_name>note</GBQualifier_name>
          <GBQualifier_value>contig Cdub_1210_c17</GBQualifier_value>
        </GBQualifier>
      </GBFeature_quals>
    </GBFeature>
    <GBFeature>
      <GBFeature_key>Protein</GBFeature_key>
      <GBFeature_location>1..195</GBFeature_location>
      <GBFeature_intervals>
        <GBInterval>
          <GBInterval_from>1</GBInterval_from>
          <GBInterval_to>195</GBInterval_to>
          <GBInterval_accession>CCJ79442.1</GBInterval_accession>
        </GBInterval>
      </GBFeature_intervals>
      <GBFeature_quals>
        <GBQualifier>
          <GBQualifier_name>product</GBQualifier_name>
          <GBQualifier_value>Dihydrofolate reductase</GBQualifier_value>
        </GBQualifier>
        <GBQualifier>
          <GBQualifier_name>EC_number</GBQualifier_name>
          <GBQualifier_value>1.5.1.3</GBQualifier_value>
        </GBQualifier>
        <GBQualifier>
          <GBQualifier_name>calculated_mol_wt</GBQualifier_name>
          <GBQualifier_value>22481</GBQualifier_value>
        </GBQualifier>
      </GBFeature_quals>
    </GBFeature>
    <GBFeature>
      <GBFeature_key>Region</GBFeature_key>
      <GBFeature_location>37..195</GBFeature_location>
      <GBFeature_intervals>
        <GBInterval>
          <GBInterval_from>37</GBInterval_from>
          <GBInterval_to>195</GBInterval_to>
          <GBInterval_accession>CCJ79442.1</GBInterval_accession>
        </GBInterval>
      </GBFeature_intervals>
      <GBFeature_quals>
        <GBQualifier>
          <GBQualifier_name>region_name</GBQualifier_name>
          <GBQualifier_value>folA</GBQualifier_value>
        </GBQualifier>
        <GBQualifier>
          <GBQualifier_name>note</GBQualifier_name>
          <GBQualifier_value>dihydrofolate reductase; Provisional; PRK10769</GBQualifier_value>
        </GBQualifier>
        <GBQualifier>
          <GBQualifier_name>db_xref</GBQualifier_name>
          <GBQualifier_value>CDD:182714</GBQualifier_value>
        </GBQualifier>
      </GBFeature_quals>
    </GBFeature>
    <GBFeature>
      <GBFeature_key>Site</GBFeature_key>
      <GBFeature_location>order(41,58,63,93,130,136,149)</GBFeature_location>
      <GBFeature_intervals>
        <GBInterval>
          <GBInterval_point>41</GBInterval_point>
          <GBInterval_accession>CCJ79442.1</GBInterval_accession>
        </GBInterval>
        <GBInterval>
          <GBInterval_point>58</GBInterval_point>
          <GBInterval_accession>CCJ79442.1</GBInterval_accession>
        </GBInterval>
        <GBInterval>
          <GBInterval_point>63</GBInterval_point>
          <GBInterval_accession>CCJ79442.1</GBInterval_accession>
        </GBInterval>
        <GBInterval>
          <GBInterval_point>93</GBInterval_point>
          <GBInterval_accession>CCJ79442.1</GBInterval_accession>
        </GBInterval>
        <GBInterval>
          <GBInterval_point>130</GBInterval_point>
          <GBInterval_accession>CCJ79442.1</GBInterval_accession>
        </GBInterval>
        <GBInterval>
          <GBInterval_point>136</GBInterval_point>
          <GBInterval_accession>CCJ79442.1</GBInterval_accession>
        </GBInterval>
        <GBInterval>
          <GBInterval_point>149</GBInterval_point>
          <GBInterval_accession>CCJ79442.1</GBInterval_accession>
        </GBInterval>
      </GBFeature_intervals>
      <GBFeature_operator>order</GBFeature_operator>
      <GBFeature_quals>
        <GBQualifier>
          <GBQualifier_name>site_type</GBQualifier_name>
          <GBQualifier_value>other</GBQualifier_value>
        </GBQualifier>
        <GBQualifier>
          <GBQualifier_name>note</GBQualifier_name>
          <GBQualifier_value>folate binding site [chemical binding]</GBQualifier_value>
        </GBQualifier>
        <GBQualifier>
          <GBQualifier_name>db_xref</GBQualifier_name>
          <GBQualifier_value>CDD:238127</GBQualifier_value>
        </GBQualifier>
      </GBFeature_quals>
    </GBFeature>
    <GBFeature>
      <GBFeature_key>Site</GBFeature_key>
      <GBFeature_location>order(43,50,80..82,100,131..134)</GBFeature_location>
      <GBFeature_intervals>
        <GBInterval>
          <GBInterval_point>43</GBInterval_point>
          <GBInterval_accession>CCJ79442.1</GBInterval_accession>
        </GBInterval>
        <GBInterval>
          <GBInterval_point>50</GBInterval_point>
          <GBInterval_accession>CCJ79442.1</GBInterval_accession>
        </GBInterval>
        <GBInterval>
          <GBInterval_from>80</GBInterval_from>
          <GBInterval_to>82</GBInterval_to>
          <GBInterval_accession>CCJ79442.1</GBInterval_accession>
        </GBInterval>
        <GBInterval>
          <GBInterval_point>100</GBInterval_point>
          <GBInterval_accession>CCJ79442.1</GBInterval_accession>
        </GBInterval>
        <GBInterval>
          <GBInterval_from>131</GBInterval_from>
          <GBInterval_to>134</GBInterval_to>
          <GBInterval_accession>CCJ79442.1</GBInterval_accession>
        </GBInterval>
      </GBFeature_intervals>
      <GBFeature_operator>order</GBFeature_operator>
      <GBFeature_quals>
        <GBQualifier>
          <GBQualifier_name>site_type</GBQualifier_name>
          <GBQualifier_value>other</GBQualifier_value>
        </GBQualifier>
        <GBQualifier>
          <GBQualifier_name>note</GBQualifier_name>
          <GBQualifier_value>NADP+ binding site [chemical binding]</GBQualifier_value>
        </GBQualifier>
        <GBQualifier>
          <GBQualifier_name>db_xref</GBQualifier_name>
          <GBQualifier_value>CDD:238127</GBQualifier_value>
        </GBQualifier>
      </GBFeature_quals>
    </GBFeature>
    <GBFeature>
      <GBFeature_key>CDS</GBFeature_key>
      <GBFeature_location>1..195</GBFeature_location>
      <GBFeature_intervals>
        <GBInterval>
          <GBInterval_from>1</GBInterval_from>
          <GBInterval_to>195</GBInterval_to>
          <GBInterval_accession>CCJ79442.1</GBInterval_accession>
        </GBInterval>
      </GBFeature_intervals>
      <GBFeature_quals>
        <GBQualifier>
          <GBQualifier_name>locus_tag</GBQualifier_name>
          <GBQualifier_value>BN134_146</GBQualifier_value>
        </GBQualifier>
        <GBQualifier>
          <GBQualifier_name>coded_by</GBQualifier_name>
          <GBQualifier_value>complement(join(CAKZ01000008.1:59685..60167,CAKZ01000008.1:60169..60216,CAKZ01000008.1:60220..60276))</GBQualifier_value>
        </GBQualifier>
        <GBQualifier>
          <GBQualifier_name>transl_table</GBQualifier_name>
          <GBQualifier_value>11</GBQualifier_value>
        </GBQualifier>
      </GBFeature_quals>
    </GBFeature>
  </GBSeq_feature-table>
  <GBSeq_sequence>mhrtaerkkfsawfrspvdrlrfpysggnflhweismisliaalavdrvigmenampwdlpadlawfkrntlnkpvimgrltwesigrplpgrknivlssrpgdddrvvwvrsveealqacgdaeevmvigggrvyeqflpraqrlylthidaevegdthfpdyepdewqsvfsefhdadeknshsycfeilerr</GBSeq_sequence>
</GBSeq>

</GBSet>

