<?xml version="1.0" ?>
<!DOCTYPE GBSet PUBLIC "-//NCBI//NCBI GBSeq/EN" "https://www.ncbi.nlm.nih.gov/dtd/NCBI_GBSeq.dtd">
<GBSet>
<GBSeq>
  <GBSeq_locus>CCK12090</GBSeq_locus>
  <GBSeq_length>176</GBSeq_length>
  <GBSeq_moltype>AA</GBSeq_moltype>
  <GBSeq_topology>linear</GBSeq_topology>
  <GBSeq_division>BCT</GBSeq_division>
  <GBSeq_update-date>28-NOV-2012</GBSeq_update-date>
  <GBSeq_create-date>15-NOV-2012</GBSeq_create-date>
  <GBSeq_definition>Dihydrofolate reductase [Cronobacter sakazakii 680]</GBSeq_definition>
  <GBSeq_primary-accession>CCK12090</GBSeq_primary-accession>
  <GBSeq_accession-version>CCK12090.1</GBSeq_accession-version>
  <GBSeq_other-seqids>
    <GBSeqid>emb|CCK12090.1|</GBSeqid>
    <GBSeqid>gi|426324828</GBSeqid>
  </GBSeq_other-seqids>
  <GBSeq_source>Cronobacter sakazakii 680</GBSeq_source>
  <GBSeq_organism>Cronobacter sakazakii 680</GBSeq_organism>
  <GBSeq_taxonomy>Bacteria; Proteobacteria; Gammaproteobacteria; Enterobacteriales; Enterobacteriaceae; Cronobacter</GBSeq_taxonomy>
  <GBSeq_source-db>embl accession CALG01000097.1</GBSeq_source-db>
  <GBSeq_feature-table>
    <GBFeature>
      <GBFeature_key>source</GBFeature_key>
      <GBFeature_location>1..176</GBFeature_location>
      <GBFeature_intervals>
        <GBInterval>
          <GBInterval_from>1</GBInterval_from>
          <GBInterval_to>176</GBInterval_to>
          <GBInterval_accession>CCK12090.1</GBInterval_accession>
        </GBInterval>
      </GBFeature_intervals>
      <GBFeature_quals>
        <GBQualifier>
          <GBQualifier_name>organism</GBQualifier_name>
          <GBQualifier_value>Cronobacter sakazakii 680</GBQualifier_value>
        </GBQualifier>
        <GBQualifier>
          <GBQualifier_name>strain</GBQualifier_name>
          <GBQualifier_value>680</GBQualifier_value>
        </GBQualifier>
        <GBQualifier>
          <GBQualifier_name>db_xref</GBQualifier_name>
          <GBQualifier_value>taxon:1208592</GBQualifier_value>
        </GBQualifier>
        <GBQualifier>
          <GBQualifier_name>note</GBQualifier_name>
          <GBQualifier_value>contig Csak_ST4_680_c29</GBQualifier_value>
        </GBQualifier>
      </GBFeature_quals>
    </GBFeature>
    <GBFeature>
      <GBFeature_key>Protein</GBFeature_key>
      <GBFeature_location>1..176</GBFeature_location>
      <GBFeature_intervals>
        <GBInterval>
          <GBInterval_from>1</GBInterval_from>
          <GBInterval_to>176</GBInterval_to>
          <GBInterval_accession>CCK12090.1</GBInterval_accession>
        </GBInterval>
      </GBFeature_intervals>
      <GBFeature_quals>
        <GBQualifier>
          <GBQualifier_name>product</GBQualifier_name>
          <GBQualifier_value>Dihydrofolate reductase</GBQualifier_value>
        </GBQualifier>
        <GBQualifier>
          <GBQualifier_name>EC_number</GBQualifier_name>
          <GBQualifier_value>1.5.1.3</GBQualifier_value>
        </GBQualifier>
        <GBQualifier>
          <GBQualifier_name>calculated_mol_wt</GBQualifier_name>
          <GBQualifier_value>20020</GBQualifier_value>
        </GBQualifier>
      </GBFeature_quals>
    </GBFeature>
    <GBFeature>
      <GBFeature_key>Region</GBFeature_key>
      <GBFeature_location>18..176</GBFeature_location>
      <GBFeature_intervals>
        <GBInterval>
          <GBInterval_from>18</GBInterval_from>
          <GBInterval_to>176</GBInterval_to>
          <GBInterval_accession>CCK12090.1</GBInterval_accession>
        </GBInterval>
      </GBFeature_intervals>
      <GBFeature_quals>
        <GBQualifier>
          <GBQualifier_name>region_name</GBQualifier_name>
          <GBQualifier_value>folA</GBQualifier_value>
        </GBQualifier>
        <GBQualifier>
          <GBQualifier_name>note</GBQualifier_name>
          <GBQualifier_value>dihydrofolate reductase; Provisional; PRK10769</GBQualifier_value>
        </GBQualifier>
        <GBQualifier>
          <GBQualifier_name>db_xref</GBQualifier_name>
          <GBQualifier_value>CDD:182714</GBQualifier_value>
        </GBQualifier>
      </GBFeature_quals>
    </GBFeature>
    <GBFeature>
      <GBFeature_key>Site</GBFeature_key>
      <GBFeature_location>order(22,39,44,74,111,117,130)</GBFeature_location>
      <GBFeature_intervals>
        <GBInterval>
          <GBInterval_point>22</GBInterval_point>
          <GBInterval_accession>CCK12090.1</GBInterval_accession>
        </GBInterval>
        <GBInterval>
          <GBInterval_point>39</GBInterval_point>
          <GBInterval_accession>CCK12090.1</GBInterval_accession>
        </GBInterval>
        <GBInterval>
          <GBInterval_point>44</GBInterval_point>
          <GBInterval_accession>CCK12090.1</GBInterval_accession>
        </GBInterval>
        <GBInterval>
          <GBInterval_point>74</GBInterval_point>
          <GBInterval_accession>CCK12090.1</GBInterval_accession>
        </GBInterval>
        <GBInterval>
          <GBInterval_point>111</GBInterval_point>
          <GBInterval_accession>CCK12090.1</GBInterval_accession>
        </GBInterval>
        <GBInterval>
          <GBInterval_point>117</GBInterval_point>
          <GBInterval_accession>CCK12090.1</GBInterval_accession>
        </GBInterval>
        <GBInterval>
          <GBInterval_point>130</GBInterval_point>
          <GBInterval_accession>CCK12090.1</GBInterval_accession>
        </GBInterval>
      </GBFeature_intervals>
      <GBFeature_operator>order</GBFeature_operator>
      <GBFeature_quals>
        <GBQualifier>
          <GBQualifier_name>site_type</GBQualifier_name>
          <GBQualifier_value>other</GBQualifier_value>
        </GBQualifier>
        <GBQualifier>
          <GBQualifier_name>note</GBQualifier_name>
          <GBQualifier_value>folate binding site [chemical binding]</GBQualifier_value>
        </GBQualifier>
        <GBQualifier>
          <GBQualifier_name>db_xref</GBQualifier_name>
          <GBQualifier_value>CDD:238127</GBQualifier_value>
        </GBQualifier>
      </GBFeature_quals>
    </GBFeature>
    <GBFeature>
      <GBFeature_key>Site</GBFeature_key>
      <GBFeature_location>order(24,31,61..63,81,112..115)</GBFeature_location>
      <GBFeature_intervals>
        <GBInterval>
          <GBInterval_point>24</GBInterval_point>
          <GBInterval_accession>CCK12090.1</GBInterval_accession>
        </GBInterval>
        <GBInterval>
          <GBInterval_point>31</GBInterval_point>
          <GBInterval_accession>CCK12090.1</GBInterval_accession>
        </GBInterval>
        <GBInterval>
          <GBInterval_from>61</GBInterval_from>
          <GBInterval_to>63</GBInterval_to>
          <GBInterval_accession>CCK12090.1</GBInterval_accession>
        </GBInterval>
        <GBInterval>
          <GBInterval_point>81</GBInterval_point>
          <GBInterval_accession>CCK12090.1</GBInterval_accession>
        </GBInterval>
        <GBInterval>
          <GBInterval_from>112</GBInterval_from>
          <GBInterval_to>115</GBInterval_to>
          <GBInterval_accession>CCK12090.1</GBInterval_accession>
        </GBInterval>
      </GBFeature_intervals>
      <GBFeature_operator>order</GBFeature_operator>
      <GBFeature_quals>
        <GBQualifier>
          <GBQualifier_name>site_type</GBQualifier_name>
          <GBQualifier_value>other</GBQualifier_value>
        </GBQualifier>
        <GBQualifier>
          <GBQualifier_name>note</GBQualifier_name>
          <GBQualifier_value>NADP+ binding site [chemical binding]</GBQualifier_value>
        </GBQualifier>
        <GBQualifier>
          <GBQualifier_name>db_xref</GBQualifier_name>
          <GBQualifier_value>CDD:238127</GBQualifier_value>
        </GBQualifier>
      </GBFeature_quals>
    </GBFeature>
    <GBFeature>
      <GBFeature_key>CDS</GBFeature_key>
      <GBFeature_location>1..176</GBFeature_location>
      <GBFeature_intervals>
        <GBInterval>
          <GBInterval_from>1</GBInterval_from>
          <GBInterval_to>176</GBInterval_to>
          <GBInterval_accession>CCK12090.1</GBInterval_accession>
        </GBInterval>
      </GBFeature_intervals>
      <GBFeature_quals>
        <GBQualifier>
          <GBQualifier_name>locus_tag</GBQualifier_name>
          <GBQualifier_value>BN126_2271</GBQualifier_value>
        </GBQualifier>
        <GBQualifier>
          <GBQualifier_name>coded_by</GBQualifier_name>
          <GBQualifier_value>join(CALG01000097.1:11473..11511,CALG01000097.1:11511..12002)</GBQualifier_value>
        </GBQualifier>
        <GBQualifier>
          <GBQualifier_name>transl_table</GBQualifier_name>
          <GBQualifier_value>11</GBQualifier_value>
        </GBQualifier>
      </GBFeature_quals>
    </GBFeature>
  </GBSeq_feature-table>
  <GBSeq_sequence>mrfpysggnflylgklsmisliaalavdrvigmenampwdlpadlawfkrntlnkpvimgrltwesigrplpgrknivlssrpgdddrvvwvrsveealqacgdaeevmvigggrvyeqflpraqrlylthidaevegdthfpdyepdewqsvfsefhdadeknshsycfeilerr</GBSeq_sequence>
</GBSeq>

</GBSet>

