<?xml version="1.0" ?>
<!DOCTYPE GBSet PUBLIC "-//NCBI//NCBI GBSeq/EN" "https://www.ncbi.nlm.nih.gov/dtd/NCBI_GBSeq.dtd">
<GBSet>
<GBSeq>
  <GBSeq_locus>CCX89658</GBSeq_locus>
  <GBSeq_length>170</GBSeq_length>
  <GBSeq_moltype>AA</GBSeq_moltype>
  <GBSeq_topology>linear</GBSeq_topology>
  <GBSeq_division>ENV</GBSeq_division>
  <GBSeq_update-date>31-MAY-2013</GBSeq_update-date>
  <GBSeq_create-date>31-MAY-2013</GBSeq_create-date>
  <GBSeq_definition>dihydrofolate reductase [Clostridium sp. CAG:590]</GBSeq_definition>
  <GBSeq_primary-accession>CCX89658</GBSeq_primary-accession>
  <GBSeq_accession-version>CCX89658.1</GBSeq_accession-version>
  <GBSeq_other-seqids>
    <GBSeqid>emb|CCX89658.1|</GBSeqid>
    <GBSeqid>gi|524003449</GBSeqid>
  </GBSeq_other-seqids>
  <GBSeq_keywords>
    <GBKeyword>ENV</GBKeyword>
  </GBSeq_keywords>
  <GBSeq_source>Clostridium sp. CAG:590</GBSeq_source>
  <GBSeq_organism>Clostridium sp. CAG:590</GBSeq_organism>
  <GBSeq_taxonomy>Bacteria; Firmicutes; Clostridia; Clostridiales; Clostridiaceae; Clostridium; environmental samples</GBSeq_taxonomy>
  <GBSeq_source-db>embl accession CAXF010000260.1</GBSeq_source-db>
  <GBSeq_feature-table>
    <GBFeature>
      <GBFeature_key>source</GBFeature_key>
      <GBFeature_location>1..170</GBFeature_location>
      <GBFeature_intervals>
        <GBInterval>
          <GBInterval_from>1</GBInterval_from>
          <GBInterval_to>170</GBInterval_to>
          <GBInterval_accession>CCX89658.1</GBInterval_accession>
        </GBInterval>
      </GBFeature_intervals>
      <GBFeature_quals>
        <GBQualifier>
          <GBQualifier_name>organism</GBQualifier_name>
          <GBQualifier_value>Clostridium sp. CAG:590</GBQualifier_value>
        </GBQualifier>
        <GBQualifier>
          <GBQualifier_name>isolation_source</GBQualifier_name>
          <GBQualifier_value>derived from human gut metagenome</GBQualifier_value>
        </GBQualifier>
        <GBQualifier>
          <GBQualifier_name>db_xref</GBQualifier_name>
          <GBQualifier_value>taxon:1262825</GBQualifier_value>
        </GBQualifier>
        <GBQualifier>
          <GBQualifier_name>environmental_sample</GBQualifier_name>
        </GBQualifier>
        <GBQualifier>
          <GBQualifier_name>note</GBQualifier_name>
          <GBQualifier_value>contig 91</GBQualifier_value>
        </GBQualifier>
      </GBFeature_quals>
    </GBFeature>
    <GBFeature>
      <GBFeature_key>Protein</GBFeature_key>
      <GBFeature_location>1..170</GBFeature_location>
      <GBFeature_intervals>
        <GBInterval>
          <GBInterval_from>1</GBInterval_from>
          <GBInterval_to>170</GBInterval_to>
          <GBInterval_accession>CCX89658.1</GBInterval_accession>
        </GBInterval>
      </GBFeature_intervals>
      <GBFeature_quals>
        <GBQualifier>
          <GBQualifier_name>product</GBQualifier_name>
          <GBQualifier_value>dihydrofolate reductase</GBQualifier_value>
        </GBQualifier>
        <GBQualifier>
          <GBQualifier_name>calculated_mol_wt</GBQualifier_name>
          <GBQualifier_value>19885</GBQualifier_value>
        </GBQualifier>
      </GBFeature_quals>
    </GBFeature>
    <GBFeature>
      <GBFeature_key>Region</GBFeature_key>
      <GBFeature_location>3..160</GBFeature_location>
      <GBFeature_intervals>
        <GBInterval>
          <GBInterval_from>3</GBInterval_from>
          <GBInterval_to>160</GBInterval_to>
          <GBInterval_accession>CCX89658.1</GBInterval_accession>
        </GBInterval>
      </GBFeature_intervals>
      <GBFeature_quals>
        <GBQualifier>
          <GBQualifier_name>region_name</GBQualifier_name>
          <GBQualifier_value>DHFR_1</GBQualifier_value>
        </GBQualifier>
        <GBQualifier>
          <GBQualifier_name>note</GBQualifier_name>
          <GBQualifier_value>Dihydrofolate reductase; pfam00186</GBQualifier_value>
        </GBQualifier>
        <GBQualifier>
          <GBQualifier_name>db_xref</GBQualifier_name>
          <GBQualifier_value>CDD:278610</GBQualifier_value>
        </GBQualifier>
      </GBFeature_quals>
    </GBFeature>
    <GBFeature>
      <GBFeature_key>Site</GBFeature_key>
      <GBFeature_location>order(4,21,26,58,98,104,117)</GBFeature_location>
      <GBFeature_intervals>
        <GBInterval>
          <GBInterval_point>4</GBInterval_point>
          <GBInterval_accession>CCX89658.1</GBInterval_accession>
        </GBInterval>
        <GBInterval>
          <GBInterval_point>21</GBInterval_point>
          <GBInterval_accession>CCX89658.1</GBInterval_accession>
        </GBInterval>
        <GBInterval>
          <GBInterval_point>26</GBInterval_point>
          <GBInterval_accession>CCX89658.1</GBInterval_accession>
        </GBInterval>
        <GBInterval>
          <GBInterval_point>58</GBInterval_point>
          <GBInterval_accession>CCX89658.1</GBInterval_accession>
        </GBInterval>
        <GBInterval>
          <GBInterval_point>98</GBInterval_point>
          <GBInterval_accession>CCX89658.1</GBInterval_accession>
        </GBInterval>
        <GBInterval>
          <GBInterval_point>104</GBInterval_point>
          <GBInterval_accession>CCX89658.1</GBInterval_accession>
        </GBInterval>
        <GBInterval>
          <GBInterval_point>117</GBInterval_point>
          <GBInterval_accession>CCX89658.1</GBInterval_accession>
        </GBInterval>
      </GBFeature_intervals>
      <GBFeature_operator>order</GBFeature_operator>
      <GBFeature_quals>
        <GBQualifier>
          <GBQualifier_name>site_type</GBQualifier_name>
          <GBQualifier_value>other</GBQualifier_value>
        </GBQualifier>
        <GBQualifier>
          <GBQualifier_name>note</GBQualifier_name>
          <GBQualifier_value>folate binding site [chemical binding]</GBQualifier_value>
        </GBQualifier>
        <GBQualifier>
          <GBQualifier_name>db_xref</GBQualifier_name>
          <GBQualifier_value>CDD:238127</GBQualifier_value>
        </GBQualifier>
      </GBFeature_quals>
    </GBFeature>
    <GBFeature>
      <GBFeature_key>Site</GBFeature_key>
      <GBFeature_location>order(6,13,43..45,65,99..102)</GBFeature_location>
      <GBFeature_intervals>
        <GBInterval>
          <GBInterval_point>6</GBInterval_point>
          <GBInterval_accession>CCX89658.1</GBInterval_accession>
        </GBInterval>
        <GBInterval>
          <GBInterval_point>13</GBInterval_point>
          <GBInterval_accession>CCX89658.1</GBInterval_accession>
        </GBInterval>
        <GBInterval>
          <GBInterval_from>43</GBInterval_from>
          <GBInterval_to>45</GBInterval_to>
          <GBInterval_accession>CCX89658.1</GBInterval_accession>
        </GBInterval>
        <GBInterval>
          <GBInterval_point>65</GBInterval_point>
          <GBInterval_accession>CCX89658.1</GBInterval_accession>
        </GBInterval>
        <GBInterval>
          <GBInterval_from>99</GBInterval_from>
          <GBInterval_to>102</GBInterval_to>
          <GBInterval_accession>CCX89658.1</GBInterval_accession>
        </GBInterval>
      </GBFeature_intervals>
      <GBFeature_operator>order</GBFeature_operator>
      <GBFeature_quals>
        <GBQualifier>
          <GBQualifier_name>site_type</GBQualifier_name>
          <GBQualifier_value>other</GBQualifier_value>
        </GBQualifier>
        <GBQualifier>
          <GBQualifier_name>note</GBQualifier_name>
          <GBQualifier_value>NADP+ binding site [chemical binding]</GBQualifier_value>
        </GBQualifier>
        <GBQualifier>
          <GBQualifier_name>db_xref</GBQualifier_name>
          <GBQualifier_value>CDD:238127</GBQualifier_value>
        </GBQualifier>
      </GBFeature_quals>
    </GBFeature>
    <GBFeature>
      <GBFeature_key>CDS</GBFeature_key>
      <GBFeature_location>1..170</GBFeature_location>
      <GBFeature_intervals>
        <GBInterval>
          <GBInterval_from>1</GBInterval_from>
          <GBInterval_to>170</GBInterval_to>
          <GBInterval_accession>CCX89658.1</GBInterval_accession>
        </GBInterval>
      </GBFeature_intervals>
      <GBFeature_quals>
        <GBQualifier>
          <GBQualifier_name>locus_tag</GBQualifier_name>
          <GBQualifier_value>BN724_00769</GBQualifier_value>
        </GBQualifier>
        <GBQualifier>
          <GBQualifier_name>coded_by</GBQualifier_name>
          <GBQualifier_value>complement(CAXF010000260.1:7163..7675)</GBQualifier_value>
        </GBQualifier>
        <GBQualifier>
          <GBQualifier_name>note</GBQualifier_name>
          <GBQualifier_value>product inferred by homology to UniProt</GBQualifier_value>
        </GBQualifier>
        <GBQualifier>
          <GBQualifier_name>transl_table</GBQualifier_name>
          <GBQualifier_value>11</GBQualifier_value>
        </GBQualifier>
      </GBFeature_quals>
    </GBFeature>
  </GBSeq_feature-table>
  <GBSeq_sequence>mqlivavdenwaigngnkllvripedqkffrqttmgnvvvlgrktldefpnglplkgrkniilsrdenyqvqdatvvhskeellqelqqydsdqvfiiggesiyrmmyeycdtahvtkiqyayqadkyfpdldkeqnwsivgesdeqtyfdleyyfykyhnsnpksllee</GBSeq_sequence>
</GBSeq>

</GBSet>

