<?xml version="1.0" ?>
<!DOCTYPE GBSet PUBLIC "-//NCBI//NCBI GBSeq/EN" "https://www.ncbi.nlm.nih.gov/dtd/NCBI_GBSeq.dtd">
<GBSet>
<GBSeq>
  <GBSeq_locus>CDS28294</GBSeq_locus>
  <GBSeq_length>184</GBSeq_length>
  <GBSeq_moltype>AA</GBSeq_moltype>
  <GBSeq_topology>linear</GBSeq_topology>
  <GBSeq_division>INV</GBSeq_division>
  <GBSeq_update-date>08-DEC-2015</GBSeq_update-date>
  <GBSeq_create-date>12-NOV-2015</GBSeq_create-date>
  <GBSeq_definition>dihydrofolate reductase [Hymenolepis microstoma]</GBSeq_definition>
  <GBSeq_primary-accession>CDS28294</GBSeq_primary-accession>
  <GBSeq_accession-version>CDS28294.1</GBSeq_accession-version>
  <GBSeq_other-seqids>
    <GBSeqid>emb|CDS28294.1|</GBSeqid>
    <GBSeqid>gi|674592870</GBSeqid>
  </GBSeq_other-seqids>
  <GBSeq_project>PRJEB124</GBSeq_project>
  <GBSeq_source>Hymenolepis microstoma</GBSeq_source>
  <GBSeq_organism>Hymenolepis microstoma</GBSeq_organism>
  <GBSeq_taxonomy>Eukaryota; Metazoa; Platyhelminthes; Cestoda; Eucestoda; Cyclophyllidea; Hymenolepididae; Hymenolepis</GBSeq_taxonomy>
  <GBSeq_references>
    <GBReference>
      <GBReference_reference>1</GBReference_reference>
      <GBReference_authors>
        <GBAuthor>Tsai,I.J.</GBAuthor>
        <GBAuthor>Zarowiecki,M.</GBAuthor>
        <GBAuthor>Holroyd,N.</GBAuthor>
        <GBAuthor>Garciarrubio,A.</GBAuthor>
        <GBAuthor>Sanchez-Flores,A.</GBAuthor>
        <GBAuthor>Brooks,K.L.</GBAuthor>
        <GBAuthor>Tracey,A.</GBAuthor>
        <GBAuthor>Bobes,R.J.</GBAuthor>
        <GBAuthor>Fragoso,G.</GBAuthor>
        <GBAuthor>Sciutto,E.</GBAuthor>
        <GBAuthor>Aslett,M.</GBAuthor>
        <GBAuthor>Beasley,H.</GBAuthor>
        <GBAuthor>Bennett,H.M.</GBAuthor>
        <GBAuthor>Cai,J.</GBAuthor>
        <GBAuthor>Camicia,F.</GBAuthor>
        <GBAuthor>Clark,R.</GBAuthor>
        <GBAuthor>Cucher,M.</GBAuthor>
        <GBAuthor>De Silva,N.</GBAuthor>
        <GBAuthor>Day,T.A.</GBAuthor>
        <GBAuthor>Deplazes,P.</GBAuthor>
        <GBAuthor>Estrada,K.</GBAuthor>
        <GBAuthor>Fernandez,C.</GBAuthor>
        <GBAuthor>Holland,P.W.</GBAuthor>
        <GBAuthor>Hou,J.</GBAuthor>
        <GBAuthor>Hu,S.</GBAuthor>
        <GBAuthor>Huckvale,T.</GBAuthor>
        <GBAuthor>Hung,S.S.</GBAuthor>
        <GBAuthor>Kamenetzky,L.</GBAuthor>
        <GBAuthor>Keane,J.A.</GBAuthor>
        <GBAuthor>Kiss,F.</GBAuthor>
        <GBAuthor>Koziol,U.</GBAuthor>
        <GBAuthor>Lambert,O.</GBAuthor>
        <GBAuthor>Liu,K.</GBAuthor>
        <GBAuthor>Luo,X.</GBAuthor>
        <GBAuthor>Luo,Y.</GBAuthor>
        <GBAuthor>Macchiaroli,N.</GBAuthor>
        <GBAuthor>Nichol,S.</GBAuthor>
        <GBAuthor>Paps,J.</GBAuthor>
        <GBAuthor>Parkinson,J.</GBAuthor>
        <GBAuthor>Pouchkina-Stantcheva,N.</GBAuthor>
        <GBAuthor>Riddiford,N.</GBAuthor>
        <GBAuthor>Rosenzvit,M.</GBAuthor>
        <GBAuthor>Salinas,G.</GBAuthor>
        <GBAuthor>Wasmuth,J.D.</GBAuthor>
        <GBAuthor>Zamanian,M.</GBAuthor>
        <GBAuthor>Zheng,Y.</GBAuthor>
        <GBAuthor>Cai,X.</GBAuthor>
        <GBAuthor>Soberon,X.</GBAuthor>
        <GBAuthor>Olson,P.D.</GBAuthor>
        <GBAuthor>Laclette,J.P.</GBAuthor>
        <GBAuthor>Brehm,K.</GBAuthor>
        <GBAuthor>Berriman,M.</GBAuthor>
      </GBReference_authors>
      <GBReference_consortium>Taenia solium Genome Consortium</GBReference_consortium>
      <GBReference_title>The genomes of four tapeworm species reveal adaptations to parasitism</GBReference_title>
      <GBReference_journal>Nature 496 (7443), 57-63 (2013)</GBReference_journal>
      <GBReference_xref>
        <GBXref>
          <GBXref_dbname>doi</GBXref_dbname>
          <GBXref_id>10.1038/nature12031</GBXref_id>
        </GBXref>
      </GBReference_xref>
      <GBReference_pubmed>23485966</GBReference_pubmed>
    </GBReference>
    <GBReference>
      <GBReference_reference>2</GBReference_reference>
      <GBReference_position>1..184</GBReference_position>
      <GBReference_authors>
        <GBAuthor>Aslett,M.</GBAuthor>
      </GBReference_authors>
      <GBReference_title>Direct Submission</GBReference_title>
      <GBReference_journal>Submitted (11-NOV-2015) Pathogen Sequencing Unit, Wellcome Trust Sanger Institute, Wellcome Trust Genome Campus, Hinxton, Cambridge, Cambridgeshire, CB10 1SA, UNITED KINGDOM</GBReference_journal>
    </GBReference>
  </GBSeq_references>
  <GBSeq_source-db>embl accession LN902964.1</GBSeq_source-db>
  <GBSeq_feature-table>
    <GBFeature>
      <GBFeature_key>source</GBFeature_key>
      <GBFeature_location>1..184</GBFeature_location>
      <GBFeature_intervals>
        <GBInterval>
          <GBInterval_from>1</GBInterval_from>
          <GBInterval_to>184</GBInterval_to>
          <GBInterval_accession>CDS28294.1</GBInterval_accession>
        </GBInterval>
      </GBFeature_intervals>
      <GBFeature_quals>
        <GBQualifier>
          <GBQualifier_name>organism</GBQualifier_name>
          <GBQualifier_value>Hymenolepis microstoma</GBQualifier_value>
        </GBQualifier>
        <GBQualifier>
          <GBQualifier_name>db_xref</GBQualifier_name>
          <GBQualifier_value>taxon:85433</GBQualifier_value>
        </GBQualifier>
        <GBQualifier>
          <GBQualifier_name>note</GBQualifier_name>
          <GBQualifier_value>pathogens_HYM_contig_0143</GBQualifier_value>
        </GBQualifier>
      </GBFeature_quals>
    </GBFeature>
    <GBFeature>
      <GBFeature_key>Protein</GBFeature_key>
      <GBFeature_location>1..184</GBFeature_location>
      <GBFeature_intervals>
        <GBInterval>
          <GBInterval_from>1</GBInterval_from>
          <GBInterval_to>184</GBInterval_to>
          <GBInterval_accession>CDS28294.1</GBInterval_accession>
        </GBInterval>
      </GBFeature_intervals>
      <GBFeature_quals>
        <GBQualifier>
          <GBQualifier_name>product</GBQualifier_name>
          <GBQualifier_value>dihydrofolate reductase</GBQualifier_value>
        </GBQualifier>
        <GBQualifier>
          <GBQualifier_name>calculated_mol_wt</GBQualifier_name>
          <GBQualifier_value>20862</GBQualifier_value>
        </GBQualifier>
      </GBFeature_quals>
    </GBFeature>
    <GBFeature>
      <GBFeature_key>Region</GBFeature_key>
      <GBFeature_location>4..179</GBFeature_location>
      <GBFeature_intervals>
        <GBInterval>
          <GBInterval_from>4</GBInterval_from>
          <GBInterval_to>179</GBInterval_to>
          <GBInterval_accession>CDS28294.1</GBInterval_accession>
        </GBInterval>
      </GBFeature_intervals>
      <GBFeature_quals>
        <GBQualifier>
          <GBQualifier_name>region_name</GBQualifier_name>
          <GBQualifier_value>DHFR</GBQualifier_value>
        </GBQualifier>
        <GBQualifier>
          <GBQualifier_name>note</GBQualifier_name>
          <GBQualifier_value>Dihydrofolate reductase (DHFR). Reduces 7,8-dihydrofolate to 5,6,7,8-tetrahydrofolate with NADPH as a cofactor. This is an essential step in the biosynthesis of deoxythymidine phosphate since 5,6,7,8-tetrahydrofolate is required to regenerate 5; cd00209</GBQualifier_value>
        </GBQualifier>
        <GBQualifier>
          <GBQualifier_name>db_xref</GBQualifier_name>
          <GBQualifier_value>CDD:238127</GBQualifier_value>
        </GBQualifier>
      </GBFeature_quals>
    </GBFeature>
    <GBFeature>
      <GBFeature_key>Site</GBFeature_key>
      <GBFeature_location>order(7,24,29,68,112,118,134)</GBFeature_location>
      <GBFeature_intervals>
        <GBInterval>
          <GBInterval_point>7</GBInterval_point>
          <GBInterval_accession>CDS28294.1</GBInterval_accession>
        </GBInterval>
        <GBInterval>
          <GBInterval_point>24</GBInterval_point>
          <GBInterval_accession>CDS28294.1</GBInterval_accession>
        </GBInterval>
        <GBInterval>
          <GBInterval_point>29</GBInterval_point>
          <GBInterval_accession>CDS28294.1</GBInterval_accession>
        </GBInterval>
        <GBInterval>
          <GBInterval_point>68</GBInterval_point>
          <GBInterval_accession>CDS28294.1</GBInterval_accession>
        </GBInterval>
        <GBInterval>
          <GBInterval_point>112</GBInterval_point>
          <GBInterval_accession>CDS28294.1</GBInterval_accession>
        </GBInterval>
        <GBInterval>
          <GBInterval_point>118</GBInterval_point>
          <GBInterval_accession>CDS28294.1</GBInterval_accession>
        </GBInterval>
        <GBInterval>
          <GBInterval_point>134</GBInterval_point>
          <GBInterval_accession>CDS28294.1</GBInterval_accession>
        </GBInterval>
      </GBFeature_intervals>
      <GBFeature_operator>order</GBFeature_operator>
      <GBFeature_quals>
        <GBQualifier>
          <GBQualifier_name>site_type</GBQualifier_name>
          <GBQualifier_value>other</GBQualifier_value>
        </GBQualifier>
        <GBQualifier>
          <GBQualifier_name>note</GBQualifier_name>
          <GBQualifier_value>folate binding site [chemical binding]</GBQualifier_value>
        </GBQualifier>
        <GBQualifier>
          <GBQualifier_name>db_xref</GBQualifier_name>
          <GBQualifier_value>CDD:238127</GBQualifier_value>
        </GBQualifier>
      </GBFeature_quals>
    </GBFeature>
    <GBFeature>
      <GBFeature_key>Site</GBFeature_key>
      <GBFeature_location>order(9,16,52..54,75,113..116)</GBFeature_location>
      <GBFeature_intervals>
        <GBInterval>
          <GBInterval_point>9</GBInterval_point>
          <GBInterval_accession>CDS28294.1</GBInterval_accession>
        </GBInterval>
        <GBInterval>
          <GBInterval_point>16</GBInterval_point>
          <GBInterval_accession>CDS28294.1</GBInterval_accession>
        </GBInterval>
        <GBInterval>
          <GBInterval_from>52</GBInterval_from>
          <GBInterval_to>54</GBInterval_to>
          <GBInterval_accession>CDS28294.1</GBInterval_accession>
        </GBInterval>
        <GBInterval>
          <GBInterval_point>75</GBInterval_point>
          <GBInterval_accession>CDS28294.1</GBInterval_accession>
        </GBInterval>
        <GBInterval>
          <GBInterval_from>113</GBInterval_from>
          <GBInterval_to>116</GBInterval_to>
          <GBInterval_accession>CDS28294.1</GBInterval_accession>
        </GBInterval>
      </GBFeature_intervals>
      <GBFeature_operator>order</GBFeature_operator>
      <GBFeature_quals>
        <GBQualifier>
          <GBQualifier_name>site_type</GBQualifier_name>
          <GBQualifier_value>other</GBQualifier_value>
        </GBQualifier>
        <GBQualifier>
          <GBQualifier_name>note</GBQualifier_name>
          <GBQualifier_value>NADP+ binding site [chemical binding]</GBQualifier_value>
        </GBQualifier>
        <GBQualifier>
          <GBQualifier_name>db_xref</GBQualifier_name>
          <GBQualifier_value>CDD:238127</GBQualifier_value>
        </GBQualifier>
      </GBFeature_quals>
    </GBFeature>
    <GBFeature>
      <GBFeature_key>CDS</GBFeature_key>
      <GBFeature_location>1..184</GBFeature_location>
      <GBFeature_intervals>
        <GBInterval>
          <GBInterval_from>1</GBInterval_from>
          <GBInterval_to>184</GBInterval_to>
          <GBInterval_accession>CDS28294.1</GBInterval_accession>
        </GBInterval>
      </GBFeature_intervals>
      <GBFeature_quals>
        <GBQualifier>
          <GBQualifier_name>locus_tag</GBQualifier_name>
          <GBQualifier_value>HmN_000192400</GBQualifier_value>
        </GBQualifier>
        <GBQualifier>
          <GBQualifier_name>coded_by</GBQualifier_name>
          <GBQualifier_value>complement(join(LN902964.1:48089..48170,LN902964.1:48208..48444,LN902964.1:48481..48636,LN902964.1:48717..48796))</GBQualifier_value>
        </GBQualifier>
      </GBFeature_quals>
    </GBFeature>
  </GBSeq_feature-table>
  <GBSeq_sequence>merlnviaavsqnggiginnklpwripedmdfftrisstasegkkniailgrltwlsippkfrplsdrinvivssqldsvpegvhlvksfeeslqlsenlikageadevfvcgghslyekaleqeaypvrlyythimkdfhcdtffptvdwdlfkeieldtvdstpkqykdinfrfaaydrtgq</GBSeq_sequence>
  <GBSeq_xrefs>
    <GBXref>
      <GBXref_dbname>BioProject</GBXref_dbname>
      <GBXref_id>PRJEB124</GBXref_id>
    </GBXref>
    <GBXref>
      <GBXref_dbname>BioSample</GBXref_dbname>
      <GBXref_id>SAMEA2272183</GBXref_id>
    </GBXref>
  </GBSeq_xrefs>
</GBSeq>

</GBSet>

