<?xml version="1.0" ?>
<!DOCTYPE GBSet PUBLIC "-//NCBI//NCBI GBSeq/EN" "https://www.ncbi.nlm.nih.gov/dtd/NCBI_GBSeq.dtd">
<GBSet>
<GBSeq>
  <GBSeq_locus>CRH69692</GBSeq_locus>
  <GBSeq_length>184</GBSeq_length>
  <GBSeq_moltype>AA</GBSeq_moltype>
  <GBSeq_topology>linear</GBSeq_topology>
  <GBSeq_division>BCT</GBSeq_division>
  <GBSeq_update-date>14-JUN-2015</GBSeq_update-date>
  <GBSeq_create-date>22-APR-2015</GBSeq_create-date>
  <GBSeq_definition>Dihydrofolate reductase [Chlamydia trachomatis]</GBSeq_definition>
  <GBSeq_primary-accession>CRH69692</GBSeq_primary-accession>
  <GBSeq_accession-version>CRH69692.1</GBSeq_accession-version>
  <GBSeq_other-seqids>
    <GBSeqid>emb|CRH69692.1|</GBSeqid>
    <GBSeqid>gnl|WGS:CVOA|CRH69692</GBSeqid>
    <GBSeqid>gi|815098117</GBSeqid>
  </GBSeq_other-seqids>
  <GBSeq_project>PRJEB2035</GBSeq_project>
  <GBSeq_source>Chlamydia trachomatis</GBSeq_source>
  <GBSeq_organism>Chlamydia trachomatis</GBSeq_organism>
  <GBSeq_taxonomy>Bacteria; Chlamydiae; Chlamydiales; Chlamydiaceae; Chlamydia/Chlamydophila group; Chlamydia</GBSeq_taxonomy>
  <GBSeq_references>
    <GBReference>
      <GBReference_reference>1</GBReference_reference>
      <GBReference_authors>
        <GBAuthor>Informatics,Pathogen.</GBAuthor>
      </GBReference_authors>
      <GBReference_title>Direct Submission</GBReference_title>
      <GBReference_journal>Submitted (10-MAR-2015) SC, Wellcome Trust Sanger Institute, CB10 1SA, United Kingdom</GBReference_journal>
    </GBReference>
  </GBSeq_references>
  <GBSeq_source-db>embl accession CVOA01001005.1</GBSeq_source-db>
  <GBSeq_feature-table>
    <GBFeature>
      <GBFeature_key>source</GBFeature_key>
      <GBFeature_location>1..184</GBFeature_location>
      <GBFeature_intervals>
        <GBInterval>
          <GBInterval_from>1</GBInterval_from>
          <GBInterval_to>184</GBInterval_to>
          <GBInterval_accession>CRH69692.1</GBInterval_accession>
        </GBInterval>
      </GBFeature_intervals>
      <GBFeature_quals>
        <GBQualifier>
          <GBQualifier_name>organism</GBQualifier_name>
          <GBQualifier_value>Chlamydia trachomatis</GBQualifier_value>
        </GBQualifier>
        <GBQualifier>
          <GBQualifier_name>strain</GBQualifier_name>
          <GBQualifier_value>H1IMS</GBQualifier_value>
        </GBQualifier>
        <GBQualifier>
          <GBQualifier_name>serovar</GBQualifier_name>
          <GBQualifier_value>L2b</GBQualifier_value>
        </GBQualifier>
        <GBQualifier>
          <GBQualifier_name>isolation_source</GBQualifier_name>
          <GBQualifier_value>rectal</GBQualifier_value>
        </GBQualifier>
        <GBQualifier>
          <GBQualifier_name>db_xref</GBQualifier_name>
          <GBQualifier_value>taxon:813</GBQualifier_value>
        </GBQualifier>
        <GBQualifier>
          <GBQualifier_name>country</GBQualifier_name>
          <GBQualifier_value>United Kingdom:London</GBQualifier_value>
        </GBQualifier>
        <GBQualifier>
          <GBQualifier_name>collection_date</GBQualifier_name>
          <GBQualifier_value>2005-02-28</GBQualifier_value>
        </GBQualifier>
      </GBFeature_quals>
    </GBFeature>
    <GBFeature>
      <GBFeature_key>Protein</GBFeature_key>
      <GBFeature_location>1..184</GBFeature_location>
      <GBFeature_intervals>
        <GBInterval>
          <GBInterval_from>1</GBInterval_from>
          <GBInterval_to>184</GBInterval_to>
          <GBInterval_accession>CRH69692.1</GBInterval_accession>
        </GBInterval>
      </GBFeature_intervals>
      <GBFeature_quals>
        <GBQualifier>
          <GBQualifier_name>product</GBQualifier_name>
          <GBQualifier_value>Dihydrofolate reductase</GBQualifier_value>
        </GBQualifier>
        <GBQualifier>
          <GBQualifier_name>EC_number</GBQualifier_name>
          <GBQualifier_value>1.5.1.3</GBQualifier_value>
        </GBQualifier>
        <GBQualifier>
          <GBQualifier_name>calculated_mol_wt</GBQualifier_name>
          <GBQualifier_value>20611</GBQualifier_value>
        </GBQualifier>
      </GBFeature_quals>
    </GBFeature>
    <GBFeature>
      <GBFeature_key>Region</GBFeature_key>
      <GBFeature_location>2..177</GBFeature_location>
      <GBFeature_intervals>
        <GBInterval>
          <GBInterval_from>2</GBInterval_from>
          <GBInterval_to>177</GBInterval_to>
          <GBInterval_accession>CRH69692.1</GBInterval_accession>
        </GBInterval>
      </GBFeature_intervals>
      <GBFeature_quals>
        <GBQualifier>
          <GBQualifier_name>region_name</GBQualifier_name>
          <GBQualifier_value>DHFR</GBQualifier_value>
        </GBQualifier>
        <GBQualifier>
          <GBQualifier_name>note</GBQualifier_name>
          <GBQualifier_value>Dihydrofolate reductase (DHFR). Reduces 7,8-dihydrofolate to 5,6,7,8-tetrahydrofolate with NADPH as a cofactor. This is an essential step in the biosynthesis of deoxythymidine phosphate since 5,6,7,8-tetrahydrofolate is required to regenerate 5; cl17279</GBQualifier_value>
        </GBQualifier>
        <GBQualifier>
          <GBQualifier_name>db_xref</GBQualifier_name>
          <GBQualifier_value>CDD:302636</GBQualifier_value>
        </GBQualifier>
      </GBFeature_quals>
    </GBFeature>
    <GBFeature>
      <GBFeature_key>Site</GBFeature_key>
      <GBFeature_location>order(9,14,47,103,109,124)</GBFeature_location>
      <GBFeature_intervals>
        <GBInterval>
          <GBInterval_point>9</GBInterval_point>
          <GBInterval_accession>CRH69692.1</GBInterval_accession>
        </GBInterval>
        <GBInterval>
          <GBInterval_point>14</GBInterval_point>
          <GBInterval_accession>CRH69692.1</GBInterval_accession>
        </GBInterval>
        <GBInterval>
          <GBInterval_point>47</GBInterval_point>
          <GBInterval_accession>CRH69692.1</GBInterval_accession>
        </GBInterval>
        <GBInterval>
          <GBInterval_point>103</GBInterval_point>
          <GBInterval_accession>CRH69692.1</GBInterval_accession>
        </GBInterval>
        <GBInterval>
          <GBInterval_point>109</GBInterval_point>
          <GBInterval_accession>CRH69692.1</GBInterval_accession>
        </GBInterval>
        <GBInterval>
          <GBInterval_point>124</GBInterval_point>
          <GBInterval_accession>CRH69692.1</GBInterval_accession>
        </GBInterval>
      </GBFeature_intervals>
      <GBFeature_operator>order</GBFeature_operator>
      <GBFeature_quals>
        <GBQualifier>
          <GBQualifier_name>site_type</GBQualifier_name>
          <GBQualifier_value>other</GBQualifier_value>
        </GBQualifier>
        <GBQualifier>
          <GBQualifier_name>note</GBQualifier_name>
          <GBQualifier_value>folate binding site [chemical binding]</GBQualifier_value>
        </GBQualifier>
        <GBQualifier>
          <GBQualifier_name>db_xref</GBQualifier_name>
          <GBQualifier_value>CDD:238127</GBQualifier_value>
        </GBQualifier>
      </GBFeature_quals>
    </GBFeature>
    <GBFeature>
      <GBFeature_key>Site</GBFeature_key>
      <GBFeature_location>order(31..33,54,104..107)</GBFeature_location>
      <GBFeature_intervals>
        <GBInterval>
          <GBInterval_from>31</GBInterval_from>
          <GBInterval_to>33</GBInterval_to>
          <GBInterval_accession>CRH69692.1</GBInterval_accession>
        </GBInterval>
        <GBInterval>
          <GBInterval_point>54</GBInterval_point>
          <GBInterval_accession>CRH69692.1</GBInterval_accession>
        </GBInterval>
        <GBInterval>
          <GBInterval_from>104</GBInterval_from>
          <GBInterval_to>107</GBInterval_to>
          <GBInterval_accession>CRH69692.1</GBInterval_accession>
        </GBInterval>
      </GBFeature_intervals>
      <GBFeature_operator>order</GBFeature_operator>
      <GBFeature_quals>
        <GBQualifier>
          <GBQualifier_name>site_type</GBQualifier_name>
          <GBQualifier_value>other</GBQualifier_value>
        </GBQualifier>
        <GBQualifier>
          <GBQualifier_name>note</GBQualifier_name>
          <GBQualifier_value>NADP+ binding site [chemical binding]</GBQualifier_value>
        </GBQualifier>
        <GBQualifier>
          <GBQualifier_name>db_xref</GBQualifier_name>
          <GBQualifier_value>CDD:238127</GBQualifier_value>
        </GBQualifier>
      </GBFeature_quals>
    </GBFeature>
    <GBFeature>
      <GBFeature_key>CDS</GBFeature_key>
      <GBFeature_location>1..184</GBFeature_location>
      <GBFeature_intervals>
        <GBInterval>
          <GBInterval_from>1</GBInterval_from>
          <GBInterval_to>184</GBInterval_to>
          <GBInterval_accession>CRH69692.1</GBInterval_accession>
        </GBInterval>
      </GBFeature_intervals>
      <GBFeature_quals>
        <GBQualifier>
          <GBQualifier_name>gene</GBQualifier_name>
          <GBQualifier_value>folA_3</GBQualifier_value>
        </GBQualifier>
        <GBQualifier>
          <GBQualifier_name>locus_tag</GBQualifier_name>
          <GBQualifier_value>ERS133246_05298</GBQualifier_value>
        </GBQualifier>
        <GBQualifier>
          <GBQualifier_name>coded_by</GBQualifier_name>
          <GBQualifier_value>CVOA01001005.1:36..590</GBQualifier_value>
        </GBQualifier>
        <GBQualifier>
          <GBQualifier_name>inference</GBQualifier_name>
          <GBQualifier_value>ab initio prediction:Prodigal:2.60</GBQualifier_value>
        </GBQualifier>
        <GBQualifier>
          <GBQualifier_name>inference</GBQualifier_name>
          <GBQualifier_value>similar to AA sequence:RefSeq:YP_005813484.1</GBQualifier_value>
        </GBQualifier>
        <GBQualifier>
          <GBQualifier_name>transl_table</GBQualifier_name>
          <GBQualifier_value>11</GBQualifier_value>
        </GBQualifier>
      </GBFeature_quals>
    </GBFeature>
  </GBSeq_feature-table>
  <GBSeq_sequence>mgvnggmpwrlspdlryfkamtiscpvimgrgtwdsmpekfrplpgrenivvsrnpdfnpdgaksftsieeaicyarkwiednpiehvdsldlpkdgsaiwiigggaifkevieskivdaayvtqidtrveadtfapniqrlvddglwkvardgdwqesaikvgakqfdvkykfmvykpikakk</GBSeq_sequence>
  <GBSeq_xrefs>
    <GBXref>
      <GBXref_dbname>BioProject</GBXref_dbname>
      <GBXref_id>PRJEB2035</GBXref_id>
    </GBXref>
    <GBXref>
      <GBXref_dbname>BioSample</GBXref_dbname>
      <GBXref_id>SAMEA1483364</GBXref_id>
    </GBXref>
  </GBSeq_xrefs>
</GBSeq>

</GBSet>

