<?xml version="1.0" ?>
<!DOCTYPE GBSet PUBLIC "-//NCBI//NCBI GBSeq/EN" "https://www.ncbi.nlm.nih.gov/dtd/NCBI_GBSeq.dtd">
<GBSet>
<GBSeq>
  <GBSeq_locus>CRI74052</GBSeq_locus>
  <GBSeq_length>170</GBSeq_length>
  <GBSeq_moltype>AA</GBSeq_moltype>
  <GBSeq_topology>linear</GBSeq_topology>
  <GBSeq_division>BCT</GBSeq_division>
  <GBSeq_update-date>14-MAY-2015</GBSeq_update-date>
  <GBSeq_create-date>14-MAY-2015</GBSeq_create-date>
  <GBSeq_definition>dihydrofolate reductase [Chlamydia trachomatis]</GBSeq_definition>
  <GBSeq_primary-accession>CRI74052</GBSeq_primary-accession>
  <GBSeq_accession-version>CRI74052.1</GBSeq_accession-version>
  <GBSeq_other-seqids>
    <GBSeqid>emb|CRI74052.1|</GBSeqid>
    <GBSeqid>gnl|WGS:CVPJ|CRI74052</GBSeqid>
    <GBSeqid>gi|858029344</GBSeqid>
  </GBSeq_other-seqids>
  <GBSeq_project>PRJEB2035</GBSeq_project>
  <GBSeq_source>Chlamydia trachomatis</GBSeq_source>
  <GBSeq_organism>Chlamydia trachomatis</GBSeq_organism>
  <GBSeq_taxonomy>Bacteria; Chlamydiae; Chlamydiales; Chlamydiaceae; Chlamydia/Chlamydophila group; Chlamydia</GBSeq_taxonomy>
  <GBSeq_references>
    <GBReference>
      <GBReference_reference>1</GBReference_reference>
      <GBReference_authors>
        <GBAuthor>Informatics,Pathogen.</GBAuthor>
      </GBReference_authors>
      <GBReference_title>Direct Submission</GBReference_title>
      <GBReference_journal>Submitted (10-MAR-2015) SC, Wellcome Trust Sanger Institute, CB10 1SA, United Kingdom</GBReference_journal>
    </GBReference>
  </GBSeq_references>
  <GBSeq_source-db>embl accession CVPJ01000029.1</GBSeq_source-db>
  <GBSeq_feature-table>
    <GBFeature>
      <GBFeature_key>source</GBFeature_key>
      <GBFeature_location>1..170</GBFeature_location>
      <GBFeature_intervals>
        <GBInterval>
          <GBInterval_from>1</GBInterval_from>
          <GBInterval_to>170</GBInterval_to>
          <GBInterval_accession>CRI74052.1</GBInterval_accession>
        </GBInterval>
      </GBFeature_intervals>
      <GBFeature_quals>
        <GBQualifier>
          <GBQualifier_name>organism</GBQualifier_name>
          <GBQualifier_value>Chlamydia trachomatis</GBQualifier_value>
        </GBQualifier>
        <GBQualifier>
          <GBQualifier_name>strain</GBQualifier_name>
          <GBQualifier_value>H34IMS</GBQualifier_value>
        </GBQualifier>
        <GBQualifier>
          <GBQualifier_name>serovar</GBQualifier_name>
          <GBQualifier_value>L2b</GBQualifier_value>
        </GBQualifier>
        <GBQualifier>
          <GBQualifier_name>isolation_source</GBQualifier_name>
          <GBQualifier_value>rectal</GBQualifier_value>
        </GBQualifier>
        <GBQualifier>
          <GBQualifier_name>db_xref</GBQualifier_name>
          <GBQualifier_value>taxon:813</GBQualifier_value>
        </GBQualifier>
        <GBQualifier>
          <GBQualifier_name>country</GBQualifier_name>
          <GBQualifier_value>United Kingdom:Stoke-on-Trent</GBQualifier_value>
        </GBQualifier>
        <GBQualifier>
          <GBQualifier_name>collection_date</GBQualifier_name>
          <GBQualifier_value>2008-12-09</GBQualifier_value>
        </GBQualifier>
      </GBFeature_quals>
    </GBFeature>
    <GBFeature>
      <GBFeature_key>Protein</GBFeature_key>
      <GBFeature_location>1..170</GBFeature_location>
      <GBFeature_intervals>
        <GBInterval>
          <GBInterval_from>1</GBInterval_from>
          <GBInterval_to>170</GBInterval_to>
          <GBInterval_accession>CRI74052.1</GBInterval_accession>
        </GBInterval>
      </GBFeature_intervals>
      <GBFeature_quals>
        <GBQualifier>
          <GBQualifier_name>product</GBQualifier_name>
          <GBQualifier_value>dihydrofolate reductase</GBQualifier_value>
        </GBQualifier>
        <GBQualifier>
          <GBQualifier_name>EC_number</GBQualifier_name>
          <GBQualifier_value>1.5.1.3</GBQualifier_value>
        </GBQualifier>
        <GBQualifier>
          <GBQualifier_name>calculated_mol_wt</GBQualifier_name>
          <GBQualifier_value>18891</GBQualifier_value>
        </GBQualifier>
      </GBFeature_quals>
    </GBFeature>
    <GBFeature>
      <GBFeature_key>Region</GBFeature_key>
      <GBFeature_location>2..161</GBFeature_location>
      <GBFeature_intervals>
        <GBInterval>
          <GBInterval_from>2</GBInterval_from>
          <GBInterval_to>161</GBInterval_to>
          <GBInterval_accession>CRI74052.1</GBInterval_accession>
        </GBInterval>
      </GBFeature_intervals>
      <GBFeature_quals>
        <GBQualifier>
          <GBQualifier_name>region_name</GBQualifier_name>
          <GBQualifier_value>DHFR_1</GBQualifier_value>
        </GBQualifier>
        <GBQualifier>
          <GBQualifier_name>note</GBQualifier_name>
          <GBQualifier_value>Dihydrofolate reductase; pfam00186</GBQualifier_value>
        </GBQualifier>
        <GBQualifier>
          <GBQualifier_name>db_xref</GBQualifier_name>
          <GBQualifier_value>CDD:278610</GBQualifier_value>
        </GBQualifier>
      </GBFeature_quals>
    </GBFeature>
    <GBFeature>
      <GBFeature_key>Site</GBFeature_key>
      <GBFeature_location>order(6,23,28,59,96,102,115)</GBFeature_location>
      <GBFeature_intervals>
        <GBInterval>
          <GBInterval_point>6</GBInterval_point>
          <GBInterval_accession>CRI74052.1</GBInterval_accession>
        </GBInterval>
        <GBInterval>
          <GBInterval_point>23</GBInterval_point>
          <GBInterval_accession>CRI74052.1</GBInterval_accession>
        </GBInterval>
        <GBInterval>
          <GBInterval_point>28</GBInterval_point>
          <GBInterval_accession>CRI74052.1</GBInterval_accession>
        </GBInterval>
        <GBInterval>
          <GBInterval_point>59</GBInterval_point>
          <GBInterval_accession>CRI74052.1</GBInterval_accession>
        </GBInterval>
        <GBInterval>
          <GBInterval_point>96</GBInterval_point>
          <GBInterval_accession>CRI74052.1</GBInterval_accession>
        </GBInterval>
        <GBInterval>
          <GBInterval_point>102</GBInterval_point>
          <GBInterval_accession>CRI74052.1</GBInterval_accession>
        </GBInterval>
        <GBInterval>
          <GBInterval_point>115</GBInterval_point>
          <GBInterval_accession>CRI74052.1</GBInterval_accession>
        </GBInterval>
      </GBFeature_intervals>
      <GBFeature_operator>order</GBFeature_operator>
      <GBFeature_quals>
        <GBQualifier>
          <GBQualifier_name>site_type</GBQualifier_name>
          <GBQualifier_value>other</GBQualifier_value>
        </GBQualifier>
        <GBQualifier>
          <GBQualifier_name>note</GBQualifier_name>
          <GBQualifier_value>folate binding site [chemical binding]</GBQualifier_value>
        </GBQualifier>
        <GBQualifier>
          <GBQualifier_name>db_xref</GBQualifier_name>
          <GBQualifier_value>CDD:238127</GBQualifier_value>
        </GBQualifier>
      </GBFeature_quals>
    </GBFeature>
    <GBFeature>
      <GBFeature_key>Site</GBFeature_key>
      <GBFeature_location>order(8,15,45..47,66,97..100)</GBFeature_location>
      <GBFeature_intervals>
        <GBInterval>
          <GBInterval_point>8</GBInterval_point>
          <GBInterval_accession>CRI74052.1</GBInterval_accession>
        </GBInterval>
        <GBInterval>
          <GBInterval_point>15</GBInterval_point>
          <GBInterval_accession>CRI74052.1</GBInterval_accession>
        </GBInterval>
        <GBInterval>
          <GBInterval_from>45</GBInterval_from>
          <GBInterval_to>47</GBInterval_to>
          <GBInterval_accession>CRI74052.1</GBInterval_accession>
        </GBInterval>
        <GBInterval>
          <GBInterval_point>66</GBInterval_point>
          <GBInterval_accession>CRI74052.1</GBInterval_accession>
        </GBInterval>
        <GBInterval>
          <GBInterval_from>97</GBInterval_from>
          <GBInterval_to>100</GBInterval_to>
          <GBInterval_accession>CRI74052.1</GBInterval_accession>
        </GBInterval>
      </GBFeature_intervals>
      <GBFeature_operator>order</GBFeature_operator>
      <GBFeature_quals>
        <GBQualifier>
          <GBQualifier_name>site_type</GBQualifier_name>
          <GBQualifier_value>other</GBQualifier_value>
        </GBQualifier>
        <GBQualifier>
          <GBQualifier_name>note</GBQualifier_name>
          <GBQualifier_value>NADP+ binding site [chemical binding]</GBQualifier_value>
        </GBQualifier>
        <GBQualifier>
          <GBQualifier_name>db_xref</GBQualifier_name>
          <GBQualifier_value>CDD:238127</GBQualifier_value>
        </GBQualifier>
      </GBFeature_quals>
    </GBFeature>
    <GBFeature>
      <GBFeature_key>CDS</GBFeature_key>
      <GBFeature_location>1..170</GBFeature_location>
      <GBFeature_intervals>
        <GBInterval>
          <GBInterval_from>1</GBInterval_from>
          <GBInterval_to>170</GBInterval_to>
          <GBInterval_accession>CRI74052.1</GBInterval_accession>
        </GBInterval>
      </GBFeature_intervals>
      <GBFeature_quals>
        <GBQualifier>
          <GBQualifier_name>gene</GBQualifier_name>
          <GBQualifier_value>folA</GBQualifier_value>
        </GBQualifier>
        <GBQualifier>
          <GBQualifier_name>locus_tag</GBQualifier_name>
          <GBQualifier_value>ERS133252_00250</GBQualifier_value>
        </GBQualifier>
        <GBQualifier>
          <GBQualifier_name>coded_by</GBQualifier_name>
          <GBQualifier_value>complement(CVPJ01000029.1:1629..2141)</GBQualifier_value>
        </GBQualifier>
        <GBQualifier>
          <GBQualifier_name>inference</GBQualifier_name>
          <GBQualifier_value>ab initio prediction:Prodigal:2.60</GBQualifier_value>
        </GBQualifier>
        <GBQualifier>
          <GBQualifier_name>inference</GBQualifier_name>
          <GBQualifier_value>similar to AA sequence:RefSeq:YP_006974866.1</GBQualifier_value>
        </GBQualifier>
        <GBQualifier>
          <GBQualifier_name>transl_table</GBQualifier_name>
          <GBQualifier_value>11</GBQualifier_value>
        </GBQualifier>
      </GBFeature_quals>
    </GBFeature>
  </GBSeq_feature-table>
  <GBSeq_sequence>mtlsiivavaannaigkdndllwhlpgdlkrfketttghaiimgkntfyslpngalpnrrnivvsstlvppegvecystlqgaleavaeeeevfiiggaqlyaaalpladkiyfsrvekgfpeadtyfpefdltewtpsactrypqderneyavtltiyqriayfkhrlk</GBSeq_sequence>
  <GBSeq_xrefs>
    <GBXref>
      <GBXref_dbname>BioProject</GBXref_dbname>
      <GBXref_id>PRJEB2035</GBXref_id>
    </GBXref>
    <GBXref>
      <GBXref_dbname>BioSample</GBXref_dbname>
      <GBXref_id>SAMEA1483360</GBXref_id>
    </GBXref>
  </GBSeq_xrefs>
</GBSeq>

</GBSet>

