<?xml version="1.0" ?>
<!DOCTYPE GBSet PUBLIC "-//NCBI//NCBI GBSeq/EN" "https://www.ncbi.nlm.nih.gov/dtd/NCBI_GBSeq.dtd">
<GBSet>
<GBSeq>
  <GBSeq_locus>CSS70425</GBSeq_locus>
  <GBSeq_length>196</GBSeq_length>
  <GBSeq_moltype>AA</GBSeq_moltype>
  <GBSeq_topology>linear</GBSeq_topology>
  <GBSeq_division>BCT</GBSeq_division>
  <GBSeq_update-date>16-JUL-2015</GBSeq_update-date>
  <GBSeq_create-date>16-JUL-2015</GBSeq_create-date>
  <GBSeq_definition>dihydrofolate reductase [Shigella sonnei]</GBSeq_definition>
  <GBSeq_primary-accession>CSS70425</GBSeq_primary-accession>
  <GBSeq_accession-version>CSS70425.1</GBSeq_accession-version>
  <GBSeq_other-seqids>
    <GBSeqid>emb|CSS70425.1|</GBSeqid>
    <GBSeqid>gnl|WGS:CXFG|CSS70425</GBSeqid>
    <GBSeqid>gi|904619430</GBSeqid>
  </GBSeq_other-seqids>
  <GBSeq_project>PRJEB2460</GBSeq_project>
  <GBSeq_source>Shigella sonnei</GBSeq_source>
  <GBSeq_organism>Shigella sonnei</GBSeq_organism>
  <GBSeq_taxonomy>Bacteria; Proteobacteria; Gammaproteobacteria; Enterobacteriales; Enterobacteriaceae; Shigella</GBSeq_taxonomy>
  <GBSeq_references>
    <GBReference>
      <GBReference_reference>1</GBReference_reference>
      <GBReference_authors>
        <GBAuthor>Informatics,Pathogen.</GBAuthor>
      </GBReference_authors>
      <GBReference_title>Direct Submission</GBReference_title>
      <GBReference_journal>Submitted (15-JUL-2015) SC, Wellcome Trust Sanger Institute, CB10 1SA, United Kingdom</GBReference_journal>
    </GBReference>
  </GBSeq_references>
  <GBSeq_source-db>embl accession CXFG01000032.1</GBSeq_source-db>
  <GBSeq_feature-table>
    <GBFeature>
      <GBFeature_key>source</GBFeature_key>
      <GBFeature_location>1..196</GBFeature_location>
      <GBFeature_intervals>
        <GBInterval>
          <GBInterval_from>1</GBInterval_from>
          <GBInterval_to>196</GBInterval_to>
          <GBInterval_accession>CSS70425.1</GBInterval_accession>
        </GBInterval>
      </GBFeature_intervals>
      <GBFeature_quals>
        <GBQualifier>
          <GBQualifier_name>organism</GBQualifier_name>
          <GBQualifier_value>Shigella sonnei</GBQualifier_value>
        </GBQualifier>
        <GBQualifier>
          <GBQualifier_name>strain</GBQualifier_name>
          <GBQualifier_value>sh07-1608</GBQualifier_value>
        </GBQualifier>
        <GBQualifier>
          <GBQualifier_name>serovar</GBQualifier_name>
          <GBQualifier_value>NA</GBQualifier_value>
        </GBQualifier>
        <GBQualifier>
          <GBQualifier_name>isolation_source</GBQualifier_name>
          <GBQualifier_value>Faeces</GBQualifier_value>
        </GBQualifier>
        <GBQualifier>
          <GBQualifier_name>db_xref</GBQualifier_name>
          <GBQualifier_value>taxon:624</GBQualifier_value>
        </GBQualifier>
        <GBQualifier>
          <GBQualifier_name>country</GBQualifier_name>
          <GBQualifier_value>France</GBQualifier_value>
        </GBQualifier>
        <GBQualifier>
          <GBQualifier_name>collection_date</GBQualifier_name>
          <GBQualifier_value>2007-03-27</GBQualifier_value>
        </GBQualifier>
      </GBFeature_quals>
    </GBFeature>
    <GBFeature>
      <GBFeature_key>Protein</GBFeature_key>
      <GBFeature_location>1..196</GBFeature_location>
      <GBFeature_intervals>
        <GBInterval>
          <GBInterval_from>1</GBInterval_from>
          <GBInterval_to>196</GBInterval_to>
          <GBInterval_accession>CSS70425.1</GBInterval_accession>
        </GBInterval>
      </GBFeature_intervals>
      <GBFeature_quals>
        <GBQualifier>
          <GBQualifier_name>product</GBQualifier_name>
          <GBQualifier_value>dihydrofolate reductase</GBQualifier_value>
        </GBQualifier>
        <GBQualifier>
          <GBQualifier_name>EC_number</GBQualifier_name>
          <GBQualifier_value>1.5.1.3</GBQualifier_value>
        </GBQualifier>
        <GBQualifier>
          <GBQualifier_name>calculated_mol_wt</GBQualifier_name>
          <GBQualifier_value>22228</GBQualifier_value>
        </GBQualifier>
      </GBFeature_quals>
    </GBFeature>
    <GBFeature>
      <GBFeature_key>Region</GBFeature_key>
      <GBFeature_location>38..196</GBFeature_location>
      <GBFeature_intervals>
        <GBInterval>
          <GBInterval_from>38</GBInterval_from>
          <GBInterval_to>196</GBInterval_to>
          <GBInterval_accession>CSS70425.1</GBInterval_accession>
        </GBInterval>
      </GBFeature_intervals>
      <GBFeature_quals>
        <GBQualifier>
          <GBQualifier_name>region_name</GBQualifier_name>
          <GBQualifier_value>folA</GBQualifier_value>
        </GBQualifier>
        <GBQualifier>
          <GBQualifier_name>note</GBQualifier_name>
          <GBQualifier_value>dihydrofolate reductase; Provisional; PRK10769</GBQualifier_value>
        </GBQualifier>
        <GBQualifier>
          <GBQualifier_name>db_xref</GBQualifier_name>
          <GBQualifier_value>CDD:182714</GBQualifier_value>
        </GBQualifier>
      </GBFeature_quals>
    </GBFeature>
    <GBFeature>
      <GBFeature_key>Site</GBFeature_key>
      <GBFeature_location>order(42,59,64,94,131,137,150)</GBFeature_location>
      <GBFeature_intervals>
        <GBInterval>
          <GBInterval_point>42</GBInterval_point>
          <GBInterval_accession>CSS70425.1</GBInterval_accession>
        </GBInterval>
        <GBInterval>
          <GBInterval_point>59</GBInterval_point>
          <GBInterval_accession>CSS70425.1</GBInterval_accession>
        </GBInterval>
        <GBInterval>
          <GBInterval_point>64</GBInterval_point>
          <GBInterval_accession>CSS70425.1</GBInterval_accession>
        </GBInterval>
        <GBInterval>
          <GBInterval_point>94</GBInterval_point>
          <GBInterval_accession>CSS70425.1</GBInterval_accession>
        </GBInterval>
        <GBInterval>
          <GBInterval_point>131</GBInterval_point>
          <GBInterval_accession>CSS70425.1</GBInterval_accession>
        </GBInterval>
        <GBInterval>
          <GBInterval_point>137</GBInterval_point>
          <GBInterval_accession>CSS70425.1</GBInterval_accession>
        </GBInterval>
        <GBInterval>
          <GBInterval_point>150</GBInterval_point>
          <GBInterval_accession>CSS70425.1</GBInterval_accession>
        </GBInterval>
      </GBFeature_intervals>
      <GBFeature_operator>order</GBFeature_operator>
      <GBFeature_quals>
        <GBQualifier>
          <GBQualifier_name>site_type</GBQualifier_name>
          <GBQualifier_value>other</GBQualifier_value>
        </GBQualifier>
        <GBQualifier>
          <GBQualifier_name>note</GBQualifier_name>
          <GBQualifier_value>folate binding site [chemical binding]</GBQualifier_value>
        </GBQualifier>
        <GBQualifier>
          <GBQualifier_name>db_xref</GBQualifier_name>
          <GBQualifier_value>CDD:238127</GBQualifier_value>
        </GBQualifier>
      </GBFeature_quals>
    </GBFeature>
    <GBFeature>
      <GBFeature_key>Site</GBFeature_key>
      <GBFeature_location>order(44,51,81..83,101,132..135)</GBFeature_location>
      <GBFeature_intervals>
        <GBInterval>
          <GBInterval_point>44</GBInterval_point>
          <GBInterval_accession>CSS70425.1</GBInterval_accession>
        </GBInterval>
        <GBInterval>
          <GBInterval_point>51</GBInterval_point>
          <GBInterval_accession>CSS70425.1</GBInterval_accession>
        </GBInterval>
        <GBInterval>
          <GBInterval_from>81</GBInterval_from>
          <GBInterval_to>83</GBInterval_to>
          <GBInterval_accession>CSS70425.1</GBInterval_accession>
        </GBInterval>
        <GBInterval>
          <GBInterval_point>101</GBInterval_point>
          <GBInterval_accession>CSS70425.1</GBInterval_accession>
        </GBInterval>
        <GBInterval>
          <GBInterval_from>132</GBInterval_from>
          <GBInterval_to>135</GBInterval_to>
          <GBInterval_accession>CSS70425.1</GBInterval_accession>
        </GBInterval>
      </GBFeature_intervals>
      <GBFeature_operator>order</GBFeature_operator>
      <GBFeature_quals>
        <GBQualifier>
          <GBQualifier_name>site_type</GBQualifier_name>
          <GBQualifier_value>other</GBQualifier_value>
        </GBQualifier>
        <GBQualifier>
          <GBQualifier_name>note</GBQualifier_name>
          <GBQualifier_value>NADP+ binding site [chemical binding]</GBQualifier_value>
        </GBQualifier>
        <GBQualifier>
          <GBQualifier_name>db_xref</GBQualifier_name>
          <GBQualifier_value>CDD:238127</GBQualifier_value>
        </GBQualifier>
      </GBFeature_quals>
    </GBFeature>
    <GBFeature>
      <GBFeature_key>CDS</GBFeature_key>
      <GBFeature_location>1..196</GBFeature_location>
      <GBFeature_intervals>
        <GBInterval>
          <GBInterval_from>1</GBInterval_from>
          <GBInterval_to>196</GBInterval_to>
          <GBInterval_accession>CSS70425.1</GBInterval_accession>
        </GBInterval>
      </GBFeature_intervals>
      <GBFeature_quals>
        <GBQualifier>
          <GBQualifier_name>gene</GBQualifier_name>
          <GBQualifier_value>folA</GBQualifier_value>
        </GBQualifier>
        <GBQualifier>
          <GBQualifier_name>locus_tag</GBQualifier_name>
          <GBQualifier_value>ERS025885_01643</GBQualifier_value>
        </GBQualifier>
        <GBQualifier>
          <GBQualifier_name>coded_by</GBQualifier_name>
          <GBQualifier_value>complement(CXFG01000032.1:26944..27534)</GBQualifier_value>
        </GBQualifier>
        <GBQualifier>
          <GBQualifier_name>inference</GBQualifier_name>
          <GBQualifier_value>ab initio prediction:Prodigal:2.60</GBQualifier_value>
        </GBQualifier>
        <GBQualifier>
          <GBQualifier_name>inference</GBQualifier_name>
          <GBQualifier_value>similar to AA sequence:RefSeq:YP_001878861.1</GBQualifier_value>
        </GBQualifier>
        <GBQualifier>
          <GBQualifier_name>transl_table</GBQualifier_name>
          <GBQualifier_value>11</GBQualifier_value>
        </GBQualifier>
      </GBFeature_quals>
    </GBFeature>
  </GBSeq_feature-table>
  <GBSeq_sequence>mdspaeykiflniilapvddglrftysgdnffyreismisliaalavdrvigmetpmrwtlpadlawfkrntlnkpvimgrhtwesigrplpgrkniilssqpgtddrvtwvksvdeaiaacgdvpeimvigggrvyeqflpkaqklylthidaevegdthfpdyepddwesvfsefhdadaqnshsycfeilerr</GBSeq_sequence>
  <GBSeq_xrefs>
    <GBXref>
      <GBXref_dbname>BioProject</GBXref_dbname>
      <GBXref_id>PRJEB2460</GBXref_id>
    </GBXref>
    <GBXref>
      <GBXref_dbname>BioSample</GBXref_dbname>
      <GBXref_id>SAMEA1027690</GBXref_id>
    </GBXref>
  </GBSeq_xrefs>
</GBSeq>

</GBSet>

