<?xml version="1.0" ?>
<!DOCTYPE GBSet PUBLIC "-//NCBI//NCBI GBSeq/EN" "https://www.ncbi.nlm.nih.gov/dtd/NCBI_GBSeq.dtd">
<GBSet>
<GBSeq>
  <GBSeq_locus>CUU22925</GBSeq_locus>
  <GBSeq_length>182</GBSeq_length>
  <GBSeq_moltype>AA</GBSeq_moltype>
  <GBSeq_topology>linear</GBSeq_topology>
  <GBSeq_division>BCT</GBSeq_division>
  <GBSeq_update-date>07-JAN-2016</GBSeq_update-date>
  <GBSeq_create-date>07-JAN-2016</GBSeq_create-date>
  <GBSeq_definition>dihydrofolate reductase type I [Erwinia gerundensis]</GBSeq_definition>
  <GBSeq_primary-accession>CUU22925</GBSeq_primary-accession>
  <GBSeq_accession-version>CUU22925.1</GBSeq_accession-version>
  <GBSeq_other-seqids>
    <GBSeqid>emb|CUU22925.1|</GBSeqid>
    <GBSeqid>gi|972719488</GBSeqid>
  </GBSeq_other-seqids>
  <GBSeq_project>PRJEB11465</GBSeq_project>
  <GBSeq_source>Erwinia gerundensis</GBSeq_source>
  <GBSeq_organism>Erwinia gerundensis</GBSeq_organism>
  <GBSeq_taxonomy>Bacteria; Proteobacteria; Gammaproteobacteria; Enterobacteriales; Enterobacteriaceae; Erwinia</GBSeq_taxonomy>
  <GBSeq_references>
    <GBReference>
      <GBReference_reference>1</GBReference_reference>
      <GBReference_authors>
        <GBAuthor>Blom,Jochen.</GBAuthor>
      </GBReference_authors>
      <GBReference_title>Direct Submission</GBReference_title>
      <GBReference_journal>Submitted (12-NOV-2015) JLU, JLU, Justus-Liebig-University Giessen, Bioinformatics and Systems Biology, Heinrich-Buff-Ring 58, 35392 Giessen, 35390, Germany</GBReference_journal>
    </GBReference>
  </GBSeq_references>
  <GBSeq_source-db>embl accession LN907827.1</GBSeq_source-db>
  <GBSeq_feature-table>
    <GBFeature>
      <GBFeature_key>source</GBFeature_key>
      <GBFeature_location>1..182</GBFeature_location>
      <GBFeature_intervals>
        <GBInterval>
          <GBInterval_from>1</GBInterval_from>
          <GBInterval_to>182</GBInterval_to>
          <GBInterval_accession>CUU22925.1</GBInterval_accession>
        </GBInterval>
      </GBFeature_intervals>
      <GBFeature_quals>
        <GBQualifier>
          <GBQualifier_name>organism</GBQualifier_name>
          <GBQualifier_value>Erwinia gerundensis</GBQualifier_value>
        </GBQualifier>
        <GBQualifier>
          <GBQualifier_name>isolate</GBQualifier_name>
          <GBQualifier_value>E_g_EM595</GBQualifier_value>
        </GBQualifier>
        <GBQualifier>
          <GBQualifier_name>db_xref</GBQualifier_name>
          <GBQualifier_value>taxon:1619313</GBQualifier_value>
        </GBQualifier>
        <GBQualifier>
          <GBQualifier_name>chromosome</GBQualifier_name>
          <GBQualifier_value>1</GBQualifier_value>
        </GBQualifier>
        <GBQualifier>
          <GBQualifier_name>collection_date</GBQualifier_name>
          <GBQualifier_value>1994</GBQualifier_value>
        </GBQualifier>
      </GBFeature_quals>
    </GBFeature>
    <GBFeature>
      <GBFeature_key>Protein</GBFeature_key>
      <GBFeature_location>1..182</GBFeature_location>
      <GBFeature_intervals>
        <GBInterval>
          <GBInterval_from>1</GBInterval_from>
          <GBInterval_to>182</GBInterval_to>
          <GBInterval_accession>CUU22925.1</GBInterval_accession>
        </GBInterval>
      </GBFeature_intervals>
      <GBFeature_quals>
        <GBQualifier>
          <GBQualifier_name>product</GBQualifier_name>
          <GBQualifier_value>dihydrofolate reductase type I</GBQualifier_value>
        </GBQualifier>
        <GBQualifier>
          <GBQualifier_name>EC_number</GBQualifier_name>
          <GBQualifier_value>1.5.1.3</GBQualifier_value>
        </GBQualifier>
        <GBQualifier>
          <GBQualifier_name>function</GBQualifier_name>
          <GBQualifier_value>Dihydrofolate reductase</GBQualifier_value>
        </GBQualifier>
        <GBQualifier>
          <GBQualifier_name>calculated_mol_wt</GBQualifier_name>
          <GBQualifier_value>20290</GBQualifier_value>
        </GBQualifier>
      </GBFeature_quals>
    </GBFeature>
    <GBFeature>
      <GBFeature_key>Region</GBFeature_key>
      <GBFeature_location>23..181</GBFeature_location>
      <GBFeature_intervals>
        <GBInterval>
          <GBInterval_from>23</GBInterval_from>
          <GBInterval_to>181</GBInterval_to>
          <GBInterval_accession>CUU22925.1</GBInterval_accession>
        </GBInterval>
      </GBFeature_intervals>
      <GBFeature_quals>
        <GBQualifier>
          <GBQualifier_name>region_name</GBQualifier_name>
          <GBQualifier_value>folA</GBQualifier_value>
        </GBQualifier>
        <GBQualifier>
          <GBQualifier_name>note</GBQualifier_name>
          <GBQualifier_value>dihydrofolate reductase; Provisional; PRK10769</GBQualifier_value>
        </GBQualifier>
        <GBQualifier>
          <GBQualifier_name>db_xref</GBQualifier_name>
          <GBQualifier_value>CDD:182714</GBQualifier_value>
        </GBQualifier>
      </GBFeature_quals>
    </GBFeature>
    <GBFeature>
      <GBFeature_key>Site</GBFeature_key>
      <GBFeature_location>order(27,44,49,79,116,122,135)</GBFeature_location>
      <GBFeature_intervals>
        <GBInterval>
          <GBInterval_point>27</GBInterval_point>
          <GBInterval_accession>CUU22925.1</GBInterval_accession>
        </GBInterval>
        <GBInterval>
          <GBInterval_point>44</GBInterval_point>
          <GBInterval_accession>CUU22925.1</GBInterval_accession>
        </GBInterval>
        <GBInterval>
          <GBInterval_point>49</GBInterval_point>
          <GBInterval_accession>CUU22925.1</GBInterval_accession>
        </GBInterval>
        <GBInterval>
          <GBInterval_point>79</GBInterval_point>
          <GBInterval_accession>CUU22925.1</GBInterval_accession>
        </GBInterval>
        <GBInterval>
          <GBInterval_point>116</GBInterval_point>
          <GBInterval_accession>CUU22925.1</GBInterval_accession>
        </GBInterval>
        <GBInterval>
          <GBInterval_point>122</GBInterval_point>
          <GBInterval_accession>CUU22925.1</GBInterval_accession>
        </GBInterval>
        <GBInterval>
          <GBInterval_point>135</GBInterval_point>
          <GBInterval_accession>CUU22925.1</GBInterval_accession>
        </GBInterval>
      </GBFeature_intervals>
      <GBFeature_operator>order</GBFeature_operator>
      <GBFeature_quals>
        <GBQualifier>
          <GBQualifier_name>site_type</GBQualifier_name>
          <GBQualifier_value>other</GBQualifier_value>
        </GBQualifier>
        <GBQualifier>
          <GBQualifier_name>note</GBQualifier_name>
          <GBQualifier_value>folate binding site [chemical binding]</GBQualifier_value>
        </GBQualifier>
        <GBQualifier>
          <GBQualifier_name>db_xref</GBQualifier_name>
          <GBQualifier_value>CDD:238127</GBQualifier_value>
        </GBQualifier>
      </GBFeature_quals>
    </GBFeature>
    <GBFeature>
      <GBFeature_key>Site</GBFeature_key>
      <GBFeature_location>order(29,36,66..68,86,117..120)</GBFeature_location>
      <GBFeature_intervals>
        <GBInterval>
          <GBInterval_point>29</GBInterval_point>
          <GBInterval_accession>CUU22925.1</GBInterval_accession>
        </GBInterval>
        <GBInterval>
          <GBInterval_point>36</GBInterval_point>
          <GBInterval_accession>CUU22925.1</GBInterval_accession>
        </GBInterval>
        <GBInterval>
          <GBInterval_from>66</GBInterval_from>
          <GBInterval_to>68</GBInterval_to>
          <GBInterval_accession>CUU22925.1</GBInterval_accession>
        </GBInterval>
        <GBInterval>
          <GBInterval_point>86</GBInterval_point>
          <GBInterval_accession>CUU22925.1</GBInterval_accession>
        </GBInterval>
        <GBInterval>
          <GBInterval_from>117</GBInterval_from>
          <GBInterval_to>120</GBInterval_to>
          <GBInterval_accession>CUU22925.1</GBInterval_accession>
        </GBInterval>
      </GBFeature_intervals>
      <GBFeature_operator>order</GBFeature_operator>
      <GBFeature_quals>
        <GBQualifier>
          <GBQualifier_name>site_type</GBQualifier_name>
          <GBQualifier_value>other</GBQualifier_value>
        </GBQualifier>
        <GBQualifier>
          <GBQualifier_name>note</GBQualifier_name>
          <GBQualifier_value>NADP+ binding site [chemical binding]</GBQualifier_value>
        </GBQualifier>
        <GBQualifier>
          <GBQualifier_name>db_xref</GBQualifier_name>
          <GBQualifier_value>CDD:238127</GBQualifier_value>
        </GBQualifier>
      </GBFeature_quals>
    </GBFeature>
    <GBFeature>
      <GBFeature_key>CDS</GBFeature_key>
      <GBFeature_location>1..182</GBFeature_location>
      <GBFeature_intervals>
        <GBInterval>
          <GBInterval_from>1</GBInterval_from>
          <GBInterval_to>182</GBInterval_to>
          <GBInterval_accession>CUU22925.1</GBInterval_accession>
        </GBInterval>
      </GBFeature_intervals>
      <GBFeature_quals>
        <GBQualifier>
          <GBQualifier_name>gene</GBQualifier_name>
          <GBQualifier_value>folA</GBQualifier_value>
        </GBQualifier>
        <GBQualifier>
          <GBQualifier_name>locus_tag</GBQualifier_name>
          <GBQualifier_value>EM595_0689</GBQualifier_value>
        </GBQualifier>
        <GBQualifier>
          <GBQualifier_name>coded_by</GBQualifier_name>
          <GBQualifier_value>LN907827.1:768562..769110</GBQualifier_value>
        </GBQualifier>
        <GBQualifier>
          <GBQualifier_name>transl_table</GBQualifier_name>
          <GBQualifier_value>11</GBQualifier_value>
        </GBQualifier>
      </GBFeature_quals>
    </GBFeature>
  </GBSeq_feature-table>
  <GBSeq_sequence>mpidesftltydganfstesfnmisliaalaadrvigmenampwnlpadlawfkrntlnkpvimgrltwesigrplpgrlnivvssqpghaegvtwvssldeaiaaageaeeimiigggriyeqmlpkadrlylthidaeivgdtqfpdyepdewhstfsefhdadaqnshsycfeilerrr</GBSeq_sequence>
  <GBSeq_xrefs>
    <GBXref>
      <GBXref_dbname>BioProject</GBXref_dbname>
      <GBXref_id>PRJEB11465</GBXref_id>
    </GBXref>
    <GBXref>
      <GBXref_dbname>BioSample</GBXref_dbname>
      <GBXref_id>SAMEA3650399</GBXref_id>
    </GBXref>
  </GBSeq_xrefs>
</GBSeq>

</GBSet>

