<?xml version="1.0" ?>
<!DOCTYPE GBSet PUBLIC "-//NCBI//NCBI GBSeq/EN" "https://www.ncbi.nlm.nih.gov/dtd/NCBI_GBSeq.dtd">
<GBSet>
<GBSeq>
  <GBSeq_locus>EAQ02798</GBSeq_locus>
  <GBSeq_length>178</GBSeq_length>
  <GBSeq_moltype>AA</GBSeq_moltype>
  <GBSeq_topology>linear</GBSeq_topology>
  <GBSeq_division>BCT</GBSeq_division>
  <GBSeq_update-date>05-JAN-2006</GBSeq_update-date>
  <GBSeq_create-date>05-JAN-2006</GBSeq_create-date>
  <GBSeq_definition>Dihydrofolate reductase [Pseudooceanicola batsensis HTCC2597]</GBSeq_definition>
  <GBSeq_primary-accession>EAQ02798</GBSeq_primary-accession>
  <GBSeq_accession-version>EAQ02798.1</GBSeq_accession-version>
  <GBSeq_other-seqids>
    <GBSeqid>gb|EAQ02798.1|</GBSeqid>
    <GBSeqid>gnl|WGS:AAMO|1099451005756_OB2597_15490</GBSeqid>
    <GBSeqid>gi|84390239</GBSeqid>
  </GBSeq_other-seqids>
  <GBSeq_project>PRJNA13449</GBSeq_project>
  <GBSeq_source>Pseudooceanicola batsensis HTCC2597</GBSeq_source>
  <GBSeq_organism>Pseudooceanicola batsensis HTCC2597</GBSeq_organism>
  <GBSeq_taxonomy>Bacteria; Proteobacteria; Alphaproteobacteria; Rhodobacterales; Rhodobacteraceae; Pseudooceanicola</GBSeq_taxonomy>
  <GBSeq_references>
    <GBReference>
      <GBReference_reference>1</GBReference_reference>
      <GBReference_position>1..178</GBReference_position>
      <GBReference_authors>
        <GBAuthor>Thrash,J.C.</GBAuthor>
        <GBAuthor>Cho,J.C.</GBAuthor>
        <GBAuthor>Vergin,K.L.</GBAuthor>
        <GBAuthor>Giovannoni,S.J.</GBAuthor>
      </GBReference_authors>
      <GBReference_title>Genome sequences of Oceanicola granulosus HTCC2516(T) and Oceanicola batsensis HTCC2597(TDelta)</GBReference_title>
      <GBReference_journal>J. Bacteriol. 192 (13), 3549-3550 (2010)</GBReference_journal>
      <GBReference_xref>
        <GBXref>
          <GBXref_dbname>doi</GBXref_dbname>
          <GBXref_id>10.1128/JB.00412-10</GBXref_id>
        </GBXref>
      </GBReference_xref>
      <GBReference_pubmed>20418400</GBReference_pubmed>
    </GBReference>
    <GBReference>
      <GBReference_reference>2</GBReference_reference>
      <GBReference_position>1..178</GBReference_position>
      <GBReference_authors>
        <GBAuthor>Giovannoni,S.J.</GBAuthor>
        <GBAuthor>Cho,J.-C.</GBAuthor>
        <GBAuthor>Ferriera,S.</GBAuthor>
        <GBAuthor>Johnson,J.</GBAuthor>
        <GBAuthor>Kravitz,S.</GBAuthor>
        <GBAuthor>Halpern,A.</GBAuthor>
        <GBAuthor>Remington,K.</GBAuthor>
        <GBAuthor>Beeson,K.</GBAuthor>
        <GBAuthor>Tran,B.</GBAuthor>
        <GBAuthor>Rogers,Y.-H.</GBAuthor>
        <GBAuthor>Friedman,R.</GBAuthor>
        <GBAuthor>Venter,J.C.</GBAuthor>
      </GBReference_authors>
      <GBReference_title>Direct Submission</GBReference_title>
      <GBReference_journal>Submitted (23-DEC-2005) J Craig Venter Institute, 9704 Medical Center Drive, Rockville, MD 20850, USA</GBReference_journal>
    </GBReference>
  </GBSeq_references>
  <GBSeq_comment>Annotation was added by the NCBI Prokaryotic Genomes Automatic Annotation Pipeline Group. Information about the Pipeline can be found here: http://www.ncbi.nlm.nih.gov/genomes/static/Pipeline.html. Please be aware that the annotation is done automatically with little or no manual curation.; Method: conceptual translation.</GBSeq_comment>
  <GBSeq_source-db>accession AAMO01000006.1</GBSeq_source-db>
  <GBSeq_feature-table>
    <GBFeature>
      <GBFeature_key>source</GBFeature_key>
      <GBFeature_location>1..178</GBFeature_location>
      <GBFeature_intervals>
        <GBInterval>
          <GBInterval_from>1</GBInterval_from>
          <GBInterval_to>178</GBInterval_to>
          <GBInterval_accession>EAQ02798.1</GBInterval_accession>
        </GBInterval>
      </GBFeature_intervals>
      <GBFeature_quals>
        <GBQualifier>
          <GBQualifier_name>organism</GBQualifier_name>
          <GBQualifier_value>Pseudooceanicola batsensis HTCC2597</GBQualifier_value>
        </GBQualifier>
        <GBQualifier>
          <GBQualifier_name>strain</GBQualifier_name>
          <GBQualifier_value>HTCC2597</GBQualifier_value>
        </GBQualifier>
        <GBQualifier>
          <GBQualifier_name>db_xref</GBQualifier_name>
          <GBQualifier_value>taxon:252305</GBQualifier_value>
        </GBQualifier>
      </GBFeature_quals>
    </GBFeature>
    <GBFeature>
      <GBFeature_key>Protein</GBFeature_key>
      <GBFeature_location>1..178</GBFeature_location>
      <GBFeature_intervals>
        <GBInterval>
          <GBInterval_from>1</GBInterval_from>
          <GBInterval_to>178</GBInterval_to>
          <GBInterval_accession>EAQ02798.1</GBInterval_accession>
        </GBInterval>
      </GBFeature_intervals>
      <GBFeature_quals>
        <GBQualifier>
          <GBQualifier_name>product</GBQualifier_name>
          <GBQualifier_value>Dihydrofolate reductase</GBQualifier_value>
        </GBQualifier>
        <GBQualifier>
          <GBQualifier_name>calculated_mol_wt</GBQualifier_name>
          <GBQualifier_value>19347</GBQualifier_value>
        </GBQualifier>
      </GBFeature_quals>
    </GBFeature>
    <GBFeature>
      <GBFeature_key>Region</GBFeature_key>
      <GBFeature_location>19..164</GBFeature_location>
      <GBFeature_intervals>
        <GBInterval>
          <GBInterval_from>19</GBInterval_from>
          <GBInterval_to>164</GBInterval_to>
          <GBInterval_accession>EAQ02798.1</GBInterval_accession>
        </GBInterval>
      </GBFeature_intervals>
      <GBFeature_quals>
        <GBQualifier>
          <GBQualifier_name>region_name</GBQualifier_name>
          <GBQualifier_value>DHFR_1</GBQualifier_value>
        </GBQualifier>
        <GBQualifier>
          <GBQualifier_name>note</GBQualifier_name>
          <GBQualifier_value>Dihydrofolate reductase; pfam00186</GBQualifier_value>
        </GBQualifier>
        <GBQualifier>
          <GBQualifier_name>db_xref</GBQualifier_name>
          <GBQualifier_value>CDD:278610</GBQualifier_value>
        </GBQualifier>
      </GBFeature_quals>
    </GBFeature>
    <GBFeature>
      <GBFeature_key>Site</GBFeature_key>
      <GBFeature_location>order(23,40,45,76,113,119,132)</GBFeature_location>
      <GBFeature_intervals>
        <GBInterval>
          <GBInterval_point>23</GBInterval_point>
          <GBInterval_accession>EAQ02798.1</GBInterval_accession>
        </GBInterval>
        <GBInterval>
          <GBInterval_point>40</GBInterval_point>
          <GBInterval_accession>EAQ02798.1</GBInterval_accession>
        </GBInterval>
        <GBInterval>
          <GBInterval_point>45</GBInterval_point>
          <GBInterval_accession>EAQ02798.1</GBInterval_accession>
        </GBInterval>
        <GBInterval>
          <GBInterval_point>76</GBInterval_point>
          <GBInterval_accession>EAQ02798.1</GBInterval_accession>
        </GBInterval>
        <GBInterval>
          <GBInterval_point>113</GBInterval_point>
          <GBInterval_accession>EAQ02798.1</GBInterval_accession>
        </GBInterval>
        <GBInterval>
          <GBInterval_point>119</GBInterval_point>
          <GBInterval_accession>EAQ02798.1</GBInterval_accession>
        </GBInterval>
        <GBInterval>
          <GBInterval_point>132</GBInterval_point>
          <GBInterval_accession>EAQ02798.1</GBInterval_accession>
        </GBInterval>
      </GBFeature_intervals>
      <GBFeature_operator>order</GBFeature_operator>
      <GBFeature_quals>
        <GBQualifier>
          <GBQualifier_name>site_type</GBQualifier_name>
          <GBQualifier_value>other</GBQualifier_value>
        </GBQualifier>
        <GBQualifier>
          <GBQualifier_name>note</GBQualifier_name>
          <GBQualifier_value>folate binding site [chemical binding]</GBQualifier_value>
        </GBQualifier>
        <GBQualifier>
          <GBQualifier_name>db_xref</GBQualifier_name>
          <GBQualifier_value>CDD:238127</GBQualifier_value>
        </GBQualifier>
      </GBFeature_quals>
    </GBFeature>
    <GBFeature>
      <GBFeature_key>Site</GBFeature_key>
      <GBFeature_location>order(25,32,62..64,83,114..117)</GBFeature_location>
      <GBFeature_intervals>
        <GBInterval>
          <GBInterval_point>25</GBInterval_point>
          <GBInterval_accession>EAQ02798.1</GBInterval_accession>
        </GBInterval>
        <GBInterval>
          <GBInterval_point>32</GBInterval_point>
          <GBInterval_accession>EAQ02798.1</GBInterval_accession>
        </GBInterval>
        <GBInterval>
          <GBInterval_from>62</GBInterval_from>
          <GBInterval_to>64</GBInterval_to>
          <GBInterval_accession>EAQ02798.1</GBInterval_accession>
        </GBInterval>
        <GBInterval>
          <GBInterval_point>83</GBInterval_point>
          <GBInterval_accession>EAQ02798.1</GBInterval_accession>
        </GBInterval>
        <GBInterval>
          <GBInterval_from>114</GBInterval_from>
          <GBInterval_to>117</GBInterval_to>
          <GBInterval_accession>EAQ02798.1</GBInterval_accession>
        </GBInterval>
      </GBFeature_intervals>
      <GBFeature_operator>order</GBFeature_operator>
      <GBFeature_quals>
        <GBQualifier>
          <GBQualifier_name>site_type</GBQualifier_name>
          <GBQualifier_value>other</GBQualifier_value>
        </GBQualifier>
        <GBQualifier>
          <GBQualifier_name>note</GBQualifier_name>
          <GBQualifier_value>NADP+ binding site [chemical binding]</GBQualifier_value>
        </GBQualifier>
        <GBQualifier>
          <GBQualifier_name>db_xref</GBQualifier_name>
          <GBQualifier_value>CDD:238127</GBQualifier_value>
        </GBQualifier>
      </GBFeature_quals>
    </GBFeature>
    <GBFeature>
      <GBFeature_key>CDS</GBFeature_key>
      <GBFeature_location>1..178</GBFeature_location>
      <GBFeature_intervals>
        <GBInterval>
          <GBInterval_from>1</GBInterval_from>
          <GBInterval_to>178</GBInterval_to>
          <GBInterval_accession>EAQ02798.1</GBInterval_accession>
        </GBInterval>
      </GBFeature_intervals>
      <GBFeature_quals>
        <GBQualifier>
          <GBQualifier_name>locus_tag</GBQualifier_name>
          <GBQualifier_value>OB2597_15490</GBQualifier_value>
        </GBQualifier>
        <GBQualifier>
          <GBQualifier_name>coded_by</GBQualifier_name>
          <GBQualifier_value>AAMO01000006.1:81390..81926</GBQualifier_value>
        </GBQualifier>
        <GBQualifier>
          <GBQualifier_name>note</GBQualifier_name>
          <GBQualifier_value>COG0262 Dihydrofolate reductase</GBQualifier_value>
        </GBQualifier>
        <GBQualifier>
          <GBQualifier_name>transl_table</GBQualifier_name>
          <GBQualifier_value>11</GBQualifier_value>
        </GBQualifier>
        <GBQualifier>
          <GBQualifier_name>db_xref</GBQualifier_name>
          <GBQualifier_value>CDD:27775</GBQualifier_value>
        </GBQualifier>
      </GBFeature_quals>
    </GBFeature>
  </GBSeq_feature-table>
  <GBSeq_sequence>mqtsrnkaqaghhgagdgmitlvvardrngaigkdggipwhlpgdlkmfqrettggalimgrhtweslpakplnrrlnivvtsrpdtaklicetvgeavrlaeaegyfriygiggagiyrdmlpladrllvtevetavenadtffpefdeeewqettrataagdpgyavrelirkrgg</GBSeq_sequence>
  <GBSeq_xrefs>
    <GBXref>
      <GBXref_dbname>BioProject</GBXref_dbname>
      <GBXref_id>PRJNA13449</GBXref_id>
    </GBXref>
    <GBXref>
      <GBXref_dbname>BioSample</GBXref_dbname>
      <GBXref_id>SAMN02436081</GBXref_id>
    </GBXref>
  </GBSeq_xrefs>
</GBSeq>

</GBSet>

