<?xml version="1.0" ?>
<!DOCTYPE GBSet PUBLIC "-//NCBI//NCBI GBSeq/EN" "https://www.ncbi.nlm.nih.gov/dtd/NCBI_GBSeq.dtd">
<GBSet>
<GBSeq>
  <GBSeq_locus>EAR29077</GBSeq_locus>
  <GBSeq_length>157</GBSeq_length>
  <GBSeq_moltype>AA</GBSeq_moltype>
  <GBSeq_topology>linear</GBSeq_topology>
  <GBSeq_division>BCT</GBSeq_division>
  <GBSeq_update-date>24-FEB-2006</GBSeq_update-date>
  <GBSeq_create-date>24-FEB-2006</GBSeq_create-date>
  <GBSeq_definition>dihydrofolate reductase type I, trimethoprim resistance [Pseudoalteromonas tunicata D2]</GBSeq_definition>
  <GBSeq_primary-accession>EAR29077</GBSeq_primary-accession>
  <GBSeq_accession-version>EAR29077.1</GBSeq_accession-version>
  <GBSeq_other-seqids>
    <GBSeqid>gb|EAR29077.1|</GBSeqid>
    <GBSeqid>gnl|WGS:AAOH|1099591001419_PTD2_08534</GBSeqid>
    <GBSeqid>gi|88819263</GBSeqid>
  </GBSeq_other-seqids>
  <GBSeq_project>PRJNA13456</GBSeq_project>
  <GBSeq_source>Pseudoalteromonas tunicata D2</GBSeq_source>
  <GBSeq_organism>Pseudoalteromonas tunicata D2</GBSeq_organism>
  <GBSeq_taxonomy>Bacteria; Proteobacteria; Gammaproteobacteria; Alteromonadales; Pseudoalteromonadaceae; Pseudoalteromonas</GBSeq_taxonomy>
  <GBSeq_references>
    <GBReference>
      <GBReference_reference>1</GBReference_reference>
      <GBReference_position>1..157</GBReference_position>
      <GBReference_authors>
        <GBAuthor>Moran,M.A.</GBAuthor>
        <GBAuthor>Kjelleberg,S.</GBAuthor>
        <GBAuthor>Egan,S.</GBAuthor>
        <GBAuthor>Saunders,N.</GBAuthor>
        <GBAuthor>Thomas,T.</GBAuthor>
        <GBAuthor>Ferriera,S.</GBAuthor>
        <GBAuthor>Johnson,J.</GBAuthor>
        <GBAuthor>Kravitz,S.</GBAuthor>
        <GBAuthor>Halpern,A.</GBAuthor>
        <GBAuthor>Remington,K.</GBAuthor>
        <GBAuthor>Beeson,K.</GBAuthor>
        <GBAuthor>Tran,B.</GBAuthor>
        <GBAuthor>Rogers,Y.-H.</GBAuthor>
        <GBAuthor>Friedman,R.</GBAuthor>
        <GBAuthor>Venter,J.C.</GBAuthor>
      </GBReference_authors>
      <GBReference_title>Direct Submission</GBReference_title>
      <GBReference_journal>Submitted (23-FEB-2006) J Craig Venter Institute, 9704 Medical Center Drive, Rockville, MD 20850, USA</GBReference_journal>
    </GBReference>
    <GBReference>
      <GBReference_reference>2</GBReference_reference>
      <GBReference_position>1..157</GBReference_position>
      <GBReference_authors>
        <GBAuthor>Moran,M.A.</GBAuthor>
        <GBAuthor>Kjelleberg,S.</GBAuthor>
        <GBAuthor>Egan,S.</GBAuthor>
        <GBAuthor>Saunders,N.</GBAuthor>
        <GBAuthor>Thomas,T.</GBAuthor>
        <GBAuthor>Ferriera,S.</GBAuthor>
        <GBAuthor>Johnson,J.</GBAuthor>
        <GBAuthor>Kravitz,S.</GBAuthor>
        <GBAuthor>Halpern,A.</GBAuthor>
        <GBAuthor>Remington,K.</GBAuthor>
        <GBAuthor>Beeson,K.</GBAuthor>
        <GBAuthor>Tran,B.</GBAuthor>
        <GBAuthor>Rogers,Y.-H.</GBAuthor>
        <GBAuthor>Friedman,R.</GBAuthor>
        <GBAuthor>Venter,J.C.</GBAuthor>
      </GBReference_authors>
      <GBReference_title>Direct Submission</GBReference_title>
      <GBReference_journal>Submitted (23-FEB-2006) J Craig Venter Institute, 9704 Medical Center Drive, Rockville, MD 20850, USA</GBReference_journal>
    </GBReference>
  </GBSeq_references>
  <GBSeq_comment>Annotation was added by the NCBI Prokaryotic Genomes Automatic Annotation Pipeline Group. Information about the Pipeline can be found here: http://www.ncbi.nlm.nih.gov/genomes/static/Pipeline.html. Please be aware that the annotation is done automatically with little or no manual curation.; Method: conceptual translation.</GBSeq_comment>
  <GBSeq_source-db>accession AAOH01000003.1</GBSeq_source-db>
  <GBSeq_feature-table>
    <GBFeature>
      <GBFeature_key>source</GBFeature_key>
      <GBFeature_location>1..157</GBFeature_location>
      <GBFeature_intervals>
        <GBInterval>
          <GBInterval_from>1</GBInterval_from>
          <GBInterval_to>157</GBInterval_to>
          <GBInterval_accession>EAR29077.1</GBInterval_accession>
        </GBInterval>
      </GBFeature_intervals>
      <GBFeature_quals>
        <GBQualifier>
          <GBQualifier_name>organism</GBQualifier_name>
          <GBQualifier_value>Pseudoalteromonas tunicata D2</GBQualifier_value>
        </GBQualifier>
        <GBQualifier>
          <GBQualifier_name>strain</GBQualifier_name>
          <GBQualifier_value>D2</GBQualifier_value>
        </GBQualifier>
        <GBQualifier>
          <GBQualifier_name>db_xref</GBQualifier_name>
          <GBQualifier_value>taxon:87626</GBQualifier_value>
        </GBQualifier>
      </GBFeature_quals>
    </GBFeature>
    <GBFeature>
      <GBFeature_key>Protein</GBFeature_key>
      <GBFeature_location>1..157</GBFeature_location>
      <GBFeature_intervals>
        <GBInterval>
          <GBInterval_from>1</GBInterval_from>
          <GBInterval_to>157</GBInterval_to>
          <GBInterval_accession>EAR29077.1</GBInterval_accession>
        </GBInterval>
      </GBFeature_intervals>
      <GBFeature_quals>
        <GBQualifier>
          <GBQualifier_name>product</GBQualifier_name>
          <GBQualifier_value>dihydrofolate reductase type I, trimethoprim resistance</GBQualifier_value>
        </GBQualifier>
        <GBQualifier>
          <GBQualifier_name>calculated_mol_wt</GBQualifier_name>
          <GBQualifier_value>17780</GBQualifier_value>
        </GBQualifier>
      </GBFeature_quals>
    </GBFeature>
    <GBFeature>
      <GBFeature_key>Region</GBFeature_key>
      <GBFeature_location>1..157</GBFeature_location>
      <GBFeature_intervals>
        <GBInterval>
          <GBInterval_from>1</GBInterval_from>
          <GBInterval_to>157</GBInterval_to>
          <GBInterval_accession>EAR29077.1</GBInterval_accession>
        </GBInterval>
      </GBFeature_intervals>
      <GBFeature_quals>
        <GBQualifier>
          <GBQualifier_name>region_name</GBQualifier_name>
          <GBQualifier_value>DHFR_1</GBQualifier_value>
        </GBQualifier>
        <GBQualifier>
          <GBQualifier_name>note</GBQualifier_name>
          <GBQualifier_value>Dihydrofolate reductase; pfam00186</GBQualifier_value>
        </GBQualifier>
        <GBQualifier>
          <GBQualifier_name>db_xref</GBQualifier_name>
          <GBQualifier_value>CDD:278610</GBQualifier_value>
        </GBQualifier>
      </GBFeature_quals>
    </GBFeature>
    <GBFeature>
      <GBFeature_key>Site</GBFeature_key>
      <GBFeature_location>order(2,19,24,54,92,98,111)</GBFeature_location>
      <GBFeature_intervals>
        <GBInterval>
          <GBInterval_point>2</GBInterval_point>
          <GBInterval_accession>EAR29077.1</GBInterval_accession>
        </GBInterval>
        <GBInterval>
          <GBInterval_point>19</GBInterval_point>
          <GBInterval_accession>EAR29077.1</GBInterval_accession>
        </GBInterval>
        <GBInterval>
          <GBInterval_point>24</GBInterval_point>
          <GBInterval_accession>EAR29077.1</GBInterval_accession>
        </GBInterval>
        <GBInterval>
          <GBInterval_point>54</GBInterval_point>
          <GBInterval_accession>EAR29077.1</GBInterval_accession>
        </GBInterval>
        <GBInterval>
          <GBInterval_point>92</GBInterval_point>
          <GBInterval_accession>EAR29077.1</GBInterval_accession>
        </GBInterval>
        <GBInterval>
          <GBInterval_point>98</GBInterval_point>
          <GBInterval_accession>EAR29077.1</GBInterval_accession>
        </GBInterval>
        <GBInterval>
          <GBInterval_point>111</GBInterval_point>
          <GBInterval_accession>EAR29077.1</GBInterval_accession>
        </GBInterval>
      </GBFeature_intervals>
      <GBFeature_operator>order</GBFeature_operator>
      <GBFeature_quals>
        <GBQualifier>
          <GBQualifier_name>site_type</GBQualifier_name>
          <GBQualifier_value>other</GBQualifier_value>
        </GBQualifier>
        <GBQualifier>
          <GBQualifier_name>note</GBQualifier_name>
          <GBQualifier_value>folate binding site [chemical binding]</GBQualifier_value>
        </GBQualifier>
        <GBQualifier>
          <GBQualifier_name>db_xref</GBQualifier_name>
          <GBQualifier_value>CDD:238127</GBQualifier_value>
        </GBQualifier>
      </GBFeature_quals>
    </GBFeature>
    <GBFeature>
      <GBFeature_key>Site</GBFeature_key>
      <GBFeature_location>order(4,11,41..43,61,93..96)</GBFeature_location>
      <GBFeature_intervals>
        <GBInterval>
          <GBInterval_point>4</GBInterval_point>
          <GBInterval_accession>EAR29077.1</GBInterval_accession>
        </GBInterval>
        <GBInterval>
          <GBInterval_point>11</GBInterval_point>
          <GBInterval_accession>EAR29077.1</GBInterval_accession>
        </GBInterval>
        <GBInterval>
          <GBInterval_from>41</GBInterval_from>
          <GBInterval_to>43</GBInterval_to>
          <GBInterval_accession>EAR29077.1</GBInterval_accession>
        </GBInterval>
        <GBInterval>
          <GBInterval_point>61</GBInterval_point>
          <GBInterval_accession>EAR29077.1</GBInterval_accession>
        </GBInterval>
        <GBInterval>
          <GBInterval_from>93</GBInterval_from>
          <GBInterval_to>96</GBInterval_to>
          <GBInterval_accession>EAR29077.1</GBInterval_accession>
        </GBInterval>
      </GBFeature_intervals>
      <GBFeature_operator>order</GBFeature_operator>
      <GBFeature_quals>
        <GBQualifier>
          <GBQualifier_name>site_type</GBQualifier_name>
          <GBQualifier_value>other</GBQualifier_value>
        </GBQualifier>
        <GBQualifier>
          <GBQualifier_name>note</GBQualifier_name>
          <GBQualifier_value>NADP+ binding site [chemical binding]</GBQualifier_value>
        </GBQualifier>
        <GBQualifier>
          <GBQualifier_name>db_xref</GBQualifier_name>
          <GBQualifier_value>CDD:238127</GBQualifier_value>
        </GBQualifier>
      </GBFeature_quals>
    </GBFeature>
    <GBFeature>
      <GBFeature_key>CDS</GBFeature_key>
      <GBFeature_location>1..157</GBFeature_location>
      <GBFeature_intervals>
        <GBInterval>
          <GBInterval_from>1</GBInterval_from>
          <GBInterval_to>157</GBInterval_to>
          <GBInterval_accession>EAR29077.1</GBInterval_accession>
        </GBInterval>
      </GBFeature_intervals>
      <GBFeature_quals>
        <GBQualifier>
          <GBQualifier_name>locus_tag</GBQualifier_name>
          <GBQualifier_value>PTD2_08534</GBQualifier_value>
        </GBQualifier>
        <GBQualifier>
          <GBQualifier_name>coded_by</GBQualifier_name>
          <GBQualifier_value>AAOH01000003.1:474790..475263</GBQualifier_value>
        </GBQualifier>
        <GBQualifier>
          <GBQualifier_name>note</GBQualifier_name>
          <GBQualifier_value>COG0262 Dihydrofolate reductase</GBQualifier_value>
        </GBQualifier>
        <GBQualifier>
          <GBQualifier_name>transl_table</GBQualifier_name>
          <GBQualifier_value>11</GBQualifier_value>
        </GBQualifier>
      </GBFeature_quals>
    </GBFeature>
  </GBSeq_feature-table>
  <GBSeq_sequence>miaamannriigqnnqmpwhlpadlqhfkkvtlgkpvvmgrktfesigrplpgrknivisrntefyaegifvvstpeeaieiageidelmiiggghiydvflprcqrlyltfieletdgdtqfpdyekvgpwqvissekhqsdksnpydytfvtytk</GBSeq_sequence>
  <GBSeq_xrefs>
    <GBXref>
      <GBXref_dbname>BioProject</GBXref_dbname>
      <GBXref_id>PRJNA13456</GBXref_id>
    </GBXref>
    <GBXref>
      <GBXref_dbname>BioSample</GBXref_dbname>
      <GBXref_id>SAMN00622973</GBXref_id>
    </GBXref>
  </GBSeq_xrefs>
</GBSeq>

</GBSet>

