<?xml version="1.0" ?>
<!DOCTYPE GBSet PUBLIC "-//NCBI//NCBI GBSeq/EN" "https://www.ncbi.nlm.nih.gov/dtd/NCBI_GBSeq.dtd">
<GBSet>
<GBSeq>
  <GBSeq_locus>EFX16246</GBSeq_locus>
  <GBSeq_length>196</GBSeq_length>
  <GBSeq_moltype>AA</GBSeq_moltype>
  <GBSeq_topology>linear</GBSeq_topology>
  <GBSeq_division>BCT</GBSeq_division>
  <GBSeq_update-date>31-JAN-2011</GBSeq_update-date>
  <GBSeq_create-date>31-JAN-2011</GBSeq_create-date>
  <GBSeq_definition>dihydrofolate reductase [Escherichia coli O157:H- str. 493-89]</GBSeq_definition>
  <GBSeq_primary-accession>EFX16246</GBSeq_primary-accession>
  <GBSeq_accession-version>EFX16246.1</GBSeq_accession-version>
  <GBSeq_other-seqids>
    <GBSeqid>gb|EFX16246.1|</GBSeqid>
    <GBSeqid>gnl|WGS:AETY|ECO9389_24176</GBSeqid>
    <GBSeqid>gi|320647451</GBSeqid>
  </GBSeq_other-seqids>
  <GBSeq_project>PRJNA60059</GBSeq_project>
  <GBSeq_source>Escherichia coli O157:H- str. 493-89</GBSeq_source>
  <GBSeq_organism>Escherichia coli O157:H- str. 493-89</GBSeq_organism>
  <GBSeq_taxonomy>Bacteria; Proteobacteria; Gammaproteobacteria; Enterobacteriales; Enterobacteriaceae; Escherichia</GBSeq_taxonomy>
  <GBSeq_references>
    <GBReference>
      <GBReference_reference>1</GBReference_reference>
      <GBReference_position>1..196</GBReference_position>
      <GBReference_authors>
        <GBAuthor>Rump,L.V.</GBAuthor>
        <GBAuthor>Strain,E.A.</GBAuthor>
        <GBAuthor>Cao,G.</GBAuthor>
        <GBAuthor>Allard,M.W.</GBAuthor>
        <GBAuthor>Fischer,M.</GBAuthor>
        <GBAuthor>Brown,E.W.</GBAuthor>
        <GBAuthor>Gonzalez-Escalona,N.</GBAuthor>
      </GBReference_authors>
      <GBReference_title>Draft Genome Sequences of Six Escherichia coli Isolates from the Stepwise Model of Emergence of Escherichia coli O157:H7</GBReference_title>
      <GBReference_journal>J. Bacteriol. 193 (8), 2058-2059 (2011)</GBReference_journal>
      <GBReference_xref>
        <GBXref>
          <GBXref_dbname>doi</GBXref_dbname>
          <GBXref_id>10.1128/JB.00118-11</GBXref_id>
        </GBXref>
      </GBReference_xref>
      <GBReference_pubmed>21317333</GBReference_pubmed>
    </GBReference>
    <GBReference>
      <GBReference_reference>2</GBReference_reference>
      <GBReference_position>1..196</GBReference_position>
      <GBReference_authors>
        <GBAuthor>Rump,L.V.</GBAuthor>
        <GBAuthor>Strain,E.A.</GBAuthor>
        <GBAuthor>Cao,G.</GBAuthor>
        <GBAuthor>Allard,M.W.</GBAuthor>
        <GBAuthor>Fischer,M.</GBAuthor>
        <GBAuthor>Gonzalez-Escalona,N.</GBAuthor>
      </GBReference_authors>
      <GBReference_title>Direct Submission</GBReference_title>
      <GBReference_journal>Submitted (18-JAN-2011) Center for Food Safety and Nutrition, United States Food and Drug Administration, 5100 Paint Branch Parkway, College Park, MD 20740, USA</GBReference_journal>
    </GBReference>
  </GBSeq_references>
  <GBSeq_comment>Annotation was added by the NCBI Prokaryotic Genomes Automatic Annotation Pipeline Group. Information about the Pipeline can be found here: http://www.ncbi.nlm.nih.gov/genomes/static/Pipeline.html. Please be aware that the annotation is done automatically with little or no manual curation.; ##Genome-Assembly-Data-START## Assembly Method Newbler v. 2.3 Genome Coverage 20x Sequencing Technology 454 Titanium ##Genome-Assembly-Data-END##; Method: conceptual translation.</GBSeq_comment>
  <GBSeq_source-db>accession AETY01000001.1</GBSeq_source-db>
  <GBSeq_feature-table>
    <GBFeature>
      <GBFeature_key>source</GBFeature_key>
      <GBFeature_location>1..196</GBFeature_location>
      <GBFeature_intervals>
        <GBInterval>
          <GBInterval_from>1</GBInterval_from>
          <GBInterval_to>196</GBInterval_to>
          <GBInterval_accession>EFX16246.1</GBInterval_accession>
        </GBInterval>
      </GBFeature_intervals>
      <GBFeature_quals>
        <GBQualifier>
          <GBQualifier_name>organism</GBQualifier_name>
          <GBQualifier_value>Escherichia coli O157:H- str. 493-89</GBQualifier_value>
        </GBQualifier>
        <GBQualifier>
          <GBQualifier_name>strain</GBQualifier_name>
          <GBQualifier_value>493-89</GBQualifier_value>
        </GBQualifier>
        <GBQualifier>
          <GBQualifier_name>serovar</GBQualifier_name>
          <GBQualifier_value>O157:H-</GBQualifier_value>
        </GBQualifier>
        <GBQualifier>
          <GBQualifier_name>db_xref</GBQualifier_name>
          <GBQualifier_value>taxon:926027</GBQualifier_value>
        </GBQualifier>
      </GBFeature_quals>
    </GBFeature>
    <GBFeature>
      <GBFeature_key>Protein</GBFeature_key>
      <GBFeature_location>1..196</GBFeature_location>
      <GBFeature_intervals>
        <GBInterval>
          <GBInterval_from>1</GBInterval_from>
          <GBInterval_to>196</GBInterval_to>
          <GBInterval_accession>EFX16246.1</GBInterval_accession>
        </GBInterval>
      </GBFeature_intervals>
      <GBFeature_quals>
        <GBQualifier>
          <GBQualifier_name>product</GBQualifier_name>
          <GBQualifier_value>dihydrofolate reductase</GBQualifier_value>
        </GBQualifier>
        <GBQualifier>
          <GBQualifier_name>EC_number</GBQualifier_name>
          <GBQualifier_value>1.5.1.3</GBQualifier_value>
        </GBQualifier>
        <GBQualifier>
          <GBQualifier_name>calculated_mol_wt</GBQualifier_name>
          <GBQualifier_value>22155</GBQualifier_value>
        </GBQualifier>
      </GBFeature_quals>
    </GBFeature>
    <GBFeature>
      <GBFeature_key>Region</GBFeature_key>
      <GBFeature_location>38..196</GBFeature_location>
      <GBFeature_intervals>
        <GBInterval>
          <GBInterval_from>38</GBInterval_from>
          <GBInterval_to>196</GBInterval_to>
          <GBInterval_accession>EFX16246.1</GBInterval_accession>
        </GBInterval>
      </GBFeature_intervals>
      <GBFeature_quals>
        <GBQualifier>
          <GBQualifier_name>region_name</GBQualifier_name>
          <GBQualifier_value>folA</GBQualifier_value>
        </GBQualifier>
        <GBQualifier>
          <GBQualifier_name>note</GBQualifier_name>
          <GBQualifier_value>dihydrofolate reductase; Provisional; PRK10769</GBQualifier_value>
        </GBQualifier>
        <GBQualifier>
          <GBQualifier_name>db_xref</GBQualifier_name>
          <GBQualifier_value>CDD:182714</GBQualifier_value>
        </GBQualifier>
      </GBFeature_quals>
    </GBFeature>
    <GBFeature>
      <GBFeature_key>Site</GBFeature_key>
      <GBFeature_location>order(42,59,64,94,131,137,150)</GBFeature_location>
      <GBFeature_intervals>
        <GBInterval>
          <GBInterval_point>42</GBInterval_point>
          <GBInterval_accession>EFX16246.1</GBInterval_accession>
        </GBInterval>
        <GBInterval>
          <GBInterval_point>59</GBInterval_point>
          <GBInterval_accession>EFX16246.1</GBInterval_accession>
        </GBInterval>
        <GBInterval>
          <GBInterval_point>64</GBInterval_point>
          <GBInterval_accession>EFX16246.1</GBInterval_accession>
        </GBInterval>
        <GBInterval>
          <GBInterval_point>94</GBInterval_point>
          <GBInterval_accession>EFX16246.1</GBInterval_accession>
        </GBInterval>
        <GBInterval>
          <GBInterval_point>131</GBInterval_point>
          <GBInterval_accession>EFX16246.1</GBInterval_accession>
        </GBInterval>
        <GBInterval>
          <GBInterval_point>137</GBInterval_point>
          <GBInterval_accession>EFX16246.1</GBInterval_accession>
        </GBInterval>
        <GBInterval>
          <GBInterval_point>150</GBInterval_point>
          <GBInterval_accession>EFX16246.1</GBInterval_accession>
        </GBInterval>
      </GBFeature_intervals>
      <GBFeature_operator>order</GBFeature_operator>
      <GBFeature_quals>
        <GBQualifier>
          <GBQualifier_name>site_type</GBQualifier_name>
          <GBQualifier_value>other</GBQualifier_value>
        </GBQualifier>
        <GBQualifier>
          <GBQualifier_name>note</GBQualifier_name>
          <GBQualifier_value>folate binding site [chemical binding]</GBQualifier_value>
        </GBQualifier>
        <GBQualifier>
          <GBQualifier_name>db_xref</GBQualifier_name>
          <GBQualifier_value>CDD:238127</GBQualifier_value>
        </GBQualifier>
      </GBFeature_quals>
    </GBFeature>
    <GBFeature>
      <GBFeature_key>Site</GBFeature_key>
      <GBFeature_location>order(44,51,81..83,101,132..135)</GBFeature_location>
      <GBFeature_intervals>
        <GBInterval>
          <GBInterval_point>44</GBInterval_point>
          <GBInterval_accession>EFX16246.1</GBInterval_accession>
        </GBInterval>
        <GBInterval>
          <GBInterval_point>51</GBInterval_point>
          <GBInterval_accession>EFX16246.1</GBInterval_accession>
        </GBInterval>
        <GBInterval>
          <GBInterval_from>81</GBInterval_from>
          <GBInterval_to>83</GBInterval_to>
          <GBInterval_accession>EFX16246.1</GBInterval_accession>
        </GBInterval>
        <GBInterval>
          <GBInterval_point>101</GBInterval_point>
          <GBInterval_accession>EFX16246.1</GBInterval_accession>
        </GBInterval>
        <GBInterval>
          <GBInterval_from>132</GBInterval_from>
          <GBInterval_to>135</GBInterval_to>
          <GBInterval_accession>EFX16246.1</GBInterval_accession>
        </GBInterval>
      </GBFeature_intervals>
      <GBFeature_operator>order</GBFeature_operator>
      <GBFeature_quals>
        <GBQualifier>
          <GBQualifier_name>site_type</GBQualifier_name>
          <GBQualifier_value>other</GBQualifier_value>
        </GBQualifier>
        <GBQualifier>
          <GBQualifier_name>note</GBQualifier_name>
          <GBQualifier_value>NADP+ binding site [chemical binding]</GBQualifier_value>
        </GBQualifier>
        <GBQualifier>
          <GBQualifier_name>db_xref</GBQualifier_name>
          <GBQualifier_value>CDD:238127</GBQualifier_value>
        </GBQualifier>
      </GBFeature_quals>
    </GBFeature>
    <GBFeature>
      <GBFeature_key>CDS</GBFeature_key>
      <GBFeature_location>1..196</GBFeature_location>
      <GBFeature_intervals>
        <GBInterval>
          <GBInterval_from>1</GBInterval_from>
          <GBInterval_to>196</GBInterval_to>
          <GBInterval_accession>EFX16246.1</GBInterval_accession>
        </GBInterval>
      </GBFeature_intervals>
      <GBFeature_quals>
        <GBQualifier>
          <GBQualifier_name>gene</GBQualifier_name>
          <GBQualifier_value>folA</GBQualifier_value>
        </GBQualifier>
        <GBQualifier>
          <GBQualifier_name>locus_tag</GBQualifier_name>
          <GBQualifier_value>ECO9389_24176</GBQualifier_value>
        </GBQualifier>
        <GBQualifier>
          <GBQualifier_name>coded_by</GBQualifier_name>
          <GBQualifier_value>AETY01000001.1:54104..54694</GBQualifier_value>
        </GBQualifier>
        <GBQualifier>
          <GBQualifier_name>note</GBQualifier_name>
          <GBQualifier_value>COG0262 Dihydrofolate reductase</GBQualifier_value>
        </GBQualifier>
        <GBQualifier>
          <GBQualifier_name>transl_table</GBQualifier_name>
          <GBQualifier_value>11</GBQualifier_value>
        </GBQualifier>
      </GBFeature_quals>
    </GBFeature>
  </GBSeq_feature-table>
  <GBSeq_sequence>mdspaeykiflniilapvddglrftysgdnffyreismisliaalavdrvigmenampwnlpadlawfkrntlnkpvimgrhtwesigrplpgrkniilssqpgtddrvtwvksvdeaiaacgdvpeimvigggrvyeqflpkaqklylthidaevdgdthfpdyepddwesvfsefhdadaqnshsycfeilerr</GBSeq_sequence>
  <GBSeq_xrefs>
    <GBXref>
      <GBXref_dbname>BioProject</GBXref_dbname>
      <GBXref_id>PRJNA60059</GBXref_id>
    </GBXref>
    <GBXref>
      <GBXref_dbname>BioSample</GBXref_dbname>
      <GBXref_id>SAMN02952913</GBXref_id>
    </GBXref>
  </GBSeq_xrefs>
</GBSeq>

</GBSet>

