<?xml version="1.0" ?>
<!DOCTYPE GBSet PUBLIC "-//NCBI//NCBI GBSeq/EN" "https://www.ncbi.nlm.nih.gov/dtd/NCBI_GBSeq.dtd">
<GBSet>
<GBSeq>
  <GBSeq_locus>EGB31468</GBSeq_locus>
  <GBSeq_length>196</GBSeq_length>
  <GBSeq_moltype>AA</GBSeq_moltype>
  <GBSeq_topology>linear</GBSeq_topology>
  <GBSeq_division>BCT</GBSeq_division>
  <GBSeq_update-date>23-FEB-2011</GBSeq_update-date>
  <GBSeq_create-date>23-FEB-2011</GBSeq_create-date>
  <GBSeq_definition>dihydrofolate reductase [Escherichia coli E1520]</GBSeq_definition>
  <GBSeq_primary-accession>EGB31468</GBSeq_primary-accession>
  <GBSeq_accession-version>EGB31468.1</GBSeq_accession-version>
  <GBSeq_other-seqids>
    <GBSeqid>gb|EGB31468.1|</GBSeqid>
    <GBSeqid>gnl|WGS:AEHT|ERCG_03561T0</GBSeqid>
    <GBSeqid>gi|323935101</GBSeqid>
  </GBSeq_other-seqids>
  <GBSeq_project>PRJNA38945</GBSeq_project>
  <GBSeq_source>Escherichia coli E1520</GBSeq_source>
  <GBSeq_organism>Escherichia coli E1520</GBSeq_organism>
  <GBSeq_taxonomy>Bacteria; Proteobacteria; Gammaproteobacteria; Enterobacteriales; Enterobacteriaceae; Escherichia</GBSeq_taxonomy>
  <GBSeq_references>
    <GBReference>
      <GBReference_reference>1</GBReference_reference>
      <GBReference_position>1..196</GBReference_position>
      <GBReference_authors>
        <GBAuthor>Feldgarden,M.</GBAuthor>
        <GBAuthor>Gordon,D.M.</GBAuthor>
        <GBAuthor>Johnson,J.R.</GBAuthor>
        <GBAuthor>Johnston,B.D.</GBAuthor>
        <GBAuthor>Young,S.K.</GBAuthor>
        <GBAuthor>Zeng,Q.</GBAuthor>
        <GBAuthor>Gargeya,S.</GBAuthor>
        <GBAuthor>Alvarado,L.</GBAuthor>
        <GBAuthor>Berlin,A.</GBAuthor>
        <GBAuthor>Chapman,S.B.</GBAuthor>
        <GBAuthor>Chen,Z.</GBAuthor>
        <GBAuthor>Freedman,E.</GBAuthor>
        <GBAuthor>Gellesch,M.</GBAuthor>
        <GBAuthor>Goldberg,J.</GBAuthor>
        <GBAuthor>Griggs,A.</GBAuthor>
        <GBAuthor>Gujja,S.</GBAuthor>
        <GBAuthor>Heilman,E.</GBAuthor>
        <GBAuthor>Heiman,D.</GBAuthor>
        <GBAuthor>Howarth,C.</GBAuthor>
        <GBAuthor>Mehta,T.</GBAuthor>
        <GBAuthor>Neiman,D.</GBAuthor>
        <GBAuthor>Pearson,M.</GBAuthor>
        <GBAuthor>Roberts,A.</GBAuthor>
        <GBAuthor>Saif,S.</GBAuthor>
        <GBAuthor>Shea,T.</GBAuthor>
        <GBAuthor>Shenoy,N.</GBAuthor>
        <GBAuthor>Sisk,P.</GBAuthor>
        <GBAuthor>Stolte,C.</GBAuthor>
        <GBAuthor>Sykes,S.</GBAuthor>
        <GBAuthor>White,J.</GBAuthor>
        <GBAuthor>Yandava,C.</GBAuthor>
        <GBAuthor>Haas,B.</GBAuthor>
        <GBAuthor>Nusbaum,C.</GBAuthor>
        <GBAuthor>Birren,B.</GBAuthor>
      </GBReference_authors>
      <GBReference_consortium>The Broad Institute Genome Sequencing Platform</GBReference_consortium>
      <GBReference_title>The Genome Sequence of Escherichia coli strain E1520</GBReference_title>
      <GBReference_journal>Unpublished</GBReference_journal>
    </GBReference>
    <GBReference>
      <GBReference_reference>2</GBReference_reference>
      <GBReference_position>1..196</GBReference_position>
      <GBReference_authors>
        <GBAuthor>Feldgarden,M.</GBAuthor>
        <GBAuthor>Gordon,D.M.</GBAuthor>
        <GBAuthor>Johnson,J.R.</GBAuthor>
        <GBAuthor>Johnston,B.D.</GBAuthor>
        <GBAuthor>Young,S.K.</GBAuthor>
        <GBAuthor>Zeng,Q.</GBAuthor>
        <GBAuthor>Gargeya,S.</GBAuthor>
        <GBAuthor>Alvarado,L.</GBAuthor>
        <GBAuthor>Berlin,A.</GBAuthor>
        <GBAuthor>Chapman,S.B.</GBAuthor>
        <GBAuthor>Chen,Z.</GBAuthor>
        <GBAuthor>Freedman,E.</GBAuthor>
        <GBAuthor>Gellesch,M.</GBAuthor>
        <GBAuthor>Goldberg,J.</GBAuthor>
        <GBAuthor>Griggs,A.</GBAuthor>
        <GBAuthor>Gujja,S.</GBAuthor>
        <GBAuthor>Heilman,E.</GBAuthor>
        <GBAuthor>Heiman,D.</GBAuthor>
        <GBAuthor>Howarth,C.</GBAuthor>
        <GBAuthor>Mehta,T.</GBAuthor>
        <GBAuthor>Neiman,D.</GBAuthor>
        <GBAuthor>Pearson,M.</GBAuthor>
        <GBAuthor>Roberts,A.</GBAuthor>
        <GBAuthor>Saif,S.</GBAuthor>
        <GBAuthor>Shea,T.</GBAuthor>
        <GBAuthor>Shenoy,N.</GBAuthor>
        <GBAuthor>Sisk,P.</GBAuthor>
        <GBAuthor>Stolte,C.</GBAuthor>
        <GBAuthor>Sykes,S.</GBAuthor>
        <GBAuthor>White,J.</GBAuthor>
        <GBAuthor>Yandava,C.</GBAuthor>
        <GBAuthor>Haas,B.</GBAuthor>
        <GBAuthor>Nusbaum,C.</GBAuthor>
        <GBAuthor>Birren,B.</GBAuthor>
      </GBReference_authors>
      <GBReference_consortium>The Broad Institute Genome Sequencing Platform</GBReference_consortium>
      <GBReference_title>Direct Submission</GBReference_title>
      <GBReference_journal>Submitted (18-NOV-2010) Broad Institute of MIT and Harvard, 7 Cambridge Center, Cambridge, MA 02142, USA</GBReference_journal>
    </GBReference>
  </GBSeq_references>
  <GBSeq_comment>##Genome-Assembly-Data-START## Assembly Method Newbler v. 2.3 Genome Coverage 18x Sequencing Technology 454 ##Genome-Assembly-Data-END##; Method: conceptual translation.</GBSeq_comment>
  <GBSeq_source-db>accession AEHT01000067.1</GBSeq_source-db>
  <GBSeq_feature-table>
    <GBFeature>
      <GBFeature_key>source</GBFeature_key>
      <GBFeature_location>1..196</GBFeature_location>
      <GBFeature_intervals>
        <GBInterval>
          <GBInterval_from>1</GBInterval_from>
          <GBInterval_to>196</GBInterval_to>
          <GBInterval_accession>EGB31468.1</GBInterval_accession>
        </GBInterval>
      </GBFeature_intervals>
      <GBFeature_quals>
        <GBQualifier>
          <GBQualifier_name>organism</GBQualifier_name>
          <GBQualifier_value>Escherichia coli E1520</GBQualifier_value>
        </GBQualifier>
        <GBQualifier>
          <GBQualifier_name>strain</GBQualifier_name>
          <GBQualifier_value>E1520</GBQualifier_value>
        </GBQualifier>
        <GBQualifier>
          <GBQualifier_name>db_xref</GBQualifier_name>
          <GBQualifier_value>taxon:656374</GBQualifier_value>
        </GBQualifier>
      </GBFeature_quals>
    </GBFeature>
    <GBFeature>
      <GBFeature_key>Protein</GBFeature_key>
      <GBFeature_location>1..196</GBFeature_location>
      <GBFeature_intervals>
        <GBInterval>
          <GBInterval_from>1</GBInterval_from>
          <GBInterval_to>196</GBInterval_to>
          <GBInterval_accession>EGB31468.1</GBInterval_accession>
        </GBInterval>
      </GBFeature_intervals>
      <GBFeature_quals>
        <GBQualifier>
          <GBQualifier_name>product</GBQualifier_name>
          <GBQualifier_value>dihydrofolate reductase</GBQualifier_value>
        </GBQualifier>
        <GBQualifier>
          <GBQualifier_name>calculated_mol_wt</GBQualifier_name>
          <GBQualifier_value>22155</GBQualifier_value>
        </GBQualifier>
      </GBFeature_quals>
    </GBFeature>
    <GBFeature>
      <GBFeature_key>Region</GBFeature_key>
      <GBFeature_location>38..196</GBFeature_location>
      <GBFeature_intervals>
        <GBInterval>
          <GBInterval_from>38</GBInterval_from>
          <GBInterval_to>196</GBInterval_to>
          <GBInterval_accession>EGB31468.1</GBInterval_accession>
        </GBInterval>
      </GBFeature_intervals>
      <GBFeature_quals>
        <GBQualifier>
          <GBQualifier_name>region_name</GBQualifier_name>
          <GBQualifier_value>folA</GBQualifier_value>
        </GBQualifier>
        <GBQualifier>
          <GBQualifier_name>note</GBQualifier_name>
          <GBQualifier_value>dihydrofolate reductase; Provisional; PRK10769</GBQualifier_value>
        </GBQualifier>
        <GBQualifier>
          <GBQualifier_name>db_xref</GBQualifier_name>
          <GBQualifier_value>CDD:182714</GBQualifier_value>
        </GBQualifier>
      </GBFeature_quals>
    </GBFeature>
    <GBFeature>
      <GBFeature_key>Site</GBFeature_key>
      <GBFeature_location>order(42,59,64,94,131,137,150)</GBFeature_location>
      <GBFeature_intervals>
        <GBInterval>
          <GBInterval_point>42</GBInterval_point>
          <GBInterval_accession>EGB31468.1</GBInterval_accession>
        </GBInterval>
        <GBInterval>
          <GBInterval_point>59</GBInterval_point>
          <GBInterval_accession>EGB31468.1</GBInterval_accession>
        </GBInterval>
        <GBInterval>
          <GBInterval_point>64</GBInterval_point>
          <GBInterval_accession>EGB31468.1</GBInterval_accession>
        </GBInterval>
        <GBInterval>
          <GBInterval_point>94</GBInterval_point>
          <GBInterval_accession>EGB31468.1</GBInterval_accession>
        </GBInterval>
        <GBInterval>
          <GBInterval_point>131</GBInterval_point>
          <GBInterval_accession>EGB31468.1</GBInterval_accession>
        </GBInterval>
        <GBInterval>
          <GBInterval_point>137</GBInterval_point>
          <GBInterval_accession>EGB31468.1</GBInterval_accession>
        </GBInterval>
        <GBInterval>
          <GBInterval_point>150</GBInterval_point>
          <GBInterval_accession>EGB31468.1</GBInterval_accession>
        </GBInterval>
      </GBFeature_intervals>
      <GBFeature_operator>order</GBFeature_operator>
      <GBFeature_quals>
        <GBQualifier>
          <GBQualifier_name>site_type</GBQualifier_name>
          <GBQualifier_value>other</GBQualifier_value>
        </GBQualifier>
        <GBQualifier>
          <GBQualifier_name>note</GBQualifier_name>
          <GBQualifier_value>folate binding site [chemical binding]</GBQualifier_value>
        </GBQualifier>
        <GBQualifier>
          <GBQualifier_name>db_xref</GBQualifier_name>
          <GBQualifier_value>CDD:238127</GBQualifier_value>
        </GBQualifier>
      </GBFeature_quals>
    </GBFeature>
    <GBFeature>
      <GBFeature_key>Site</GBFeature_key>
      <GBFeature_location>order(44,51,81..83,101,132..135)</GBFeature_location>
      <GBFeature_intervals>
        <GBInterval>
          <GBInterval_point>44</GBInterval_point>
          <GBInterval_accession>EGB31468.1</GBInterval_accession>
        </GBInterval>
        <GBInterval>
          <GBInterval_point>51</GBInterval_point>
          <GBInterval_accession>EGB31468.1</GBInterval_accession>
        </GBInterval>
        <GBInterval>
          <GBInterval_from>81</GBInterval_from>
          <GBInterval_to>83</GBInterval_to>
          <GBInterval_accession>EGB31468.1</GBInterval_accession>
        </GBInterval>
        <GBInterval>
          <GBInterval_point>101</GBInterval_point>
          <GBInterval_accession>EGB31468.1</GBInterval_accession>
        </GBInterval>
        <GBInterval>
          <GBInterval_from>132</GBInterval_from>
          <GBInterval_to>135</GBInterval_to>
          <GBInterval_accession>EGB31468.1</GBInterval_accession>
        </GBInterval>
      </GBFeature_intervals>
      <GBFeature_operator>order</GBFeature_operator>
      <GBFeature_quals>
        <GBQualifier>
          <GBQualifier_name>site_type</GBQualifier_name>
          <GBQualifier_value>other</GBQualifier_value>
        </GBQualifier>
        <GBQualifier>
          <GBQualifier_name>note</GBQualifier_name>
          <GBQualifier_value>NADP+ binding site [chemical binding]</GBQualifier_value>
        </GBQualifier>
        <GBQualifier>
          <GBQualifier_name>db_xref</GBQualifier_name>
          <GBQualifier_value>CDD:238127</GBQualifier_value>
        </GBQualifier>
      </GBFeature_quals>
    </GBFeature>
    <GBFeature>
      <GBFeature_key>CDS</GBFeature_key>
      <GBFeature_location>1..196</GBFeature_location>
      <GBFeature_intervals>
        <GBInterval>
          <GBInterval_from>1</GBInterval_from>
          <GBInterval_to>196</GBInterval_to>
          <GBInterval_accession>EGB31468.1</GBInterval_accession>
        </GBInterval>
      </GBFeature_intervals>
      <GBFeature_quals>
        <GBQualifier>
          <GBQualifier_name>locus_tag</GBQualifier_name>
          <GBQualifier_value>ERCG_03561</GBQualifier_value>
        </GBQualifier>
        <GBQualifier>
          <GBQualifier_name>coded_by</GBQualifier_name>
          <GBQualifier_value>AEHT01000067.1:36855..37445</GBQualifier_value>
        </GBQualifier>
        <GBQualifier>
          <GBQualifier_name>transl_table</GBQualifier_name>
          <GBQualifier_value>11</GBQualifier_value>
        </GBQualifier>
      </GBFeature_quals>
    </GBFeature>
  </GBSeq_feature-table>
  <GBSeq_sequence>mdspaeykiflniilapvddglrftysgdnffyreismisliaalavdrvigmenampwnlpadlawfkrntlnkpvimgrhtwesigrplpgrkniilssqpgtddrvtwvksvdeavaacgdvpeimvigggrvyeqflpkaqklylthidaevegdthfpdyepddwesvfsefhdadaqnshsycfeilerr</GBSeq_sequence>
  <GBSeq_xrefs>
    <GBXref>
      <GBXref_dbname>BioProject</GBXref_dbname>
      <GBXref_id>PRJNA38945</GBXref_id>
    </GBXref>
    <GBXref>
      <GBXref_dbname>BioSample</GBXref_dbname>
      <GBXref_id>SAMN02595401</GBXref_id>
    </GBXref>
  </GBSeq_xrefs>
</GBSeq>

</GBSet>

