<?xml version="1.0" ?>
<!DOCTYPE GBSet PUBLIC "-//NCBI//NCBI GBSeq/EN" "https://www.ncbi.nlm.nih.gov/dtd/NCBI_GBSeq.dtd">
<GBSet>
<GBSeq>
  <GBSeq_locus>EGC93834</GBSeq_locus>
  <GBSeq_length>170</GBSeq_length>
  <GBSeq_moltype>AA</GBSeq_moltype>
  <GBSeq_topology>linear</GBSeq_topology>
  <GBSeq_division>BCT</GBSeq_division>
  <GBSeq_update-date>13-MAR-2015</GBSeq_update-date>
  <GBSeq_create-date>07-MAR-2011</GBSeq_create-date>
  <GBSeq_definition>dihydrofolate reductase [Escherichia fergusonii ECD227]</GBSeq_definition>
  <GBSeq_primary-accession>EGC93834</GBSeq_primary-accession>
  <GBSeq_accession-version>EGC93834.1</GBSeq_accession-version>
  <GBSeq_other-seqids>
    <GBSeqid>gb|EGC93834.1|</GBSeqid>
    <GBSeqid>gnl|WGS:AEVY|ECD227_0072</GBSeqid>
    <GBSeqid>gi|325495975</GBSeqid>
  </GBSeq_other-seqids>
  <GBSeq_project>PRJNA62485</GBSeq_project>
  <GBSeq_source>Escherichia fergusonii ECD227</GBSeq_source>
  <GBSeq_organism>Escherichia fergusonii ECD227</GBSeq_organism>
  <GBSeq_taxonomy>Bacteria; Proteobacteria; Gammaproteobacteria; Enterobacteriales; Enterobacteriaceae; Escherichia</GBSeq_taxonomy>
  <GBSeq_references>
    <GBReference>
      <GBReference_reference>1</GBReference_reference>
      <GBReference_position>1..170</GBReference_position>
      <GBReference_authors>
        <GBAuthor>Forgetta,V.</GBAuthor>
        <GBAuthor>Rempel,H.</GBAuthor>
        <GBAuthor>Malouin,F.</GBAuthor>
        <GBAuthor>Vaillancourt,R. Jr.</GBAuthor>
        <GBAuthor>Dewar,K.</GBAuthor>
        <GBAuthor>Diarra,M.S.</GBAuthor>
      </GBReference_authors>
      <GBReference_title>Genomic Characterization of a Multi-drug Resistant E. fergusonii Isolate from a Healthy Broiler Chicken</GBReference_title>
      <GBReference_journal>Unpublished</GBReference_journal>
    </GBReference>
    <GBReference>
      <GBReference_reference>2</GBReference_reference>
      <GBReference_position>1..170</GBReference_position>
      <GBReference_authors>
        <GBAuthor>Forgetta,V.</GBAuthor>
        <GBAuthor>Rempel,H.</GBAuthor>
        <GBAuthor>Dewar,K.</GBAuthor>
        <GBAuthor>Diarra,M.S.</GBAuthor>
      </GBReference_authors>
      <GBReference_title>Direct Submission</GBReference_title>
      <GBReference_journal>Submitted (17-FEB-2011) McGill University and Genome Quebec Innovation Centre, 740 Avenue Docteur Penfield, Montreal, Quebec H3A 1A4, Canada</GBReference_journal>
    </GBReference>
  </GBSeq_references>
  <GBSeq_comment>This strain is available from Moussa S. Diarra, Pacific Agri-Food Research Centre, Agriculture and Agri-Food Canada, 6947 #7 Highway, P.O Box 1000 Agassiz, British Columbia V0M 1A0~Chromosomal contigs were ordered and oriented to the complete genome of Escherichia fergusonii ATCC 35469 (CU928158).; Method: conceptual translation.</GBSeq_comment>
  <GBSeq_source-db>accession CM001142.1</GBSeq_source-db>
  <GBSeq_feature-table>
    <GBFeature>
      <GBFeature_key>source</GBFeature_key>
      <GBFeature_location>1..170</GBFeature_location>
      <GBFeature_intervals>
        <GBInterval>
          <GBInterval_from>1</GBInterval_from>
          <GBInterval_to>170</GBInterval_to>
          <GBInterval_accession>EGC93834.1</GBInterval_accession>
        </GBInterval>
      </GBFeature_intervals>
      <GBFeature_quals>
        <GBQualifier>
          <GBQualifier_name>organism</GBQualifier_name>
          <GBQualifier_value>Escherichia fergusonii ECD227</GBQualifier_value>
        </GBQualifier>
        <GBQualifier>
          <GBQualifier_name>strain</GBQualifier_name>
          <GBQualifier_value>ECD227</GBQualifier_value>
        </GBQualifier>
        <GBQualifier>
          <GBQualifier_name>isolation_source</GBQualifier_name>
          <GBQualifier_value>a healthy broiler chicken at farm</GBQualifier_value>
        </GBQualifier>
        <GBQualifier>
          <GBQualifier_name>host</GBQualifier_name>
          <GBQualifier_value>Gallus gallus domesticus</GBQualifier_value>
        </GBQualifier>
        <GBQualifier>
          <GBQualifier_name>db_xref</GBQualifier_name>
          <GBQualifier_value>taxon:981367</GBQualifier_value>
        </GBQualifier>
        <GBQualifier>
          <GBQualifier_name>country</GBQualifier_name>
          <GBQualifier_value>Canada: British Columbia</GBQualifier_value>
        </GBQualifier>
        <GBQualifier>
          <GBQualifier_name>collection_date</GBQualifier_name>
          <GBQualifier_value>2004</GBQualifier_value>
        </GBQualifier>
      </GBFeature_quals>
    </GBFeature>
    <GBFeature>
      <GBFeature_key>Protein</GBFeature_key>
      <GBFeature_location>1..170</GBFeature_location>
      <GBFeature_intervals>
        <GBInterval>
          <GBInterval_from>1</GBInterval_from>
          <GBInterval_to>170</GBInterval_to>
          <GBInterval_accession>EGC93834.1</GBInterval_accession>
        </GBInterval>
      </GBFeature_intervals>
      <GBFeature_quals>
        <GBQualifier>
          <GBQualifier_name>product</GBQualifier_name>
          <GBQualifier_value>dihydrofolate reductase</GBQualifier_value>
        </GBQualifier>
        <GBQualifier>
          <GBQualifier_name>calculated_mol_wt</GBQualifier_name>
          <GBQualifier_value>19167</GBQualifier_value>
        </GBQualifier>
      </GBFeature_quals>
    </GBFeature>
    <GBFeature>
      <GBFeature_key>Region</GBFeature_key>
      <GBFeature_location>12..170</GBFeature_location>
      <GBFeature_intervals>
        <GBInterval>
          <GBInterval_from>12</GBInterval_from>
          <GBInterval_to>170</GBInterval_to>
          <GBInterval_accession>EGC93834.1</GBInterval_accession>
        </GBInterval>
      </GBFeature_intervals>
      <GBFeature_quals>
        <GBQualifier>
          <GBQualifier_name>region_name</GBQualifier_name>
          <GBQualifier_value>folA</GBQualifier_value>
        </GBQualifier>
        <GBQualifier>
          <GBQualifier_name>note</GBQualifier_name>
          <GBQualifier_value>dihydrofolate reductase; Provisional; PRK10769</GBQualifier_value>
        </GBQualifier>
        <GBQualifier>
          <GBQualifier_name>db_xref</GBQualifier_name>
          <GBQualifier_value>CDD:182714</GBQualifier_value>
        </GBQualifier>
      </GBFeature_quals>
    </GBFeature>
    <GBFeature>
      <GBFeature_key>Site</GBFeature_key>
      <GBFeature_location>order(16,33,38,68,105,111,124)</GBFeature_location>
      <GBFeature_intervals>
        <GBInterval>
          <GBInterval_point>16</GBInterval_point>
          <GBInterval_accession>EGC93834.1</GBInterval_accession>
        </GBInterval>
        <GBInterval>
          <GBInterval_point>33</GBInterval_point>
          <GBInterval_accession>EGC93834.1</GBInterval_accession>
        </GBInterval>
        <GBInterval>
          <GBInterval_point>38</GBInterval_point>
          <GBInterval_accession>EGC93834.1</GBInterval_accession>
        </GBInterval>
        <GBInterval>
          <GBInterval_point>68</GBInterval_point>
          <GBInterval_accession>EGC93834.1</GBInterval_accession>
        </GBInterval>
        <GBInterval>
          <GBInterval_point>105</GBInterval_point>
          <GBInterval_accession>EGC93834.1</GBInterval_accession>
        </GBInterval>
        <GBInterval>
          <GBInterval_point>111</GBInterval_point>
          <GBInterval_accession>EGC93834.1</GBInterval_accession>
        </GBInterval>
        <GBInterval>
          <GBInterval_point>124</GBInterval_point>
          <GBInterval_accession>EGC93834.1</GBInterval_accession>
        </GBInterval>
      </GBFeature_intervals>
      <GBFeature_operator>order</GBFeature_operator>
      <GBFeature_quals>
        <GBQualifier>
          <GBQualifier_name>site_type</GBQualifier_name>
          <GBQualifier_value>other</GBQualifier_value>
        </GBQualifier>
        <GBQualifier>
          <GBQualifier_name>note</GBQualifier_name>
          <GBQualifier_value>folate binding site [chemical binding]</GBQualifier_value>
        </GBQualifier>
        <GBQualifier>
          <GBQualifier_name>db_xref</GBQualifier_name>
          <GBQualifier_value>CDD:238127</GBQualifier_value>
        </GBQualifier>
      </GBFeature_quals>
    </GBFeature>
    <GBFeature>
      <GBFeature_key>Site</GBFeature_key>
      <GBFeature_location>order(18,25,55..57,75,106..109)</GBFeature_location>
      <GBFeature_intervals>
        <GBInterval>
          <GBInterval_point>18</GBInterval_point>
          <GBInterval_accession>EGC93834.1</GBInterval_accession>
        </GBInterval>
        <GBInterval>
          <GBInterval_point>25</GBInterval_point>
          <GBInterval_accession>EGC93834.1</GBInterval_accession>
        </GBInterval>
        <GBInterval>
          <GBInterval_from>55</GBInterval_from>
          <GBInterval_to>57</GBInterval_to>
          <GBInterval_accession>EGC93834.1</GBInterval_accession>
        </GBInterval>
        <GBInterval>
          <GBInterval_point>75</GBInterval_point>
          <GBInterval_accession>EGC93834.1</GBInterval_accession>
        </GBInterval>
        <GBInterval>
          <GBInterval_from>106</GBInterval_from>
          <GBInterval_to>109</GBInterval_to>
          <GBInterval_accession>EGC93834.1</GBInterval_accession>
        </GBInterval>
      </GBFeature_intervals>
      <GBFeature_operator>order</GBFeature_operator>
      <GBFeature_quals>
        <GBQualifier>
          <GBQualifier_name>site_type</GBQualifier_name>
          <GBQualifier_value>other</GBQualifier_value>
        </GBQualifier>
        <GBQualifier>
          <GBQualifier_name>note</GBQualifier_name>
          <GBQualifier_value>NADP+ binding site [chemical binding]</GBQualifier_value>
        </GBQualifier>
        <GBQualifier>
          <GBQualifier_name>db_xref</GBQualifier_name>
          <GBQualifier_value>CDD:238127</GBQualifier_value>
        </GBQualifier>
      </GBFeature_quals>
    </GBFeature>
    <GBFeature>
      <GBFeature_key>CDS</GBFeature_key>
      <GBFeature_location>1..170</GBFeature_location>
      <GBFeature_intervals>
        <GBInterval>
          <GBInterval_from>1</GBInterval_from>
          <GBInterval_to>170</GBInterval_to>
          <GBInterval_accession>EGC93834.1</GBInterval_accession>
        </GBInterval>
      </GBFeature_intervals>
      <GBFeature_quals>
        <GBQualifier>
          <GBQualifier_name>gene</GBQualifier_name>
          <GBQualifier_value>folA</GBQualifier_value>
        </GBQualifier>
        <GBQualifier>
          <GBQualifier_name>locus_tag</GBQualifier_name>
          <GBQualifier_value>ECD227_0072</GBQualifier_value>
        </GBQualifier>
        <GBQualifier>
          <GBQualifier_name>coded_by</GBQualifier_name>
          <GBQualifier_value>CM001142.1:93328..93840</GBQualifier_value>
        </GBQualifier>
        <GBQualifier>
          <GBQualifier_name>inference</GBQualifier_name>
          <GBQualifier_value>ab initio prediction:Glimmer:3.02</GBQualifier_value>
        </GBQualifier>
        <GBQualifier>
          <GBQualifier_name>transl_table</GBQualifier_name>
          <GBQualifier_value>11</GBQualifier_value>
        </GBQualifier>
      </GBFeature_quals>
    </GBFeature>
  </GBSeq_feature-table>
  <GBSeq_sequence>matifyiqdksmisliaalavdrvigmenampwnlpadlawfkrntlnkpvimgrhtwesigrplpgrkniilssqpgtddrvtwvksvdeaiaacgdvpeimvigggrvyeqflpkaqklylthidaevegdthfpdyepddwesvfsefhdadaqnshsycfeilerr</GBSeq_sequence>
  <GBSeq_xrefs>
    <GBXref>
      <GBXref_dbname>BioProject</GBXref_dbname>
      <GBXref_id>PRJNA62485</GBXref_id>
    </GBXref>
    <GBXref>
      <GBXref_dbname>BioSample</GBXref_dbname>
      <GBXref_id>SAMN02470542</GBXref_id>
    </GBXref>
  </GBSeq_xrefs>
</GBSeq>

</GBSet>

