<?xml version="1.0" ?>
<!DOCTYPE GBSet PUBLIC "-//NCBI//NCBI GBSeq/EN" "https://www.ncbi.nlm.nih.gov/dtd/NCBI_GBSeq.dtd">
<GBSet>
<GBSeq>
  <GBSeq_locus>EGE19212</GBSeq_locus>
  <GBSeq_length>170</GBSeq_length>
  <GBSeq_moltype>AA</GBSeq_moltype>
  <GBSeq_topology>linear</GBSeq_topology>
  <GBSeq_division>BCT</GBSeq_division>
  <GBSeq_update-date>22-MAR-2011</GBSeq_update-date>
  <GBSeq_create-date>22-MAR-2011</GBSeq_create-date>
  <GBSeq_definition>dihydrofolate reductase [Moraxella catarrhalis BC1]</GBSeq_definition>
  <GBSeq_primary-accession>EGE19212</GBSeq_primary-accession>
  <GBSeq_accession-version>EGE19212.1</GBSeq_accession-version>
  <GBSeq_other-seqids>
    <GBSeqid>gb|EGE19212.1|</GBSeqid>
    <GBSeqid>gnl|WGS:AERH|E9Q_02398</GBSeqid>
    <GBSeqid>gi|326569150</GBSeqid>
  </GBSeq_other-seqids>
  <GBSeq_project>PRJNA49917</GBSeq_project>
  <GBSeq_source>Moraxella catarrhalis BC1</GBSeq_source>
  <GBSeq_organism>Moraxella catarrhalis BC1</GBSeq_organism>
  <GBSeq_taxonomy>Bacteria; Proteobacteria; Gammaproteobacteria; Pseudomonadales; Moraxellaceae; Moraxella</GBSeq_taxonomy>
  <GBSeq_references>
    <GBReference>
      <GBReference_reference>1</GBReference_reference>
      <GBReference_position>1..170</GBReference_position>
      <GBReference_authors>
        <GBAuthor>Davie,J.J.</GBAuthor>
        <GBAuthor>Earl,J.</GBAuthor>
        <GBAuthor>de Vries,S.P.</GBAuthor>
        <GBAuthor>Ahmed,A.</GBAuthor>
        <GBAuthor>Hu,F.Z.</GBAuthor>
        <GBAuthor>Bootsma,H.J.</GBAuthor>
        <GBAuthor>Stol,K.</GBAuthor>
        <GBAuthor>Hermans,P.W.</GBAuthor>
        <GBAuthor>Wadowsky,R.M.</GBAuthor>
        <GBAuthor>Ehrlich,G.D.</GBAuthor>
        <GBAuthor>Hays,J.P.</GBAuthor>
        <GBAuthor>Campagnari,A.A.</GBAuthor>
      </GBReference_authors>
      <GBReference_title>Comparative analysis and supragenome modeling of twelve Moraxella catarrhalis clinical isolates</GBReference_title>
      <GBReference_journal>BMC Genomics 12 (1), 70 (2011)</GBReference_journal>
      <GBReference_xref>
        <GBXref>
          <GBXref_dbname>doi</GBXref_dbname>
          <GBXref_id>10.1186/1471-2164-12-70</GBXref_id>
        </GBXref>
      </GBReference_xref>
      <GBReference_pubmed>21269504</GBReference_pubmed>
      <GBReference_remark>Publication Status: Online-Only</GBReference_remark>
    </GBReference>
    <GBReference>
      <GBReference_reference>2</GBReference_reference>
      <GBReference_position>1..170</GBReference_position>
      <GBReference_authors>
        <GBAuthor>Ehrlich,G.D.</GBAuthor>
      </GBReference_authors>
      <GBReference_title>Direct Submission</GBReference_title>
      <GBReference_journal>Submitted (04-JAN-2011) Center for Genomic Sciences, Allegheny-Singer Research Institute, 320 E. North Ave. 11th Floor, Pittsburgh, PA 15212-4772, USA</GBReference_journal>
    </GBReference>
  </GBSeq_references>
  <GBSeq_comment>Source DNA and Bacteria available from Garth D. Ehrlich 320 E. North Ave. 11th Floor, Pittsburgh PA 15212~~Genome was manually curated based on annotation generated by the NCBI Prokaryotic Genomes Automatic Annotation Pipeline Group. Information about the Pipeline can be found here: http://www.ncbi.nlm.nih.gov/genomes/static/Pipeline.html.; ##Genome-Assembly-Data-START## Assembly Method Newbler v. 2.0.01.14 Genome Coverage 40 Sequencing Technology 454 Ti08/12/09AA ##Genome-Assembly-Data-END##; Method: conceptual translation.</GBSeq_comment>
  <GBSeq_source-db>accession AERH01000016.1</GBSeq_source-db>
  <GBSeq_feature-table>
    <GBFeature>
      <GBFeature_key>source</GBFeature_key>
      <GBFeature_location>1..170</GBFeature_location>
      <GBFeature_intervals>
        <GBInterval>
          <GBInterval_from>1</GBInterval_from>
          <GBInterval_to>170</GBInterval_to>
          <GBInterval_accession>EGE19212.1</GBInterval_accession>
        </GBInterval>
      </GBFeature_intervals>
      <GBFeature_quals>
        <GBQualifier>
          <GBQualifier_name>organism</GBQualifier_name>
          <GBQualifier_value>Moraxella catarrhalis BC1</GBQualifier_value>
        </GBQualifier>
        <GBQualifier>
          <GBQualifier_name>strain</GBQualifier_name>
          <GBQualifier_value>BC1</GBQualifier_value>
        </GBQualifier>
        <GBQualifier>
          <GBQualifier_name>db_xref</GBQualifier_name>
          <GBQualifier_value>taxon:857576</GBQualifier_value>
        </GBQualifier>
      </GBFeature_quals>
    </GBFeature>
    <GBFeature>
      <GBFeature_key>Protein</GBFeature_key>
      <GBFeature_location>1..170</GBFeature_location>
      <GBFeature_intervals>
        <GBInterval>
          <GBInterval_from>1</GBInterval_from>
          <GBInterval_to>170</GBInterval_to>
          <GBInterval_accession>EGE19212.1</GBInterval_accession>
        </GBInterval>
      </GBFeature_intervals>
      <GBFeature_quals>
        <GBQualifier>
          <GBQualifier_name>product</GBQualifier_name>
          <GBQualifier_value>dihydrofolate reductase</GBQualifier_value>
        </GBQualifier>
        <GBQualifier>
          <GBQualifier_name>calculated_mol_wt</GBQualifier_name>
          <GBQualifier_value>19299</GBQualifier_value>
        </GBQualifier>
      </GBFeature_quals>
    </GBFeature>
    <GBFeature>
      <GBFeature_key>Region</GBFeature_key>
      <GBFeature_location>6..167</GBFeature_location>
      <GBFeature_intervals>
        <GBInterval>
          <GBInterval_from>6</GBInterval_from>
          <GBInterval_to>167</GBInterval_to>
          <GBInterval_accession>EGE19212.1</GBInterval_accession>
        </GBInterval>
      </GBFeature_intervals>
      <GBFeature_quals>
        <GBQualifier>
          <GBQualifier_name>region_name</GBQualifier_name>
          <GBQualifier_value>DHFR_1</GBQualifier_value>
        </GBQualifier>
        <GBQualifier>
          <GBQualifier_name>note</GBQualifier_name>
          <GBQualifier_value>Dihydrofolate reductase; pfam00186</GBQualifier_value>
        </GBQualifier>
        <GBQualifier>
          <GBQualifier_name>db_xref</GBQualifier_name>
          <GBQualifier_value>CDD:278610</GBQualifier_value>
        </GBQualifier>
      </GBFeature_quals>
    </GBFeature>
    <GBFeature>
      <GBFeature_key>Site</GBFeature_key>
      <GBFeature_location>order(9,26,31,61,104,110,123)</GBFeature_location>
      <GBFeature_intervals>
        <GBInterval>
          <GBInterval_point>9</GBInterval_point>
          <GBInterval_accession>EGE19212.1</GBInterval_accession>
        </GBInterval>
        <GBInterval>
          <GBInterval_point>26</GBInterval_point>
          <GBInterval_accession>EGE19212.1</GBInterval_accession>
        </GBInterval>
        <GBInterval>
          <GBInterval_point>31</GBInterval_point>
          <GBInterval_accession>EGE19212.1</GBInterval_accession>
        </GBInterval>
        <GBInterval>
          <GBInterval_point>61</GBInterval_point>
          <GBInterval_accession>EGE19212.1</GBInterval_accession>
        </GBInterval>
        <GBInterval>
          <GBInterval_point>104</GBInterval_point>
          <GBInterval_accession>EGE19212.1</GBInterval_accession>
        </GBInterval>
        <GBInterval>
          <GBInterval_point>110</GBInterval_point>
          <GBInterval_accession>EGE19212.1</GBInterval_accession>
        </GBInterval>
        <GBInterval>
          <GBInterval_point>123</GBInterval_point>
          <GBInterval_accession>EGE19212.1</GBInterval_accession>
        </GBInterval>
      </GBFeature_intervals>
      <GBFeature_operator>order</GBFeature_operator>
      <GBFeature_quals>
        <GBQualifier>
          <GBQualifier_name>site_type</GBQualifier_name>
          <GBQualifier_value>other</GBQualifier_value>
        </GBQualifier>
        <GBQualifier>
          <GBQualifier_name>note</GBQualifier_name>
          <GBQualifier_value>folate binding site [chemical binding]</GBQualifier_value>
        </GBQualifier>
        <GBQualifier>
          <GBQualifier_name>db_xref</GBQualifier_name>
          <GBQualifier_value>CDD:238127</GBQualifier_value>
        </GBQualifier>
      </GBFeature_quals>
    </GBFeature>
    <GBFeature>
      <GBFeature_key>Site</GBFeature_key>
      <GBFeature_location>order(11,18,48..50,68,105..108)</GBFeature_location>
      <GBFeature_intervals>
        <GBInterval>
          <GBInterval_point>11</GBInterval_point>
          <GBInterval_accession>EGE19212.1</GBInterval_accession>
        </GBInterval>
        <GBInterval>
          <GBInterval_point>18</GBInterval_point>
          <GBInterval_accession>EGE19212.1</GBInterval_accession>
        </GBInterval>
        <GBInterval>
          <GBInterval_from>48</GBInterval_from>
          <GBInterval_to>50</GBInterval_to>
          <GBInterval_accession>EGE19212.1</GBInterval_accession>
        </GBInterval>
        <GBInterval>
          <GBInterval_point>68</GBInterval_point>
          <GBInterval_accession>EGE19212.1</GBInterval_accession>
        </GBInterval>
        <GBInterval>
          <GBInterval_from>105</GBInterval_from>
          <GBInterval_to>108</GBInterval_to>
          <GBInterval_accession>EGE19212.1</GBInterval_accession>
        </GBInterval>
      </GBFeature_intervals>
      <GBFeature_operator>order</GBFeature_operator>
      <GBFeature_quals>
        <GBQualifier>
          <GBQualifier_name>site_type</GBQualifier_name>
          <GBQualifier_value>other</GBQualifier_value>
        </GBQualifier>
        <GBQualifier>
          <GBQualifier_name>note</GBQualifier_name>
          <GBQualifier_value>NADP+ binding site [chemical binding]</GBQualifier_value>
        </GBQualifier>
        <GBQualifier>
          <GBQualifier_name>db_xref</GBQualifier_name>
          <GBQualifier_value>CDD:238127</GBQualifier_value>
        </GBQualifier>
      </GBFeature_quals>
    </GBFeature>
    <GBFeature>
      <GBFeature_key>CDS</GBFeature_key>
      <GBFeature_location>1..170</GBFeature_location>
      <GBFeature_intervals>
        <GBInterval>
          <GBInterval_from>1</GBInterval_from>
          <GBInterval_to>170</GBInterval_to>
          <GBInterval_accession>EGE19212.1</GBInterval_accession>
        </GBInterval>
      </GBFeature_intervals>
      <GBFeature_quals>
        <GBQualifier>
          <GBQualifier_name>locus_tag</GBQualifier_name>
          <GBQualifier_value>E9Q_02398</GBQualifier_value>
        </GBQualifier>
        <GBQualifier>
          <GBQualifier_name>coded_by</GBQualifier_name>
          <GBQualifier_value>complement(AERH01000016.1:42537..43049)</GBQualifier_value>
        </GBQualifier>
        <GBQualifier>
          <GBQualifier_name>note</GBQualifier_name>
          <GBQualifier_value>COG0262 Dihydrofolate reductase</GBQualifier_value>
        </GBQualifier>
        <GBQualifier>
          <GBQualifier_name>transl_table</GBQualifier_name>
          <GBQualifier_value>11</GBQualifier_value>
        </GBQualifier>
      </GBFeature_quals>
    </GBFeature>
  </GBSeq_feature-table>
  <GBSeq_sequence>meniqlvhvvamsqnraigkdnqllwhipddlqhfkrithggvivmgrktfeslpnllpnrthivitrqpidyegavtahslqdaillakayahakqqnkifiigggdiyhqslemadvleitevdtviegdafypdidekfiktdetktfycdksgfqfrfctwqkvlt</GBSeq_sequence>
  <GBSeq_xrefs>
    <GBXref>
      <GBXref_dbname>BioProject</GBXref_dbname>
      <GBXref_id>PRJNA49917</GBXref_id>
    </GBXref>
    <GBXref>
      <GBXref_dbname>BioSample</GBXref_dbname>
      <GBXref_id>SAMN02393789</GBXref_id>
    </GBXref>
  </GBSeq_xrefs>
</GBSeq>

</GBSet>

