<?xml version="1.0" ?>
<!DOCTYPE GBSet PUBLIC "-//NCBI//NCBI GBSeq/EN" "https://www.ncbi.nlm.nih.gov/dtd/NCBI_GBSeq.dtd">
<GBSet>
<GBSeq>
  <GBSeq_locus>ELH95993</GBSeq_locus>
  <GBSeq_length>196</GBSeq_length>
  <GBSeq_moltype>AA</GBSeq_moltype>
  <GBSeq_topology>linear</GBSeq_topology>
  <GBSeq_division>BCT</GBSeq_division>
  <GBSeq_update-date>19-DEC-2012</GBSeq_update-date>
  <GBSeq_create-date>19-DEC-2012</GBSeq_create-date>
  <GBSeq_definition>dihydrofolate reductase [Escherichia coli KTE227]</GBSeq_definition>
  <GBSeq_primary-accession>ELH95993</GBSeq_primary-accession>
  <GBSeq_accession-version>ELH95993.1</GBSeq_accession-version>
  <GBSeq_other-seqids>
    <GBSeqid>gb|ELH95993.1|</GBSeqid>
    <GBSeqid>gnl|WGS:ANXJ|A17S_01132T0</GBSeqid>
    <GBSeqid>gi|431518539</GBSeqid>
  </GBSeq_other-seqids>
  <GBSeq_project>PRJNA163467</GBSeq_project>
  <GBSeq_source>Escherichia coli KTE227</GBSeq_source>
  <GBSeq_organism>Escherichia coli KTE227</GBSeq_organism>
  <GBSeq_taxonomy>Bacteria; Proteobacteria; Gammaproteobacteria; Enterobacteriales; Enterobacteriaceae; Escherichia</GBSeq_taxonomy>
  <GBSeq_references>
    <GBReference>
      <GBReference_reference>1</GBReference_reference>
      <GBReference_position>1..196</GBReference_position>
      <GBReference_authors>
        <GBAuthor>Feldgarden,M.</GBAuthor>
        <GBAuthor>Nielsen,K.L.</GBAuthor>
        <GBAuthor>Frimodt-Moller,N.</GBAuthor>
        <GBAuthor>Andersen,P.S.</GBAuthor>
        <GBAuthor>Walker,B.</GBAuthor>
        <GBAuthor>Young,S.K.</GBAuthor>
        <GBAuthor>Zeng,Q.</GBAuthor>
        <GBAuthor>Gargeya,S.</GBAuthor>
        <GBAuthor>Fitzgerald,M.</GBAuthor>
        <GBAuthor>Haas,B.</GBAuthor>
        <GBAuthor>Abouelleil,A.</GBAuthor>
        <GBAuthor>Alvarado,L.</GBAuthor>
        <GBAuthor>Arachchi,H.M.</GBAuthor>
        <GBAuthor>Berlin,A.M.</GBAuthor>
        <GBAuthor>Chapman,S.B.</GBAuthor>
        <GBAuthor>Dewar,J.</GBAuthor>
        <GBAuthor>Goldberg,J.</GBAuthor>
        <GBAuthor>Griggs,A.</GBAuthor>
        <GBAuthor>Gujja,S.</GBAuthor>
        <GBAuthor>Hansen,M.</GBAuthor>
        <GBAuthor>Howarth,C.</GBAuthor>
        <GBAuthor>Imamovic,A.</GBAuthor>
        <GBAuthor>Larimer,J.</GBAuthor>
        <GBAuthor>McCowan,C.</GBAuthor>
        <GBAuthor>Murphy,C.</GBAuthor>
        <GBAuthor>Neiman,D.</GBAuthor>
        <GBAuthor>Pearson,M.</GBAuthor>
        <GBAuthor>Priest,M.</GBAuthor>
        <GBAuthor>Roberts,A.</GBAuthor>
        <GBAuthor>Saif,S.</GBAuthor>
        <GBAuthor>Shea,T.</GBAuthor>
        <GBAuthor>Sisk,P.</GBAuthor>
        <GBAuthor>Sykes,S.</GBAuthor>
        <GBAuthor>Wortman,J.</GBAuthor>
        <GBAuthor>Nusbaum,C.</GBAuthor>
        <GBAuthor>Birren,B.</GBAuthor>
      </GBReference_authors>
      <GBReference_consortium>The Broad Institute Genome Sequencing Platform, The Broad Institute Genome Sequencing Center for Infectious Disease</GBReference_consortium>
      <GBReference_title>The Genome Sequence of Escherichia coli KTE227</GBReference_title>
      <GBReference_journal>Unpublished</GBReference_journal>
    </GBReference>
    <GBReference>
      <GBReference_reference>2</GBReference_reference>
      <GBReference_position>1..196</GBReference_position>
      <GBReference_authors>
        <GBAuthor>Feldgarden,M.</GBAuthor>
        <GBAuthor>Nielsen,K.L.</GBAuthor>
        <GBAuthor>Frimodt-Moller,N.</GBAuthor>
        <GBAuthor>Andersen,P.S.</GBAuthor>
        <GBAuthor>Walker,B.</GBAuthor>
        <GBAuthor>Young,S.K.</GBAuthor>
        <GBAuthor>Zeng,Q.</GBAuthor>
        <GBAuthor>Gargeya,S.</GBAuthor>
        <GBAuthor>Fitzgerald,M.</GBAuthor>
        <GBAuthor>Haas,B.</GBAuthor>
        <GBAuthor>Abouelleil,A.</GBAuthor>
        <GBAuthor>Alvarado,L.</GBAuthor>
        <GBAuthor>Arachchi,H.M.</GBAuthor>
        <GBAuthor>Berlin,A.M.</GBAuthor>
        <GBAuthor>Chapman,S.B.</GBAuthor>
        <GBAuthor>Dewar,J.</GBAuthor>
        <GBAuthor>Goldberg,J.</GBAuthor>
        <GBAuthor>Griggs,A.</GBAuthor>
        <GBAuthor>Gujja,S.</GBAuthor>
        <GBAuthor>Hansen,M.</GBAuthor>
        <GBAuthor>Howarth,C.</GBAuthor>
        <GBAuthor>Imamovic,A.</GBAuthor>
        <GBAuthor>Larimer,J.</GBAuthor>
        <GBAuthor>McCowan,C.</GBAuthor>
        <GBAuthor>Murphy,C.</GBAuthor>
        <GBAuthor>Neiman,D.</GBAuthor>
        <GBAuthor>Pearson,M.</GBAuthor>
        <GBAuthor>Priest,M.</GBAuthor>
        <GBAuthor>Roberts,A.</GBAuthor>
        <GBAuthor>Saif,S.</GBAuthor>
        <GBAuthor>Shea,T.</GBAuthor>
        <GBAuthor>Sisk,P.</GBAuthor>
        <GBAuthor>Sykes,S.</GBAuthor>
        <GBAuthor>Wortman,J.</GBAuthor>
        <GBAuthor>Nusbaum,C.</GBAuthor>
        <GBAuthor>Birren,B.</GBAuthor>
      </GBReference_authors>
      <GBReference_consortium>The Broad Institute Genome Sequencing Platform, The Broad Institute Genome Sequencing Center for Infectious Disease</GBReference_consortium>
      <GBReference_title>Direct Submission</GBReference_title>
      <GBReference_journal>Submitted (13-DEC-2012) Broad Institute of MIT and Harvard, 7 Cambridge Center, Cambridge, MA 02142, USA</GBReference_journal>
    </GBReference>
  </GBSeq_references>
  <GBSeq_comment>Please be aware that the annotation is done automatically with little or no manual curation.; ##Genome-Assembly-Data-START## Assembly Method allpaths v. R42721 Assembly Name Esch_coli_KTE227_V1 Genome Coverage 254.0x Sequencing Technology Illumina ##Genome-Assembly-Data-END##; Method: conceptual translation.</GBSeq_comment>
  <GBSeq_source-db>accession ANXJ01000012.1</GBSeq_source-db>
  <GBSeq_feature-table>
    <GBFeature>
      <GBFeature_key>source</GBFeature_key>
      <GBFeature_location>1..196</GBFeature_location>
      <GBFeature_intervals>
        <GBInterval>
          <GBInterval_from>1</GBInterval_from>
          <GBInterval_to>196</GBInterval_to>
          <GBInterval_accession>ELH95993.1</GBInterval_accession>
        </GBInterval>
      </GBFeature_intervals>
      <GBFeature_quals>
        <GBQualifier>
          <GBQualifier_name>organism</GBQualifier_name>
          <GBQualifier_value>Escherichia coli KTE227</GBQualifier_value>
        </GBQualifier>
        <GBQualifier>
          <GBQualifier_name>strain</GBQualifier_name>
          <GBQualifier_value>KTE227</GBQualifier_value>
        </GBQualifier>
        <GBQualifier>
          <GBQualifier_name>db_xref</GBQualifier_name>
          <GBQualifier_value>taxon:1181773</GBQualifier_value>
        </GBQualifier>
      </GBFeature_quals>
    </GBFeature>
    <GBFeature>
      <GBFeature_key>Protein</GBFeature_key>
      <GBFeature_location>1..196</GBFeature_location>
      <GBFeature_intervals>
        <GBInterval>
          <GBInterval_from>1</GBInterval_from>
          <GBInterval_to>196</GBInterval_to>
          <GBInterval_accession>ELH95993.1</GBInterval_accession>
        </GBInterval>
      </GBFeature_intervals>
      <GBFeature_quals>
        <GBQualifier>
          <GBQualifier_name>product</GBQualifier_name>
          <GBQualifier_value>dihydrofolate reductase</GBQualifier_value>
        </GBQualifier>
        <GBQualifier>
          <GBQualifier_name>calculated_mol_wt</GBQualifier_name>
          <GBQualifier_value>22197</GBQualifier_value>
        </GBQualifier>
      </GBFeature_quals>
    </GBFeature>
    <GBFeature>
      <GBFeature_key>Region</GBFeature_key>
      <GBFeature_location>38..196</GBFeature_location>
      <GBFeature_intervals>
        <GBInterval>
          <GBInterval_from>38</GBInterval_from>
          <GBInterval_to>196</GBInterval_to>
          <GBInterval_accession>ELH95993.1</GBInterval_accession>
        </GBInterval>
      </GBFeature_intervals>
      <GBFeature_quals>
        <GBQualifier>
          <GBQualifier_name>region_name</GBQualifier_name>
          <GBQualifier_value>folA</GBQualifier_value>
        </GBQualifier>
        <GBQualifier>
          <GBQualifier_name>note</GBQualifier_name>
          <GBQualifier_value>dihydrofolate reductase; Provisional; PRK10769</GBQualifier_value>
        </GBQualifier>
        <GBQualifier>
          <GBQualifier_name>db_xref</GBQualifier_name>
          <GBQualifier_value>CDD:182714</GBQualifier_value>
        </GBQualifier>
      </GBFeature_quals>
    </GBFeature>
    <GBFeature>
      <GBFeature_key>Site</GBFeature_key>
      <GBFeature_location>order(42,59,64,94,131,137,150)</GBFeature_location>
      <GBFeature_intervals>
        <GBInterval>
          <GBInterval_point>42</GBInterval_point>
          <GBInterval_accession>ELH95993.1</GBInterval_accession>
        </GBInterval>
        <GBInterval>
          <GBInterval_point>59</GBInterval_point>
          <GBInterval_accession>ELH95993.1</GBInterval_accession>
        </GBInterval>
        <GBInterval>
          <GBInterval_point>64</GBInterval_point>
          <GBInterval_accession>ELH95993.1</GBInterval_accession>
        </GBInterval>
        <GBInterval>
          <GBInterval_point>94</GBInterval_point>
          <GBInterval_accession>ELH95993.1</GBInterval_accession>
        </GBInterval>
        <GBInterval>
          <GBInterval_point>131</GBInterval_point>
          <GBInterval_accession>ELH95993.1</GBInterval_accession>
        </GBInterval>
        <GBInterval>
          <GBInterval_point>137</GBInterval_point>
          <GBInterval_accession>ELH95993.1</GBInterval_accession>
        </GBInterval>
        <GBInterval>
          <GBInterval_point>150</GBInterval_point>
          <GBInterval_accession>ELH95993.1</GBInterval_accession>
        </GBInterval>
      </GBFeature_intervals>
      <GBFeature_operator>order</GBFeature_operator>
      <GBFeature_quals>
        <GBQualifier>
          <GBQualifier_name>site_type</GBQualifier_name>
          <GBQualifier_value>other</GBQualifier_value>
        </GBQualifier>
        <GBQualifier>
          <GBQualifier_name>note</GBQualifier_name>
          <GBQualifier_value>folate binding site [chemical binding]</GBQualifier_value>
        </GBQualifier>
        <GBQualifier>
          <GBQualifier_name>db_xref</GBQualifier_name>
          <GBQualifier_value>CDD:238127</GBQualifier_value>
        </GBQualifier>
      </GBFeature_quals>
    </GBFeature>
    <GBFeature>
      <GBFeature_key>Site</GBFeature_key>
      <GBFeature_location>order(44,51,81..83,101,132..135)</GBFeature_location>
      <GBFeature_intervals>
        <GBInterval>
          <GBInterval_point>44</GBInterval_point>
          <GBInterval_accession>ELH95993.1</GBInterval_accession>
        </GBInterval>
        <GBInterval>
          <GBInterval_point>51</GBInterval_point>
          <GBInterval_accession>ELH95993.1</GBInterval_accession>
        </GBInterval>
        <GBInterval>
          <GBInterval_from>81</GBInterval_from>
          <GBInterval_to>83</GBInterval_to>
          <GBInterval_accession>ELH95993.1</GBInterval_accession>
        </GBInterval>
        <GBInterval>
          <GBInterval_point>101</GBInterval_point>
          <GBInterval_accession>ELH95993.1</GBInterval_accession>
        </GBInterval>
        <GBInterval>
          <GBInterval_from>132</GBInterval_from>
          <GBInterval_to>135</GBInterval_to>
          <GBInterval_accession>ELH95993.1</GBInterval_accession>
        </GBInterval>
      </GBFeature_intervals>
      <GBFeature_operator>order</GBFeature_operator>
      <GBFeature_quals>
        <GBQualifier>
          <GBQualifier_name>site_type</GBQualifier_name>
          <GBQualifier_value>other</GBQualifier_value>
        </GBQualifier>
        <GBQualifier>
          <GBQualifier_name>note</GBQualifier_name>
          <GBQualifier_value>NADP+ binding site [chemical binding]</GBQualifier_value>
        </GBQualifier>
        <GBQualifier>
          <GBQualifier_name>db_xref</GBQualifier_name>
          <GBQualifier_value>CDD:238127</GBQualifier_value>
        </GBQualifier>
      </GBFeature_quals>
    </GBFeature>
    <GBFeature>
      <GBFeature_key>CDS</GBFeature_key>
      <GBFeature_location>1..196</GBFeature_location>
      <GBFeature_intervals>
        <GBInterval>
          <GBInterval_from>1</GBInterval_from>
          <GBInterval_to>196</GBInterval_to>
          <GBInterval_accession>ELH95993.1</GBInterval_accession>
        </GBInterval>
      </GBFeature_intervals>
      <GBFeature_quals>
        <GBQualifier>
          <GBQualifier_name>locus_tag</GBQualifier_name>
          <GBQualifier_value>A17S_01132</GBQualifier_value>
        </GBQualifier>
        <GBQualifier>
          <GBQualifier_name>coded_by</GBQualifier_name>
          <GBQualifier_value>ANXJ01000012.1:158341..158931</GBQualifier_value>
        </GBQualifier>
        <GBQualifier>
          <GBQualifier_name>transl_table</GBQualifier_name>
          <GBQualifier_value>11</GBQualifier_value>
        </GBQualifier>
      </GBFeature_quals>
    </GBFeature>
  </GBSeq_feature-table>
  <GBSeq_sequence>mdspaeykiflniilapvddglrftysgdnffyreismisliaalavdrvigmenampwnlpadlawfkrntlnkpvimgrhtwesigrplpgrkniilssqpgtddrvtwvksvdeaivacgdvpeimvigggrvyeqflpkaqklylthidaevegdthfpdyepddwesvfsefhdadaqnshsycfeilerr</GBSeq_sequence>
  <GBSeq_xrefs>
    <GBXref>
      <GBXref_dbname>BioProject</GBXref_dbname>
      <GBXref_id>PRJNA163467</GBXref_id>
    </GBXref>
    <GBXref>
      <GBXref_dbname>BioSample</GBXref_dbname>
      <GBXref_id>SAMN00974082</GBXref_id>
    </GBXref>
  </GBSeq_xrefs>
</GBSeq>

</GBSet>

