<?xml version="1.0" ?>
<!DOCTYPE GBSet PUBLIC "-//NCBI//NCBI GBSeq/EN" "https://www.ncbi.nlm.nih.gov/dtd/NCBI_GBSeq.dtd">
<GBSet>
<GBSeq>
  <GBSeq_locus>EPB81984</GBSeq_locus>
  <GBSeq_length>199</GBSeq_length>
  <GBSeq_moltype>AA</GBSeq_moltype>
  <GBSeq_topology>linear</GBSeq_topology>
  <GBSeq_division>PLN</GBSeq_division>
  <GBSeq_update-date>22-MAR-2015</GBSeq_update-date>
  <GBSeq_create-date>07-JUN-2013</GBSeq_create-date>
  <GBSeq_definition>dihydrofolate reductase [Mucor circinelloides f. circinelloides 1006PhL]</GBSeq_definition>
  <GBSeq_primary-accession>EPB81984</GBSeq_primary-accession>
  <GBSeq_accession-version>EPB81984.1</GBSeq_accession-version>
  <GBSeq_other-seqids>
    <GBSeqid>gb|EPB81984.1|</GBSeqid>
    <GBSeqid>gnl|WGS:AOCY|HMPREF1544_11300T0</GBSeqid>
    <GBSeqid>gi|511000445</GBSeqid>
  </GBSeq_other-seqids>
  <GBSeq_project>PRJNA172437</GBSeq_project>
  <GBSeq_source>Mucor circinelloides f. circinelloides 1006PhL</GBSeq_source>
  <GBSeq_organism>Mucor circinelloides f. circinelloides 1006PhL</GBSeq_organism>
  <GBSeq_taxonomy>Eukaryota; Fungi; Fungi incertae sedis; Mucoromycotina; Mucorales; Mucorineae; Mucoraceae; Mucor</GBSeq_taxonomy>
  <GBSeq_references>
    <GBReference>
      <GBReference_reference>1</GBReference_reference>
      <GBReference_position>1..199</GBReference_position>
      <GBReference_authors>
        <GBAuthor>Cuomo,C.</GBAuthor>
        <GBAuthor>Earl,A.</GBAuthor>
        <GBAuthor>Findley,K.</GBAuthor>
        <GBAuthor>Lee,S.C.</GBAuthor>
        <GBAuthor>Walker,B.</GBAuthor>
        <GBAuthor>Young,S.</GBAuthor>
        <GBAuthor>Zeng,Q.</GBAuthor>
        <GBAuthor>Gargeya,S.</GBAuthor>
        <GBAuthor>Fitzgerald,M.</GBAuthor>
        <GBAuthor>Haas,B.</GBAuthor>
        <GBAuthor>Abouelleil,A.</GBAuthor>
        <GBAuthor>Allen,A.W.</GBAuthor>
        <GBAuthor>Alvarado,L.</GBAuthor>
        <GBAuthor>Arachchi,H.M.</GBAuthor>
        <GBAuthor>Berlin,A.M.</GBAuthor>
        <GBAuthor>Chapman,S.B.</GBAuthor>
        <GBAuthor>Gainer-Dewar,J.</GBAuthor>
        <GBAuthor>Goldberg,J.</GBAuthor>
        <GBAuthor>Griggs,A.</GBAuthor>
        <GBAuthor>Gujja,S.</GBAuthor>
        <GBAuthor>Hansen,M.</GBAuthor>
        <GBAuthor>Howarth,C.</GBAuthor>
        <GBAuthor>Imamovic,A.</GBAuthor>
        <GBAuthor>Ireland,A.</GBAuthor>
        <GBAuthor>Larimer,J.</GBAuthor>
        <GBAuthor>McCowan,C.</GBAuthor>
        <GBAuthor>Murphy,C.</GBAuthor>
        <GBAuthor>Pearson,M.</GBAuthor>
        <GBAuthor>Poon,T.W.</GBAuthor>
        <GBAuthor>Priest,M.</GBAuthor>
        <GBAuthor>Roberts,A.</GBAuthor>
        <GBAuthor>Saif,S.</GBAuthor>
        <GBAuthor>Shea,T.</GBAuthor>
        <GBAuthor>Sisk,P.</GBAuthor>
        <GBAuthor>Sykes,S.</GBAuthor>
        <GBAuthor>Wortman,J.</GBAuthor>
        <GBAuthor>Nusbaum,C.</GBAuthor>
        <GBAuthor>Birren,B.</GBAuthor>
      </GBReference_authors>
      <GBReference_consortium>The Broad Institute Genomics Platform</GBReference_consortium>
      <GBReference_title>The Genome Sequence of Mucor circinelloides f. circinelloides 1006PhL</GBReference_title>
      <GBReference_journal>Unpublished</GBReference_journal>
    </GBReference>
    <GBReference>
      <GBReference_reference>2</GBReference_reference>
      <GBReference_position>1..199</GBReference_position>
      <GBReference_authors>
        <GBAuthor>Cuomo,C.</GBAuthor>
        <GBAuthor>Earl,A.</GBAuthor>
        <GBAuthor>Findley,K.</GBAuthor>
        <GBAuthor>Lee,S.C.</GBAuthor>
        <GBAuthor>Walker,B.</GBAuthor>
        <GBAuthor>Young,S.</GBAuthor>
        <GBAuthor>Zeng,Q.</GBAuthor>
        <GBAuthor>Gargeya,S.</GBAuthor>
        <GBAuthor>Fitzgerald,M.</GBAuthor>
        <GBAuthor>Haas,B.</GBAuthor>
        <GBAuthor>Abouelleil,A.</GBAuthor>
        <GBAuthor>Allen,A.W.</GBAuthor>
        <GBAuthor>Alvarado,L.</GBAuthor>
        <GBAuthor>Arachchi,H.M.</GBAuthor>
        <GBAuthor>Berlin,A.M.</GBAuthor>
        <GBAuthor>Chapman,S.B.</GBAuthor>
        <GBAuthor>Gainer-Dewar,J.</GBAuthor>
        <GBAuthor>Goldberg,J.</GBAuthor>
        <GBAuthor>Griggs,A.</GBAuthor>
        <GBAuthor>Gujja,S.</GBAuthor>
        <GBAuthor>Hansen,M.</GBAuthor>
        <GBAuthor>Howarth,C.</GBAuthor>
        <GBAuthor>Imamovic,A.</GBAuthor>
        <GBAuthor>Ireland,A.</GBAuthor>
        <GBAuthor>Larimer,J.</GBAuthor>
        <GBAuthor>McCowan,C.</GBAuthor>
        <GBAuthor>Murphy,C.</GBAuthor>
        <GBAuthor>Pearson,M.</GBAuthor>
        <GBAuthor>Poon,T.W.</GBAuthor>
        <GBAuthor>Priest,M.</GBAuthor>
        <GBAuthor>Roberts,A.</GBAuthor>
        <GBAuthor>Saif,S.</GBAuthor>
        <GBAuthor>Shea,T.</GBAuthor>
        <GBAuthor>Sisk,P.</GBAuthor>
        <GBAuthor>Sykes,S.</GBAuthor>
        <GBAuthor>Wortman,J.</GBAuthor>
        <GBAuthor>Nusbaum,C.</GBAuthor>
        <GBAuthor>Birren,B.</GBAuthor>
      </GBReference_authors>
      <GBReference_consortium>The Broad Institute Genomics Platform</GBReference_consortium>
      <GBReference_title>Direct Submission</GBReference_title>
      <GBReference_journal>Submitted (22-MAY-2013) Broad Institute of MIT and Harvard, 7 Cambridge Center, Cambridge, MA 02142, USA</GBReference_journal>
    </GBReference>
  </GBSeq_references>
  <GBSeq_comment>Method: conceptual translation.</GBSeq_comment>
  <GBSeq_source-db>accession KE124137.1</GBSeq_source-db>
  <GBSeq_feature-table>
    <GBFeature>
      <GBFeature_key>source</GBFeature_key>
      <GBFeature_location>1..199</GBFeature_location>
      <GBFeature_intervals>
        <GBInterval>
          <GBInterval_from>1</GBInterval_from>
          <GBInterval_to>199</GBInterval_to>
          <GBInterval_accession>EPB81984.1</GBInterval_accession>
        </GBInterval>
      </GBFeature_intervals>
      <GBFeature_quals>
        <GBQualifier>
          <GBQualifier_name>organism</GBQualifier_name>
          <GBQualifier_value>Mucor circinelloides f. circinelloides 1006PhL</GBQualifier_value>
        </GBQualifier>
        <GBQualifier>
          <GBQualifier_name>strain</GBQualifier_name>
          <GBQualifier_value>1006PhL</GBQualifier_value>
        </GBQualifier>
        <GBQualifier>
          <GBQualifier_name>db_xref</GBQualifier_name>
          <GBQualifier_value>HMP:1544</GBQualifier_value>
        </GBQualifier>
        <GBQualifier>
          <GBQualifier_name>db_xref</GBQualifier_name>
          <GBQualifier_value>taxon:1220926</GBQualifier_value>
        </GBQualifier>
        <GBQualifier>
          <GBQualifier_name>chromosome</GBQualifier_name>
          <GBQualifier_value>Unknown</GBQualifier_value>
        </GBQualifier>
        <GBQualifier>
          <GBQualifier_name>note</GBQualifier_name>
          <GBQualifier_value>forma: circinelloides</GBQualifier_value>
        </GBQualifier>
      </GBFeature_quals>
    </GBFeature>
    <GBFeature>
      <GBFeature_key>Protein</GBFeature_key>
      <GBFeature_location>1..199</GBFeature_location>
      <GBFeature_intervals>
        <GBInterval>
          <GBInterval_from>1</GBInterval_from>
          <GBInterval_to>199</GBInterval_to>
          <GBInterval_accession>EPB81984.1</GBInterval_accession>
        </GBInterval>
      </GBFeature_intervals>
      <GBFeature_quals>
        <GBQualifier>
          <GBQualifier_name>product</GBQualifier_name>
          <GBQualifier_value>dihydrofolate reductase</GBQualifier_value>
        </GBQualifier>
        <GBQualifier>
          <GBQualifier_name>calculated_mol_wt</GBQualifier_name>
          <GBQualifier_value>22555</GBQualifier_value>
        </GBQualifier>
      </GBFeature_quals>
    </GBFeature>
    <GBFeature>
      <GBFeature_key>Region</GBFeature_key>
      <GBFeature_location>6..197</GBFeature_location>
      <GBFeature_intervals>
        <GBInterval>
          <GBInterval_from>6</GBInterval_from>
          <GBInterval_to>197</GBInterval_to>
          <GBInterval_accession>EPB81984.1</GBInterval_accession>
        </GBInterval>
      </GBFeature_intervals>
      <GBFeature_quals>
        <GBQualifier>
          <GBQualifier_name>region_name</GBQualifier_name>
          <GBQualifier_value>DHFR</GBQualifier_value>
        </GBQualifier>
        <GBQualifier>
          <GBQualifier_name>note</GBQualifier_name>
          <GBQualifier_value>Dihydrofolate reductase (DHFR). Reduces 7,8-dihydrofolate to 5,6,7,8-tetrahydrofolate with NADPH as a cofactor. This is an essential step in the biosynthesis of deoxythymidine phosphate since 5,6,7,8-tetrahydrofolate is required to regenerate 5; cd00209</GBQualifier_value>
        </GBQualifier>
        <GBQualifier>
          <GBQualifier_name>db_xref</GBQualifier_name>
          <GBQualifier_value>CDD:238127</GBQualifier_value>
        </GBQualifier>
      </GBFeature_quals>
    </GBFeature>
    <GBFeature>
      <GBFeature_key>Site</GBFeature_key>
      <GBFeature_location>order(7,24,29,75,122,128,143)</GBFeature_location>
      <GBFeature_intervals>
        <GBInterval>
          <GBInterval_point>7</GBInterval_point>
          <GBInterval_accession>EPB81984.1</GBInterval_accession>
        </GBInterval>
        <GBInterval>
          <GBInterval_point>24</GBInterval_point>
          <GBInterval_accession>EPB81984.1</GBInterval_accession>
        </GBInterval>
        <GBInterval>
          <GBInterval_point>29</GBInterval_point>
          <GBInterval_accession>EPB81984.1</GBInterval_accession>
        </GBInterval>
        <GBInterval>
          <GBInterval_point>75</GBInterval_point>
          <GBInterval_accession>EPB81984.1</GBInterval_accession>
        </GBInterval>
        <GBInterval>
          <GBInterval_point>122</GBInterval_point>
          <GBInterval_accession>EPB81984.1</GBInterval_accession>
        </GBInterval>
        <GBInterval>
          <GBInterval_point>128</GBInterval_point>
          <GBInterval_accession>EPB81984.1</GBInterval_accession>
        </GBInterval>
        <GBInterval>
          <GBInterval_point>143</GBInterval_point>
          <GBInterval_accession>EPB81984.1</GBInterval_accession>
        </GBInterval>
      </GBFeature_intervals>
      <GBFeature_operator>order</GBFeature_operator>
      <GBFeature_quals>
        <GBQualifier>
          <GBQualifier_name>site_type</GBQualifier_name>
          <GBQualifier_value>other</GBQualifier_value>
        </GBQualifier>
        <GBQualifier>
          <GBQualifier_name>note</GBQualifier_name>
          <GBQualifier_value>folate binding site [chemical binding]</GBQualifier_value>
        </GBQualifier>
        <GBQualifier>
          <GBQualifier_name>db_xref</GBQualifier_name>
          <GBQualifier_value>CDD:238127</GBQualifier_value>
        </GBQualifier>
      </GBFeature_quals>
    </GBFeature>
    <GBFeature>
      <GBFeature_key>Site</GBFeature_key>
      <GBFeature_location>order(9,16,59..61,82,123..126)</GBFeature_location>
      <GBFeature_intervals>
        <GBInterval>
          <GBInterval_point>9</GBInterval_point>
          <GBInterval_accession>EPB81984.1</GBInterval_accession>
        </GBInterval>
        <GBInterval>
          <GBInterval_point>16</GBInterval_point>
          <GBInterval_accession>EPB81984.1</GBInterval_accession>
        </GBInterval>
        <GBInterval>
          <GBInterval_from>59</GBInterval_from>
          <GBInterval_to>61</GBInterval_to>
          <GBInterval_accession>EPB81984.1</GBInterval_accession>
        </GBInterval>
        <GBInterval>
          <GBInterval_point>82</GBInterval_point>
          <GBInterval_accession>EPB81984.1</GBInterval_accession>
        </GBInterval>
        <GBInterval>
          <GBInterval_from>123</GBInterval_from>
          <GBInterval_to>126</GBInterval_to>
          <GBInterval_accession>EPB81984.1</GBInterval_accession>
        </GBInterval>
      </GBFeature_intervals>
      <GBFeature_operator>order</GBFeature_operator>
      <GBFeature_quals>
        <GBQualifier>
          <GBQualifier_name>site_type</GBQualifier_name>
          <GBQualifier_value>other</GBQualifier_value>
        </GBQualifier>
        <GBQualifier>
          <GBQualifier_name>note</GBQualifier_name>
          <GBQualifier_value>NADP+ binding site [chemical binding]</GBQualifier_value>
        </GBQualifier>
        <GBQualifier>
          <GBQualifier_name>db_xref</GBQualifier_name>
          <GBQualifier_value>CDD:238127</GBQualifier_value>
        </GBQualifier>
      </GBFeature_quals>
    </GBFeature>
    <GBFeature>
      <GBFeature_key>CDS</GBFeature_key>
      <GBFeature_location>1..199</GBFeature_location>
      <GBFeature_intervals>
        <GBInterval>
          <GBInterval_from>1</GBInterval_from>
          <GBInterval_to>199</GBInterval_to>
          <GBInterval_accession>EPB81984.1</GBInterval_accession>
        </GBInterval>
      </GBFeature_intervals>
      <GBFeature_quals>
        <GBQualifier>
          <GBQualifier_name>locus_tag</GBQualifier_name>
          <GBQualifier_value>HMPREF1544_11300</GBQualifier_value>
        </GBQualifier>
        <GBQualifier>
          <GBQualifier_name>coded_by</GBQualifier_name>
          <GBQualifier_value>complement(join(KE124137.1:49531..49867,KE124137.1:49920..50182))</GBQualifier_value>
        </GBQualifier>
      </GBFeature_quals>
    </GBFeature>
  </GBSeq_feature-table>
  <GBSeq_sequence>mtqfglivaateelgigllsnlpwripkdmaffkhvtshvpkalqqqqssvqnavimgrvtwesippkfrpldnrynivvsrnptydlfladatqqstvlvdslesafkavdpikharvfviggaqmynlaiqhadcshilltrvkskvncdtffptiddkkfrlashqeledyveqpvpqgiqkhkeleyeftlyikq</GBSeq_sequence>
  <GBSeq_xrefs>
    <GBXref>
      <GBXref_dbname>BioProject</GBXref_dbname>
      <GBXref_id>PRJNA172437</GBXref_id>
    </GBXref>
    <GBXref>
      <GBXref_dbname>BioSample</GBXref_dbname>
      <GBXref_id>SAMN00103456</GBXref_id>
    </GBXref>
  </GBSeq_xrefs>
</GBSeq>

</GBSet>

