<?xml version="1.0" ?>
<!DOCTYPE GBSet PUBLIC "-//NCBI//NCBI GBSeq/EN" "https://www.ncbi.nlm.nih.gov/dtd/NCBI_GBSeq.dtd">
<GBSet>
<GBSeq>
  <GBSeq_locus>EPD29446</GBSeq_locus>
  <GBSeq_length>185</GBSeq_length>
  <GBSeq_moltype>AA</GBSeq_moltype>
  <GBSeq_topology>linear</GBSeq_topology>
  <GBSeq_division>BCT</GBSeq_division>
  <GBSeq_update-date>13-JUN-2013</GBSeq_update-date>
  <GBSeq_create-date>13-JUN-2013</GBSeq_create-date>
  <GBSeq_definition>hypothetical protein HMPREF9238_01583 [Actinomyces europaeus ACS-120-V-Col10b]</GBSeq_definition>
  <GBSeq_primary-accession>EPD29446</GBSeq_primary-accession>
  <GBSeq_accession-version>EPD29446.1</GBSeq_accession-version>
  <GBSeq_other-seqids>
    <GBSeqid>gb|EPD29446.1|</GBSeqid>
    <GBSeqid>gnl|WGS:AGWN|HMPREF9238_01583T0</GBSeqid>
    <GBSeqid>gi|512029405</GBSeqid>
  </GBSeq_other-seqids>
  <GBSeq_project>PRJNA52095</GBSeq_project>
  <GBSeq_keywords>
    <GBKeyword>HIGH_QUALITY_DRAFT</GBKeyword>
  </GBSeq_keywords>
  <GBSeq_source>Actinomyces europaeus ACS-120-V-Col10b</GBSeq_source>
  <GBSeq_organism>Actinomyces europaeus ACS-120-V-Col10b</GBSeq_organism>
  <GBSeq_taxonomy>Bacteria; Actinobacteria; Actinomycetales; Actinomycetaceae; Actinomyces</GBSeq_taxonomy>
  <GBSeq_references>
    <GBReference>
      <GBReference_reference>1</GBReference_reference>
      <GBReference_position>1..185</GBReference_position>
      <GBReference_authors>
        <GBAuthor>Earl,A.</GBAuthor>
        <GBAuthor>Ward,D.</GBAuthor>
        <GBAuthor>Feldgarden,M.</GBAuthor>
        <GBAuthor>Gevers,D.</GBAuthor>
        <GBAuthor>Saerens,B.</GBAuthor>
        <GBAuthor>Vaneechoutte,M.</GBAuthor>
        <GBAuthor>Walker,B.</GBAuthor>
        <GBAuthor>Young,S.</GBAuthor>
        <GBAuthor>Zeng,Q.</GBAuthor>
        <GBAuthor>Gargeya,S.</GBAuthor>
        <GBAuthor>Fitzgerald,M.</GBAuthor>
        <GBAuthor>Haas,B.</GBAuthor>
        <GBAuthor>Abouelleil,A.</GBAuthor>
        <GBAuthor>Allen,A.W.</GBAuthor>
        <GBAuthor>Alvarado,L.</GBAuthor>
        <GBAuthor>Arachchi,H.M.</GBAuthor>
        <GBAuthor>Berlin,A.M.</GBAuthor>
        <GBAuthor>Chapman,S.B.</GBAuthor>
        <GBAuthor>Gainer-Dewar,J.</GBAuthor>
        <GBAuthor>Goldberg,J.</GBAuthor>
        <GBAuthor>Griggs,A.</GBAuthor>
        <GBAuthor>Gujja,S.</GBAuthor>
        <GBAuthor>Hansen,M.</GBAuthor>
        <GBAuthor>Howarth,C.</GBAuthor>
        <GBAuthor>Imamovic,A.</GBAuthor>
        <GBAuthor>Ireland,A.</GBAuthor>
        <GBAuthor>Larimer,J.</GBAuthor>
        <GBAuthor>McCowan,C.</GBAuthor>
        <GBAuthor>Murphy,C.</GBAuthor>
        <GBAuthor>Pearson,M.</GBAuthor>
        <GBAuthor>Poon,T.W.</GBAuthor>
        <GBAuthor>Priest,M.</GBAuthor>
        <GBAuthor>Roberts,A.</GBAuthor>
        <GBAuthor>Saif,S.</GBAuthor>
        <GBAuthor>Shea,T.</GBAuthor>
        <GBAuthor>Sisk,P.</GBAuthor>
        <GBAuthor>Sykes,S.</GBAuthor>
        <GBAuthor>Wortman,J.</GBAuthor>
        <GBAuthor>Nusbaum,C.</GBAuthor>
        <GBAuthor>Birren,B.</GBAuthor>
      </GBReference_authors>
      <GBReference_consortium>The Broad Institute Genomics Platform</GBReference_consortium>
      <GBReference_title>The Genome Sequence of Actinomyces europaeus ACS-120-V-COL10B</GBReference_title>
      <GBReference_journal>Unpublished</GBReference_journal>
    </GBReference>
    <GBReference>
      <GBReference_reference>2</GBReference_reference>
      <GBReference_position>1..185</GBReference_position>
      <GBReference_authors>
        <GBAuthor>Earl,A.</GBAuthor>
        <GBAuthor>Ward,D.</GBAuthor>
        <GBAuthor>Feldgarden,M.</GBAuthor>
        <GBAuthor>Gevers,D.</GBAuthor>
        <GBAuthor>Saerens,B.</GBAuthor>
        <GBAuthor>Vaneechoutte,M.</GBAuthor>
        <GBAuthor>Walker,B.</GBAuthor>
        <GBAuthor>Young,S.</GBAuthor>
        <GBAuthor>Zeng,Q.</GBAuthor>
        <GBAuthor>Gargeya,S.</GBAuthor>
        <GBAuthor>Fitzgerald,M.</GBAuthor>
        <GBAuthor>Haas,B.</GBAuthor>
        <GBAuthor>Abouelleil,A.</GBAuthor>
        <GBAuthor>Allen,A.W.</GBAuthor>
        <GBAuthor>Alvarado,L.</GBAuthor>
        <GBAuthor>Arachchi,H.M.</GBAuthor>
        <GBAuthor>Berlin,A.M.</GBAuthor>
        <GBAuthor>Chapman,S.B.</GBAuthor>
        <GBAuthor>Gainer-Dewar,J.</GBAuthor>
        <GBAuthor>Goldberg,J.</GBAuthor>
        <GBAuthor>Griggs,A.</GBAuthor>
        <GBAuthor>Gujja,S.</GBAuthor>
        <GBAuthor>Hansen,M.</GBAuthor>
        <GBAuthor>Howarth,C.</GBAuthor>
        <GBAuthor>Imamovic,A.</GBAuthor>
        <GBAuthor>Ireland,A.</GBAuthor>
        <GBAuthor>Larimer,J.</GBAuthor>
        <GBAuthor>McCowan,C.</GBAuthor>
        <GBAuthor>Murphy,C.</GBAuthor>
        <GBAuthor>Pearson,M.</GBAuthor>
        <GBAuthor>Poon,T.W.</GBAuthor>
        <GBAuthor>Priest,M.</GBAuthor>
        <GBAuthor>Roberts,A.</GBAuthor>
        <GBAuthor>Saif,S.</GBAuthor>
        <GBAuthor>Shea,T.</GBAuthor>
        <GBAuthor>Sisk,P.</GBAuthor>
        <GBAuthor>Sykes,S.</GBAuthor>
        <GBAuthor>Wortman,J.</GBAuthor>
        <GBAuthor>Nusbaum,C.</GBAuthor>
        <GBAuthor>Birren,B.</GBAuthor>
      </GBReference_authors>
      <GBReference_consortium>The Broad Institute Genomics Platform</GBReference_consortium>
      <GBReference_title>Direct Submission</GBReference_title>
      <GBReference_journal>Submitted (01-MAY-2013) Broad Institute of MIT and Harvard, 7 Cambridge Center, Cambridge, MA 02142, USA</GBReference_journal>
    </GBReference>
  </GBSeq_references>
  <GBSeq_comment>This is a reference genome for the Human Microbiome Project. This project is co-owned with the Human Microbiome Project DACC.~Source DNA provided by Bart Saerens and Mario Vaneechoutte (GOA, University of Ghent, Belgium).~Bacteria provided by Bart Saerens and Mario Vaneechoutte (GOA, University of Ghent, Belgium). ~Please be aware that the annotation is done automatically with little or no manual curation.~Gene Calling Method: Prodigal.; ##Genome-Assembly-Data-START## Finishing Goal High-Quality Draft Current Finishing Status High-Quality Draft Assembly Method allpaths v. R41370 Assembly Name Acti_euro_ACS-120-V-COL10B_V1 Genome Coverage 109.0x Sequencing Technology Illumina ##Genome-Assembly-Data-END##; Method: conceptual translation.</GBSeq_comment>
  <GBSeq_source-db>accession AGWN01000003.1</GBSeq_source-db>
  <GBSeq_feature-table>
    <GBFeature>
      <GBFeature_key>source</GBFeature_key>
      <GBFeature_location>1..185</GBFeature_location>
      <GBFeature_intervals>
        <GBInterval>
          <GBInterval_from>1</GBInterval_from>
          <GBInterval_to>185</GBInterval_to>
          <GBInterval_accession>EPD29446.1</GBInterval_accession>
        </GBInterval>
      </GBFeature_intervals>
      <GBFeature_quals>
        <GBQualifier>
          <GBQualifier_name>organism</GBQualifier_name>
          <GBQualifier_value>Actinomyces europaeus ACS-120-V-Col10b</GBQualifier_value>
        </GBQualifier>
        <GBQualifier>
          <GBQualifier_name>strain</GBQualifier_name>
          <GBQualifier_value>ACS-120-V-Col10b</GBQualifier_value>
        </GBQualifier>
        <GBQualifier>
          <GBQualifier_name>db_xref</GBQualifier_name>
          <GBQualifier_value>HMP:9238</GBQualifier_value>
        </GBQualifier>
        <GBQualifier>
          <GBQualifier_name>db_xref</GBQualifier_name>
          <GBQualifier_value>taxon:883069</GBQualifier_value>
        </GBQualifier>
      </GBFeature_quals>
    </GBFeature>
    <GBFeature>
      <GBFeature_key>Protein</GBFeature_key>
      <GBFeature_location>1..185</GBFeature_location>
      <GBFeature_intervals>
        <GBInterval>
          <GBInterval_from>1</GBInterval_from>
          <GBInterval_to>185</GBInterval_to>
          <GBInterval_accession>EPD29446.1</GBInterval_accession>
        </GBInterval>
      </GBFeature_intervals>
      <GBFeature_quals>
        <GBQualifier>
          <GBQualifier_name>product</GBQualifier_name>
          <GBQualifier_value>hypothetical protein</GBQualifier_value>
        </GBQualifier>
        <GBQualifier>
          <GBQualifier_name>calculated_mol_wt</GBQualifier_name>
          <GBQualifier_value>19848</GBQualifier_value>
        </GBQualifier>
      </GBFeature_quals>
    </GBFeature>
    <GBFeature>
      <GBFeature_key>Region</GBFeature_key>
      <GBFeature_location>16..155</GBFeature_location>
      <GBFeature_intervals>
        <GBInterval>
          <GBInterval_from>16</GBInterval_from>
          <GBInterval_to>155</GBInterval_to>
          <GBInterval_accession>EPD29446.1</GBInterval_accession>
        </GBInterval>
      </GBFeature_intervals>
      <GBFeature_quals>
        <GBQualifier>
          <GBQualifier_name>region_name</GBQualifier_name>
          <GBQualifier_value>DHFR</GBQualifier_value>
        </GBQualifier>
        <GBQualifier>
          <GBQualifier_name>note</GBQualifier_name>
          <GBQualifier_value>Dihydrofolate reductase (DHFR). Reduces 7,8-dihydrofolate to 5,6,7,8-tetrahydrofolate with NADPH as a cofactor. This is an essential step in the biosynthesis of deoxythymidine phosphate since 5,6,7,8-tetrahydrofolate is required to regenerate 5; cl17279</GBQualifier_value>
        </GBQualifier>
        <GBQualifier>
          <GBQualifier_name>db_xref</GBQualifier_name>
          <GBQualifier_value>CDD:302636</GBQualifier_value>
        </GBQualifier>
      </GBFeature_quals>
    </GBFeature>
    <GBFeature>
      <GBFeature_key>Site</GBFeature_key>
      <GBFeature_location>order(20,37,42,73,112,118,131)</GBFeature_location>
      <GBFeature_intervals>
        <GBInterval>
          <GBInterval_point>20</GBInterval_point>
          <GBInterval_accession>EPD29446.1</GBInterval_accession>
        </GBInterval>
        <GBInterval>
          <GBInterval_point>37</GBInterval_point>
          <GBInterval_accession>EPD29446.1</GBInterval_accession>
        </GBInterval>
        <GBInterval>
          <GBInterval_point>42</GBInterval_point>
          <GBInterval_accession>EPD29446.1</GBInterval_accession>
        </GBInterval>
        <GBInterval>
          <GBInterval_point>73</GBInterval_point>
          <GBInterval_accession>EPD29446.1</GBInterval_accession>
        </GBInterval>
        <GBInterval>
          <GBInterval_point>112</GBInterval_point>
          <GBInterval_accession>EPD29446.1</GBInterval_accession>
        </GBInterval>
        <GBInterval>
          <GBInterval_point>118</GBInterval_point>
          <GBInterval_accession>EPD29446.1</GBInterval_accession>
        </GBInterval>
        <GBInterval>
          <GBInterval_point>131</GBInterval_point>
          <GBInterval_accession>EPD29446.1</GBInterval_accession>
        </GBInterval>
      </GBFeature_intervals>
      <GBFeature_operator>order</GBFeature_operator>
      <GBFeature_quals>
        <GBQualifier>
          <GBQualifier_name>site_type</GBQualifier_name>
          <GBQualifier_value>other</GBQualifier_value>
        </GBQualifier>
        <GBQualifier>
          <GBQualifier_name>note</GBQualifier_name>
          <GBQualifier_value>folate binding site [chemical binding]</GBQualifier_value>
        </GBQualifier>
        <GBQualifier>
          <GBQualifier_name>db_xref</GBQualifier_name>
          <GBQualifier_value>CDD:238127</GBQualifier_value>
        </GBQualifier>
      </GBFeature_quals>
    </GBFeature>
    <GBFeature>
      <GBFeature_key>Site</GBFeature_key>
      <GBFeature_location>order(22,29,59..61,80,113..116)</GBFeature_location>
      <GBFeature_intervals>
        <GBInterval>
          <GBInterval_point>22</GBInterval_point>
          <GBInterval_accession>EPD29446.1</GBInterval_accession>
        </GBInterval>
        <GBInterval>
          <GBInterval_point>29</GBInterval_point>
          <GBInterval_accession>EPD29446.1</GBInterval_accession>
        </GBInterval>
        <GBInterval>
          <GBInterval_from>59</GBInterval_from>
          <GBInterval_to>61</GBInterval_to>
          <GBInterval_accession>EPD29446.1</GBInterval_accession>
        </GBInterval>
        <GBInterval>
          <GBInterval_point>80</GBInterval_point>
          <GBInterval_accession>EPD29446.1</GBInterval_accession>
        </GBInterval>
        <GBInterval>
          <GBInterval_from>113</GBInterval_from>
          <GBInterval_to>116</GBInterval_to>
          <GBInterval_accession>EPD29446.1</GBInterval_accession>
        </GBInterval>
      </GBFeature_intervals>
      <GBFeature_operator>order</GBFeature_operator>
      <GBFeature_quals>
        <GBQualifier>
          <GBQualifier_name>site_type</GBQualifier_name>
          <GBQualifier_value>other</GBQualifier_value>
        </GBQualifier>
        <GBQualifier>
          <GBQualifier_name>note</GBQualifier_name>
          <GBQualifier_value>NADP+ binding site [chemical binding]</GBQualifier_value>
        </GBQualifier>
        <GBQualifier>
          <GBQualifier_name>db_xref</GBQualifier_name>
          <GBQualifier_value>CDD:238127</GBQualifier_value>
        </GBQualifier>
      </GBFeature_quals>
    </GBFeature>
    <GBFeature>
      <GBFeature_key>CDS</GBFeature_key>
      <GBFeature_location>1..185</GBFeature_location>
      <GBFeature_intervals>
        <GBInterval>
          <GBInterval_from>1</GBInterval_from>
          <GBInterval_to>185</GBInterval_to>
          <GBInterval_accession>EPD29446.1</GBInterval_accession>
        </GBInterval>
      </GBFeature_intervals>
      <GBFeature_quals>
        <GBQualifier>
          <GBQualifier_name>locus_tag</GBQualifier_name>
          <GBQualifier_value>HMPREF9238_01583</GBQualifier_value>
        </GBQualifier>
        <GBQualifier>
          <GBQualifier_name>coded_by</GBQualifier_name>
          <GBQualifier_value>AGWN01000003.1:18580..19137</GBQualifier_value>
        </GBQualifier>
        <GBQualifier>
          <GBQualifier_name>transl_table</GBQualifier_name>
          <GBQualifier_value>11</GBQualifier_value>
        </GBQualifier>
      </GBFeature_quals>
    </GBFeature>
  </GBSeq_feature-table>
  <GBSeq_sequence>mevglvaeqdgwcpmtvamiwaqdvngvlgngremlwhvpgdfkhfkaatlghpvimgrgswealggkplpgrlnvvitgqegyeaegaevahslgqavavartsaelvwivggarvyaeamgiadelvvtdldlevapapdlvyaptidaetwqadpersdaqwrtqsgdarwkvttyvrrraa</GBSeq_sequence>
  <GBSeq_xrefs>
    <GBXref>
      <GBXref_dbname>BioProject</GBXref_dbname>
      <GBXref_id>PRJNA52095</GBXref_id>
    </GBXref>
    <GBXref>
      <GBXref_dbname>BioSample</GBXref_dbname>
      <GBXref_id>SAMN02596752</GBXref_id>
    </GBXref>
  </GBSeq_xrefs>
</GBSeq>

</GBSet>

