<?xml version="1.0" ?>
<!DOCTYPE GBSet PUBLIC "-//NCBI//NCBI GBSeq/EN" "https://www.ncbi.nlm.nih.gov/dtd/NCBI_GBSeq.dtd">
<GBSet>
<GBSeq>
  <GBSeq_locus>EPR27495</GBSeq_locus>
  <GBSeq_length>187</GBSeq_length>
  <GBSeq_moltype>AA</GBSeq_moltype>
  <GBSeq_topology>linear</GBSeq_topology>
  <GBSeq_division>BCT</GBSeq_division>
  <GBSeq_update-date>11-JUL-2013</GBSeq_update-date>
  <GBSeq_create-date>11-JUL-2013</GBSeq_create-date>
  <GBSeq_definition>Dihydrofolate reductase [Geobacillus sp. WSUCF1]</GBSeq_definition>
  <GBSeq_primary-accession>EPR27495</GBSeq_primary-accession>
  <GBSeq_accession-version>EPR27495.1</GBSeq_accession-version>
  <GBSeq_other-seqids>
    <GBSeqid>gb|EPR27495.1|</GBSeqid>
    <GBSeqid>gnl|WGS:ATCO|I656_02855</GBSeqid>
    <GBSeqid>gi|523427299</GBSeqid>
  </GBSeq_other-seqids>
  <GBSeq_project>PRJNA192273</GBSeq_project>
  <GBSeq_source>Geobacillus sp. WSUCF1</GBSeq_source>
  <GBSeq_organism>Geobacillus sp. WSUCF1</GBSeq_organism>
  <GBSeq_taxonomy>Bacteria; Firmicutes; Bacilli; Bacillales; Bacillaceae; Geobacillus</GBSeq_taxonomy>
  <GBSeq_references>
    <GBReference>
      <GBReference_reference>1</GBReference_reference>
      <GBReference_position>1..187</GBReference_position>
      <GBReference_authors>
        <GBAuthor>Bhalla,A.</GBAuthor>
        <GBAuthor>Kainth,A.S.</GBAuthor>
        <GBAuthor>Sani,R.K.</GBAuthor>
      </GBReference_authors>
      <GBReference_title>Draft Genome Sequence of Lignocellulose-Degrading Thermophilic Bacterium Geobacillus sp. Strain WSUCF1</GBReference_title>
      <GBReference_journal>Genome Announc 1 (4), e00595-13 (2013)</GBReference_journal>
      <GBReference_xref>
        <GBXref>
          <GBXref_dbname>doi</GBXref_dbname>
          <GBXref_id>10.1128/genomeA.00595-13</GBXref_id>
        </GBXref>
      </GBReference_xref>
      <GBReference_pubmed>23950119</GBReference_pubmed>
      <GBReference_remark>Publication Status: Online-Only</GBReference_remark>
    </GBReference>
    <GBReference>
      <GBReference_reference>2</GBReference_reference>
      <GBReference_position>1..187</GBReference_position>
      <GBReference_authors>
        <GBAuthor>Bhalla,A.</GBAuthor>
        <GBAuthor>Kainth,A.S.</GBAuthor>
        <GBAuthor>Sani,R.K.</GBAuthor>
      </GBReference_authors>
      <GBReference_title>Direct Submission</GBReference_title>
      <GBReference_journal>Submitted (04-JUN-2013) Chemical and Biological Engineering, South Dakota School of Mines and Technology, 501 E St. Joseph St., Rapid City, SD 57701, USA</GBReference_journal>
    </GBReference>
  </GBSeq_references>
  <GBSeq_comment>Source DNA available from Rajesh Sani, Department of Chemical and Biological Engineering &amp; Chemistry and Applied Biological Sciences, South Dakota School of Mines and Technology, 501 East St. Joseph Street, Rapid City, SD 57701-3995, USA; ##Genome-Assembly-Data-START## Assembly Method CLC NGS Cell Genomics Workbench v. 6.0.1 Assembly Name DUJ Genome Coverage 70.0x Sequencing Technology IonTorrent ##Genome-Assembly-Data-END##; Method: conceptual translation.</GBSeq_comment>
  <GBSeq_source-db>accession ATCO01000124.1</GBSeq_source-db>
  <GBSeq_feature-table>
    <GBFeature>
      <GBFeature_key>source</GBFeature_key>
      <GBFeature_location>1..187</GBFeature_location>
      <GBFeature_intervals>
        <GBInterval>
          <GBInterval_from>1</GBInterval_from>
          <GBInterval_to>187</GBInterval_to>
          <GBInterval_accession>EPR27495.1</GBInterval_accession>
        </GBInterval>
      </GBFeature_intervals>
      <GBFeature_quals>
        <GBQualifier>
          <GBQualifier_name>organism</GBQualifier_name>
          <GBQualifier_value>Geobacillus sp. WSUCF1</GBQualifier_value>
        </GBQualifier>
        <GBQualifier>
          <GBQualifier_name>strain</GBQualifier_name>
          <GBQualifier_value>WSUCF1</GBQualifier_value>
        </GBQualifier>
        <GBQualifier>
          <GBQualifier_name>isolation_source</GBQualifier_name>
          <GBQualifier_value>soil from a compost facility at Washington State University</GBQualifier_value>
        </GBQualifier>
        <GBQualifier>
          <GBQualifier_name>db_xref</GBQualifier_name>
          <GBQualifier_value>taxon:886559</GBQualifier_value>
        </GBQualifier>
        <GBQualifier>
          <GBQualifier_name>country</GBQualifier_name>
          <GBQualifier_value>USA: WA</GBQualifier_value>
        </GBQualifier>
      </GBFeature_quals>
    </GBFeature>
    <GBFeature>
      <GBFeature_key>Protein</GBFeature_key>
      <GBFeature_location>1..187</GBFeature_location>
      <GBFeature_intervals>
        <GBInterval>
          <GBInterval_from>1</GBInterval_from>
          <GBInterval_to>187</GBInterval_to>
          <GBInterval_accession>EPR27495.1</GBInterval_accession>
        </GBInterval>
      </GBFeature_intervals>
      <GBFeature_quals>
        <GBQualifier>
          <GBQualifier_name>product</GBQualifier_name>
          <GBQualifier_value>Dihydrofolate reductase</GBQualifier_value>
        </GBQualifier>
        <GBQualifier>
          <GBQualifier_name>EC_number</GBQualifier_name>
          <GBQualifier_value>1.5.1.3</GBQualifier_value>
        </GBQualifier>
        <GBQualifier>
          <GBQualifier_name>calculated_mol_wt</GBQualifier_name>
          <GBQualifier_value>21357</GBQualifier_value>
        </GBQualifier>
      </GBFeature_quals>
    </GBFeature>
    <GBFeature>
      <GBFeature_key>Region</GBFeature_key>
      <GBFeature_location>24..183</GBFeature_location>
      <GBFeature_intervals>
        <GBInterval>
          <GBInterval_from>24</GBInterval_from>
          <GBInterval_to>183</GBInterval_to>
          <GBInterval_accession>EPR27495.1</GBInterval_accession>
        </GBInterval>
      </GBFeature_intervals>
      <GBFeature_quals>
        <GBQualifier>
          <GBQualifier_name>region_name</GBQualifier_name>
          <GBQualifier_value>DHFR_1</GBQualifier_value>
        </GBQualifier>
        <GBQualifier>
          <GBQualifier_name>note</GBQualifier_name>
          <GBQualifier_value>Dihydrofolate reductase; pfam00186</GBQualifier_value>
        </GBQualifier>
        <GBQualifier>
          <GBQualifier_name>db_xref</GBQualifier_name>
          <GBQualifier_value>CDD:278610</GBQualifier_value>
        </GBQualifier>
      </GBFeature_quals>
    </GBFeature>
    <GBFeature>
      <GBFeature_key>Site</GBFeature_key>
      <GBFeature_location>order(28,45,50,80,119,125,138)</GBFeature_location>
      <GBFeature_intervals>
        <GBInterval>
          <GBInterval_point>28</GBInterval_point>
          <GBInterval_accession>EPR27495.1</GBInterval_accession>
        </GBInterval>
        <GBInterval>
          <GBInterval_point>45</GBInterval_point>
          <GBInterval_accession>EPR27495.1</GBInterval_accession>
        </GBInterval>
        <GBInterval>
          <GBInterval_point>50</GBInterval_point>
          <GBInterval_accession>EPR27495.1</GBInterval_accession>
        </GBInterval>
        <GBInterval>
          <GBInterval_point>80</GBInterval_point>
          <GBInterval_accession>EPR27495.1</GBInterval_accession>
        </GBInterval>
        <GBInterval>
          <GBInterval_point>119</GBInterval_point>
          <GBInterval_accession>EPR27495.1</GBInterval_accession>
        </GBInterval>
        <GBInterval>
          <GBInterval_point>125</GBInterval_point>
          <GBInterval_accession>EPR27495.1</GBInterval_accession>
        </GBInterval>
        <GBInterval>
          <GBInterval_point>138</GBInterval_point>
          <GBInterval_accession>EPR27495.1</GBInterval_accession>
        </GBInterval>
      </GBFeature_intervals>
      <GBFeature_operator>order</GBFeature_operator>
      <GBFeature_quals>
        <GBQualifier>
          <GBQualifier_name>site_type</GBQualifier_name>
          <GBQualifier_value>other</GBQualifier_value>
        </GBQualifier>
        <GBQualifier>
          <GBQualifier_name>note</GBQualifier_name>
          <GBQualifier_value>folate binding site [chemical binding]</GBQualifier_value>
        </GBQualifier>
        <GBQualifier>
          <GBQualifier_name>db_xref</GBQualifier_name>
          <GBQualifier_value>CDD:238127</GBQualifier_value>
        </GBQualifier>
      </GBFeature_quals>
    </GBFeature>
    <GBFeature>
      <GBFeature_key>Site</GBFeature_key>
      <GBFeature_location>order(30,37,67..69,87,120..123)</GBFeature_location>
      <GBFeature_intervals>
        <GBInterval>
          <GBInterval_point>30</GBInterval_point>
          <GBInterval_accession>EPR27495.1</GBInterval_accession>
        </GBInterval>
        <GBInterval>
          <GBInterval_point>37</GBInterval_point>
          <GBInterval_accession>EPR27495.1</GBInterval_accession>
        </GBInterval>
        <GBInterval>
          <GBInterval_from>67</GBInterval_from>
          <GBInterval_to>69</GBInterval_to>
          <GBInterval_accession>EPR27495.1</GBInterval_accession>
        </GBInterval>
        <GBInterval>
          <GBInterval_point>87</GBInterval_point>
          <GBInterval_accession>EPR27495.1</GBInterval_accession>
        </GBInterval>
        <GBInterval>
          <GBInterval_from>120</GBInterval_from>
          <GBInterval_to>123</GBInterval_to>
          <GBInterval_accession>EPR27495.1</GBInterval_accession>
        </GBInterval>
      </GBFeature_intervals>
      <GBFeature_operator>order</GBFeature_operator>
      <GBFeature_quals>
        <GBQualifier>
          <GBQualifier_name>site_type</GBQualifier_name>
          <GBQualifier_value>other</GBQualifier_value>
        </GBQualifier>
        <GBQualifier>
          <GBQualifier_name>note</GBQualifier_name>
          <GBQualifier_value>NADP+ binding site [chemical binding]</GBQualifier_value>
        </GBQualifier>
        <GBQualifier>
          <GBQualifier_name>db_xref</GBQualifier_name>
          <GBQualifier_value>CDD:238127</GBQualifier_value>
        </GBQualifier>
      </GBFeature_quals>
    </GBFeature>
    <GBFeature>
      <GBFeature_key>CDS</GBFeature_key>
      <GBFeature_location>1..187</GBFeature_location>
      <GBFeature_intervals>
        <GBInterval>
          <GBInterval_from>1</GBInterval_from>
          <GBInterval_to>187</GBInterval_to>
          <GBInterval_accession>EPR27495.1</GBInterval_accession>
        </GBInterval>
      </GBFeature_intervals>
      <GBFeature_quals>
        <GBQualifier>
          <GBQualifier_name>locus_tag</GBQualifier_name>
          <GBQualifier_value>I656_02855</GBQualifier_value>
        </GBQualifier>
        <GBQualifier>
          <GBQualifier_name>coded_by</GBQualifier_name>
          <GBQualifier_value>ATCO01000124.1:13433..13996</GBQualifier_value>
        </GBQualifier>
        <GBQualifier>
          <GBQualifier_name>transl_table</GBQualifier_name>
          <GBQualifier_value>11</GBQualifier_value>
        </GBQualifier>
      </GBFeature_quals>
    </GBFeature>
  </GBSeq_feature-table>
  <GBSeq_sequence>mklsattrirrlkhrwlckgedamishivamdenrvigkdnrlpwhlpadlayfkrvtmghaivmgrktfeaigrplpgrdnvvvtrnrsfrpegclvlhsleavkqwiasradevfiiggaelfratmpivdrlyvtkifasfpgdtfyppisddeweivsytpggkdeknpyehafiiyerkkak</GBSeq_sequence>
  <GBSeq_xrefs>
    <GBXref>
      <GBXref_dbname>BioProject</GBXref_dbname>
      <GBXref_id>PRJNA192273</GBXref_id>
    </GBXref>
    <GBXref>
      <GBXref_dbname>BioSample</GBXref_dbname>
      <GBXref_id>SAMN02471005</GBXref_id>
    </GBXref>
  </GBSeq_xrefs>
</GBSeq>

</GBSet>

