<?xml version="1.0" ?>
<!DOCTYPE GBSet PUBLIC "-//NCBI//NCBI GBSeq/EN" "https://www.ncbi.nlm.nih.gov/dtd/NCBI_GBSeq.dtd">
<GBSet>
<GBSeq>
  <GBSeq_locus>EQQ30554</GBSeq_locus>
  <GBSeq_length>196</GBSeq_length>
  <GBSeq_moltype>AA</GBSeq_moltype>
  <GBSeq_topology>linear</GBSeq_topology>
  <GBSeq_division>BCT</GBSeq_division>
  <GBSeq_update-date>28-AUG-2013</GBSeq_update-date>
  <GBSeq_create-date>28-AUG-2013</GBSeq_create-date>
  <GBSeq_definition>dihydrofolate reductase [Escherichia coli HVH 91 (4-4638751)]</GBSeq_definition>
  <GBSeq_primary-accession>EQQ30554</GBSeq_primary-accession>
  <GBSeq_accession-version>EQQ30554.1</GBSeq_accession-version>
  <GBSeq_other-seqids>
    <GBSeqid>gb|EQQ30554.1|</GBSeqid>
    <GBSeqid>gnl|WGS:AVVM|G753_00045T0</GBSeqid>
    <GBSeqid>gi|534880367</GBSeqid>
  </GBSeq_other-seqids>
  <GBSeq_project>PRJNA186113</GBSeq_project>
  <GBSeq_source>Escherichia coli HVH 91 (4-4638751)</GBSeq_source>
  <GBSeq_organism>Escherichia coli HVH 91 (4-4638751)</GBSeq_organism>
  <GBSeq_taxonomy>Bacteria; Proteobacteria; Gammaproteobacteria; Enterobacteriales; Enterobacteriaceae; Escherichia</GBSeq_taxonomy>
  <GBSeq_references>
    <GBReference>
      <GBReference_reference>1</GBReference_reference>
      <GBReference_position>1..196</GBReference_position>
      <GBReference_authors>
        <GBAuthor>Feldgarden,M.</GBAuthor>
        <GBAuthor>Frimodt-Moller,N.</GBAuthor>
        <GBAuthor>Leihof,R.F.</GBAuthor>
        <GBAuthor>Rasmussen,L.</GBAuthor>
        <GBAuthor>Young,S.K.</GBAuthor>
        <GBAuthor>Zeng,Q.</GBAuthor>
        <GBAuthor>Gargeya,S.</GBAuthor>
        <GBAuthor>Abouelleil,A.</GBAuthor>
        <GBAuthor>Alvarado,L.</GBAuthor>
        <GBAuthor>Berlin,A.M.</GBAuthor>
        <GBAuthor>Chapman,S.B.</GBAuthor>
        <GBAuthor>Gainer-Dewar,J.</GBAuthor>
        <GBAuthor>Goldberg,J.</GBAuthor>
        <GBAuthor>Gnerre,S.</GBAuthor>
        <GBAuthor>Griggs,A.</GBAuthor>
        <GBAuthor>Gujja,S.</GBAuthor>
        <GBAuthor>Hansen,M.</GBAuthor>
        <GBAuthor>Howarth,C.</GBAuthor>
        <GBAuthor>Imamovic,A.</GBAuthor>
        <GBAuthor>Larimer,J.</GBAuthor>
        <GBAuthor>McCowan,C.</GBAuthor>
        <GBAuthor>Murphy,C.</GBAuthor>
        <GBAuthor>Pearson,M.</GBAuthor>
        <GBAuthor>Poon,T.</GBAuthor>
        <GBAuthor>Priest,M.</GBAuthor>
        <GBAuthor>Roberts,A.</GBAuthor>
        <GBAuthor>Saif,S.</GBAuthor>
        <GBAuthor>Shea,T.</GBAuthor>
        <GBAuthor>Sykes,S.</GBAuthor>
        <GBAuthor>Wortman,J.</GBAuthor>
        <GBAuthor>Nusbaum,C.</GBAuthor>
        <GBAuthor>Birren,B.</GBAuthor>
      </GBReference_authors>
      <GBReference_consortium>The Broad Institute Genome Sequencing Platform, The Broad Institute Genome Sequencing Center for Infectious Disease</GBReference_consortium>
      <GBReference_title>The Genome Sequence of Escherichia coli HVH 91 (4-4638751)</GBReference_title>
      <GBReference_journal>Unpublished</GBReference_journal>
    </GBReference>
    <GBReference>
      <GBReference_reference>2</GBReference_reference>
      <GBReference_position>1..196</GBReference_position>
      <GBReference_authors>
        <GBAuthor>Feldgarden,M.</GBAuthor>
        <GBAuthor>Frimodt-Moller,N.</GBAuthor>
        <GBAuthor>Leihof,R.F.</GBAuthor>
        <GBAuthor>Rasmussen,L.</GBAuthor>
        <GBAuthor>Young,S.K.</GBAuthor>
        <GBAuthor>Zeng,Q.</GBAuthor>
        <GBAuthor>Gargeya,S.</GBAuthor>
        <GBAuthor>Abouelleil,A.</GBAuthor>
        <GBAuthor>Alvarado,L.</GBAuthor>
        <GBAuthor>Berlin,A.M.</GBAuthor>
        <GBAuthor>Chapman,S.B.</GBAuthor>
        <GBAuthor>Gainer-Dewar,J.</GBAuthor>
        <GBAuthor>Goldberg,J.</GBAuthor>
        <GBAuthor>Gnerre,S.</GBAuthor>
        <GBAuthor>Griggs,A.</GBAuthor>
        <GBAuthor>Gujja,S.</GBAuthor>
        <GBAuthor>Hansen,M.</GBAuthor>
        <GBAuthor>Howarth,C.</GBAuthor>
        <GBAuthor>Imamovic,A.</GBAuthor>
        <GBAuthor>Larimer,J.</GBAuthor>
        <GBAuthor>McCowan,C.</GBAuthor>
        <GBAuthor>Murphy,C.</GBAuthor>
        <GBAuthor>Pearson,M.</GBAuthor>
        <GBAuthor>Poon,T.</GBAuthor>
        <GBAuthor>Priest,M.</GBAuthor>
        <GBAuthor>Roberts,A.</GBAuthor>
        <GBAuthor>Saif,S.</GBAuthor>
        <GBAuthor>Shea,T.</GBAuthor>
        <GBAuthor>Sykes,S.</GBAuthor>
        <GBAuthor>Wortman,J.</GBAuthor>
        <GBAuthor>Nusbaum,C.</GBAuthor>
        <GBAuthor>Birren,B.</GBAuthor>
      </GBReference_authors>
      <GBReference_consortium>The Broad Institute Genome Sequencing Platform, The Broad Institute Genome Sequencing Center for Infectious Disease</GBReference_consortium>
      <GBReference_title>Direct Submission</GBReference_title>
      <GBReference_journal>Submitted (24-JUL-2013) Broad Institute of MIT and Harvard, 7 Cambridge Center, Cambridge, MA 02142, USA</GBReference_journal>
    </GBReference>
  </GBSeq_references>
  <GBSeq_comment>Please be aware that the annotation is done automatically with little or no manual curation.; ##Genome-Assembly-Data-START## Assembly Method allpaths v. R46382 Assembly Name Esch_coli_HVH_91_4-4638751_V1 Genome Coverage 263.0x Sequencing Technology Illumina ##Genome-Assembly-Data-END##; Method: conceptual translation.</GBSeq_comment>
  <GBSeq_source-db>accession AVVM01000002.1</GBSeq_source-db>
  <GBSeq_feature-table>
    <GBFeature>
      <GBFeature_key>source</GBFeature_key>
      <GBFeature_location>1..196</GBFeature_location>
      <GBFeature_intervals>
        <GBInterval>
          <GBInterval_from>1</GBInterval_from>
          <GBInterval_to>196</GBInterval_to>
          <GBInterval_accession>EQQ30554.1</GBInterval_accession>
        </GBInterval>
      </GBFeature_intervals>
      <GBFeature_quals>
        <GBQualifier>
          <GBQualifier_name>organism</GBQualifier_name>
          <GBQualifier_value>Escherichia coli HVH 91 (4-4638751)</GBQualifier_value>
        </GBQualifier>
        <GBQualifier>
          <GBQualifier_name>strain</GBQualifier_name>
          <GBQualifier_value>HVH 91 (4-4638751)</GBQualifier_value>
        </GBQualifier>
        <GBQualifier>
          <GBQualifier_name>db_xref</GBQualifier_name>
          <GBQualifier_value>taxon:1281028</GBQualifier_value>
        </GBQualifier>
      </GBFeature_quals>
    </GBFeature>
    <GBFeature>
      <GBFeature_key>Protein</GBFeature_key>
      <GBFeature_location>1..196</GBFeature_location>
      <GBFeature_intervals>
        <GBInterval>
          <GBInterval_from>1</GBInterval_from>
          <GBInterval_to>196</GBInterval_to>
          <GBInterval_accession>EQQ30554.1</GBInterval_accession>
        </GBInterval>
      </GBFeature_intervals>
      <GBFeature_quals>
        <GBQualifier>
          <GBQualifier_name>product</GBQualifier_name>
          <GBQualifier_value>dihydrofolate reductase</GBQualifier_value>
        </GBQualifier>
        <GBQualifier>
          <GBQualifier_name>calculated_mol_wt</GBQualifier_name>
          <GBQualifier_value>22150</GBQualifier_value>
        </GBQualifier>
      </GBFeature_quals>
    </GBFeature>
    <GBFeature>
      <GBFeature_key>Region</GBFeature_key>
      <GBFeature_location>38..196</GBFeature_location>
      <GBFeature_intervals>
        <GBInterval>
          <GBInterval_from>38</GBInterval_from>
          <GBInterval_to>196</GBInterval_to>
          <GBInterval_accession>EQQ30554.1</GBInterval_accession>
        </GBInterval>
      </GBFeature_intervals>
      <GBFeature_quals>
        <GBQualifier>
          <GBQualifier_name>region_name</GBQualifier_name>
          <GBQualifier_value>folA</GBQualifier_value>
        </GBQualifier>
        <GBQualifier>
          <GBQualifier_name>note</GBQualifier_name>
          <GBQualifier_value>dihydrofolate reductase; Provisional; PRK10769</GBQualifier_value>
        </GBQualifier>
        <GBQualifier>
          <GBQualifier_name>db_xref</GBQualifier_name>
          <GBQualifier_value>CDD:182714</GBQualifier_value>
        </GBQualifier>
      </GBFeature_quals>
    </GBFeature>
    <GBFeature>
      <GBFeature_key>Site</GBFeature_key>
      <GBFeature_location>order(42,59,64,94,131,137,150)</GBFeature_location>
      <GBFeature_intervals>
        <GBInterval>
          <GBInterval_point>42</GBInterval_point>
          <GBInterval_accession>EQQ30554.1</GBInterval_accession>
        </GBInterval>
        <GBInterval>
          <GBInterval_point>59</GBInterval_point>
          <GBInterval_accession>EQQ30554.1</GBInterval_accession>
        </GBInterval>
        <GBInterval>
          <GBInterval_point>64</GBInterval_point>
          <GBInterval_accession>EQQ30554.1</GBInterval_accession>
        </GBInterval>
        <GBInterval>
          <GBInterval_point>94</GBInterval_point>
          <GBInterval_accession>EQQ30554.1</GBInterval_accession>
        </GBInterval>
        <GBInterval>
          <GBInterval_point>131</GBInterval_point>
          <GBInterval_accession>EQQ30554.1</GBInterval_accession>
        </GBInterval>
        <GBInterval>
          <GBInterval_point>137</GBInterval_point>
          <GBInterval_accession>EQQ30554.1</GBInterval_accession>
        </GBInterval>
        <GBInterval>
          <GBInterval_point>150</GBInterval_point>
          <GBInterval_accession>EQQ30554.1</GBInterval_accession>
        </GBInterval>
      </GBFeature_intervals>
      <GBFeature_operator>order</GBFeature_operator>
      <GBFeature_quals>
        <GBQualifier>
          <GBQualifier_name>site_type</GBQualifier_name>
          <GBQualifier_value>other</GBQualifier_value>
        </GBQualifier>
        <GBQualifier>
          <GBQualifier_name>note</GBQualifier_name>
          <GBQualifier_value>folate binding site [chemical binding]</GBQualifier_value>
        </GBQualifier>
        <GBQualifier>
          <GBQualifier_name>db_xref</GBQualifier_name>
          <GBQualifier_value>CDD:238127</GBQualifier_value>
        </GBQualifier>
      </GBFeature_quals>
    </GBFeature>
    <GBFeature>
      <GBFeature_key>Site</GBFeature_key>
      <GBFeature_location>order(44,51,81..83,101,132..135)</GBFeature_location>
      <GBFeature_intervals>
        <GBInterval>
          <GBInterval_point>44</GBInterval_point>
          <GBInterval_accession>EQQ30554.1</GBInterval_accession>
        </GBInterval>
        <GBInterval>
          <GBInterval_point>51</GBInterval_point>
          <GBInterval_accession>EQQ30554.1</GBInterval_accession>
        </GBInterval>
        <GBInterval>
          <GBInterval_from>81</GBInterval_from>
          <GBInterval_to>83</GBInterval_to>
          <GBInterval_accession>EQQ30554.1</GBInterval_accession>
        </GBInterval>
        <GBInterval>
          <GBInterval_point>101</GBInterval_point>
          <GBInterval_accession>EQQ30554.1</GBInterval_accession>
        </GBInterval>
        <GBInterval>
          <GBInterval_from>132</GBInterval_from>
          <GBInterval_to>135</GBInterval_to>
          <GBInterval_accession>EQQ30554.1</GBInterval_accession>
        </GBInterval>
      </GBFeature_intervals>
      <GBFeature_operator>order</GBFeature_operator>
      <GBFeature_quals>
        <GBQualifier>
          <GBQualifier_name>site_type</GBQualifier_name>
          <GBQualifier_value>other</GBQualifier_value>
        </GBQualifier>
        <GBQualifier>
          <GBQualifier_name>note</GBQualifier_name>
          <GBQualifier_value>NADP+ binding site [chemical binding]</GBQualifier_value>
        </GBQualifier>
        <GBQualifier>
          <GBQualifier_name>db_xref</GBQualifier_name>
          <GBQualifier_value>CDD:238127</GBQualifier_value>
        </GBQualifier>
      </GBFeature_quals>
    </GBFeature>
    <GBFeature>
      <GBFeature_key>CDS</GBFeature_key>
      <GBFeature_location>1..196</GBFeature_location>
      <GBFeature_intervals>
        <GBInterval>
          <GBInterval_from>1</GBInterval_from>
          <GBInterval_to>196</GBInterval_to>
          <GBInterval_accession>EQQ30554.1</GBInterval_accession>
        </GBInterval>
      </GBFeature_intervals>
      <GBFeature_quals>
        <GBQualifier>
          <GBQualifier_name>locus_tag</GBQualifier_name>
          <GBQualifier_value>G753_00045</GBQualifier_value>
        </GBQualifier>
        <GBQualifier>
          <GBQualifier_name>coded_by</GBQualifier_name>
          <GBQualifier_value>AVVM01000002.1:29370..29960</GBQualifier_value>
        </GBQualifier>
        <GBQualifier>
          <GBQualifier_name>transl_table</GBQualifier_name>
          <GBQualifier_value>11</GBQualifier_value>
        </GBQualifier>
      </GBFeature_quals>
    </GBFeature>
  </GBSeq_feature-table>
  <GBSeq_sequence>mdspaeykiflniilapvddglrftysgdnffyreismisliaalavdrvigmenampwnlpadlawfkrntlnkpvimgrhtwesigrplpgrkniilssqpgtddrvtwvksvdeaiaacgdvpeimviggghvyeqflpkaqklylthidaevegdthfpdyepddwesvfsefhdadaqnshsycfeilerr</GBSeq_sequence>
  <GBSeq_xrefs>
    <GBXref>
      <GBXref_dbname>BioProject</GBXref_dbname>
      <GBXref_id>PRJNA186113</GBXref_id>
    </GBXref>
    <GBXref>
      <GBXref_dbname>BioSample</GBXref_dbname>
      <GBXref_id>SAMN01885740</GBXref_id>
    </GBXref>
  </GBSeq_xrefs>
</GBSeq>

</GBSet>

