<?xml version="1.0" ?>
<!DOCTYPE GBSet PUBLIC "-//NCBI//NCBI GBSeq/EN" "https://www.ncbi.nlm.nih.gov/dtd/NCBI_GBSeq.dtd">
<GBSet>
<GBSeq>
  <GBSeq_locus>ERG46194</GBSeq_locus>
  <GBSeq_length>163</GBSeq_length>
  <GBSeq_moltype>AA</GBSeq_moltype>
  <GBSeq_topology>linear</GBSeq_topology>
  <GBSeq_division>BCT</GBSeq_division>
  <GBSeq_update-date>06-SEP-2013</GBSeq_update-date>
  <GBSeq_create-date>06-SEP-2013</GBSeq_create-date>
  <GBSeq_definition>dihydrofolate reductase type I, trimethoprim resistance [Pseudoalteromonas rubra DSM 6842]</GBSeq_definition>
  <GBSeq_primary-accession>ERG46194</GBSeq_primary-accession>
  <GBSeq_accession-version>ERG46194.1</GBSeq_accession-version>
  <GBSeq_other-seqids>
    <GBSeqid>gb|ERG46194.1|</GBSeqid>
    <GBSeqid>gnl|WGS:AHCD|PRUB_04606</GBSeqid>
    <GBSeqid>gi|540287937</GBSeqid>
  </GBSeq_other-seqids>
  <GBSeq_project>PRJNA77685</GBSeq_project>
  <GBSeq_source>Pseudoalteromonas rubra DSM 6842</GBSeq_source>
  <GBSeq_organism>Pseudoalteromonas rubra DSM 6842</GBSeq_organism>
  <GBSeq_taxonomy>Bacteria; Proteobacteria; Gammaproteobacteria; Alteromonadales; Pseudoalteromonadaceae; Pseudoalteromonas</GBSeq_taxonomy>
  <GBSeq_references>
    <GBReference>
      <GBReference_reference>1</GBReference_reference>
      <GBReference_position>1..163</GBReference_position>
      <GBReference_authors>
        <GBAuthor>Xie,B.B.</GBAuthor>
        <GBAuthor>Shu,Y.L.</GBAuthor>
        <GBAuthor>Qin,Q.L.</GBAuthor>
        <GBAuthor>Rong,J.C.</GBAuthor>
        <GBAuthor>Zhang,X.Y.</GBAuthor>
        <GBAuthor>Chen,X.L.</GBAuthor>
        <GBAuthor>Zhou,B.C.</GBAuthor>
        <GBAuthor>Zhang,Y.Z.</GBAuthor>
      </GBReference_authors>
      <GBReference_title>Genome sequence of the cycloprodigiosin-producing bacterial strain Pseudoalteromonas rubra ATCC 29570(T)</GBReference_title>
      <GBReference_journal>J. Bacteriol. 194 (6), 1637-1638 (2012)</GBReference_journal>
      <GBReference_xref>
        <GBXref>
          <GBXref_dbname>doi</GBXref_dbname>
          <GBXref_id>10.1128/JB.06822-11</GBXref_id>
        </GBXref>
      </GBReference_xref>
      <GBReference_pubmed>22374963</GBReference_pubmed>
    </GBReference>
    <GBReference>
      <GBReference_reference>2</GBReference_reference>
      <GBReference_position>1..163</GBReference_position>
      <GBReference_authors>
        <GBAuthor>Xie,B.-B.</GBAuthor>
        <GBAuthor>Rong,J.-C.</GBAuthor>
        <GBAuthor>Qin,Q.-L.</GBAuthor>
        <GBAuthor>Shu,Y.-L.</GBAuthor>
        <GBAuthor>Zhang,Y.-Z.</GBAuthor>
      </GBReference_authors>
      <GBReference_title>Genome sequence of Pseudoalteromonas rubra</GBReference_title>
      <GBReference_journal>Unpublished</GBReference_journal>
    </GBReference>
    <GBReference>
      <GBReference_reference>3</GBReference_reference>
      <GBReference_position>1..163</GBReference_position>
      <GBReference_authors>
        <GBAuthor>Xie,B.-B.</GBAuthor>
        <GBAuthor>Qin,Q.-L.</GBAuthor>
        <GBAuthor>Shu,Y.-L.</GBAuthor>
        <GBAuthor>Zhang,Y.-Z.</GBAuthor>
      </GBReference_authors>
      <GBReference_title>Direct Submission</GBReference_title>
      <GBReference_journal>Submitted (19-NOV-2011) Shandong University, No. 27 Shandanan Road, Jinan 250100, China</GBReference_journal>
    </GBReference>
    <GBReference>
      <GBReference_reference>4</GBReference_reference>
      <GBReference_position>1..163</GBReference_position>
      <GBReference_authors>
        <GBAuthor>Xie,B.-B.</GBAuthor>
        <GBAuthor>Rong,J.-C.</GBAuthor>
        <GBAuthor>Qin,Q.-L.</GBAuthor>
        <GBAuthor>Shu,Y.-L.</GBAuthor>
        <GBAuthor>Zhang,Y.-Z.</GBAuthor>
      </GBReference_authors>
      <GBReference_title>Direct Submission</GBReference_title>
      <GBReference_journal>Submitted (17-APR-2013) State Key Laboratory of Microbial Technology, Shandong University, 27 Shanda Nanlu, Jinan, Shandong 250100, P. R. China</GBReference_journal>
    </GBReference>
  </GBSeq_references>
  <GBSeq_comment>Annotation was added by the NCBI Prokaryotic Genomes Automatic Annotation Pipeline Group. Information about the Pipeline can be found here: http://www.ncbi.nlm.nih.gov/genomes/static/Pipeline.html. Please be aware that the annotation is done automatically with little or no manual curation.; ##Genome-Assembly-Data-START## Assembly Method SOAPdenovo v. 1.05 Assembly Name Prub_2.0 Genome Coverage 183.0x Sequencing Technology Illumina HiSeq ##Genome-Assembly-Data-END##; Method: conceptual translation.</GBSeq_comment>
  <GBSeq_source-db>accession AHCD02000036.1</GBSeq_source-db>
  <GBSeq_feature-table>
    <GBFeature>
      <GBFeature_key>source</GBFeature_key>
      <GBFeature_location>1..163</GBFeature_location>
      <GBFeature_intervals>
        <GBInterval>
          <GBInterval_from>1</GBInterval_from>
          <GBInterval_to>163</GBInterval_to>
          <GBInterval_accession>ERG46194.1</GBInterval_accession>
        </GBInterval>
      </GBFeature_intervals>
      <GBFeature_quals>
        <GBQualifier>
          <GBQualifier_name>organism</GBQualifier_name>
          <GBQualifier_value>Pseudoalteromonas rubra DSM 6842</GBQualifier_value>
        </GBQualifier>
        <GBQualifier>
          <GBQualifier_name>strain</GBQualifier_name>
          <GBQualifier_value>ATCC 29570</GBQualifier_value>
        </GBQualifier>
        <GBQualifier>
          <GBQualifier_name>culture_collection</GBQualifier_name>
          <GBQualifier_value>DSM:6842</GBQualifier_value>
        </GBQualifier>
        <GBQualifier>
          <GBQualifier_name>db_xref</GBQualifier_name>
          <GBQualifier_value>taxon:1117318</GBQualifier_value>
        </GBQualifier>
        <GBQualifier>
          <GBQualifier_name>note</GBQualifier_name>
          <GBQualifier_value>type strain of Pseudoalteromonas rubra</GBQualifier_value>
        </GBQualifier>
      </GBFeature_quals>
    </GBFeature>
    <GBFeature>
      <GBFeature_key>Protein</GBFeature_key>
      <GBFeature_location>1..163</GBFeature_location>
      <GBFeature_intervals>
        <GBInterval>
          <GBInterval_from>1</GBInterval_from>
          <GBInterval_to>163</GBInterval_to>
          <GBInterval_accession>ERG46194.1</GBInterval_accession>
        </GBInterval>
      </GBFeature_intervals>
      <GBFeature_quals>
        <GBQualifier>
          <GBQualifier_name>product</GBQualifier_name>
          <GBQualifier_value>dihydrofolate reductase type I, trimethoprim resistance</GBQualifier_value>
        </GBQualifier>
        <GBQualifier>
          <GBQualifier_name>calculated_mol_wt</GBQualifier_name>
          <GBQualifier_value>18075</GBQualifier_value>
        </GBQualifier>
      </GBFeature_quals>
    </GBFeature>
    <GBFeature>
      <GBFeature_key>Region</GBFeature_key>
      <GBFeature_location>3..161</GBFeature_location>
      <GBFeature_intervals>
        <GBInterval>
          <GBInterval_from>3</GBInterval_from>
          <GBInterval_to>161</GBInterval_to>
          <GBInterval_accession>ERG46194.1</GBInterval_accession>
        </GBInterval>
      </GBFeature_intervals>
      <GBFeature_quals>
        <GBQualifier>
          <GBQualifier_name>region_name</GBQualifier_name>
          <GBQualifier_value>DHFR_1</GBQualifier_value>
        </GBQualifier>
        <GBQualifier>
          <GBQualifier_name>note</GBQualifier_name>
          <GBQualifier_value>Dihydrofolate reductase; pfam00186</GBQualifier_value>
        </GBQualifier>
        <GBQualifier>
          <GBQualifier_name>db_xref</GBQualifier_name>
          <GBQualifier_value>CDD:278610</GBQualifier_value>
        </GBQualifier>
      </GBFeature_quals>
    </GBFeature>
    <GBFeature>
      <GBFeature_key>Site</GBFeature_key>
      <GBFeature_location>order(6,23,28,58,96,102,115)</GBFeature_location>
      <GBFeature_intervals>
        <GBInterval>
          <GBInterval_point>6</GBInterval_point>
          <GBInterval_accession>ERG46194.1</GBInterval_accession>
        </GBInterval>
        <GBInterval>
          <GBInterval_point>23</GBInterval_point>
          <GBInterval_accession>ERG46194.1</GBInterval_accession>
        </GBInterval>
        <GBInterval>
          <GBInterval_point>28</GBInterval_point>
          <GBInterval_accession>ERG46194.1</GBInterval_accession>
        </GBInterval>
        <GBInterval>
          <GBInterval_point>58</GBInterval_point>
          <GBInterval_accession>ERG46194.1</GBInterval_accession>
        </GBInterval>
        <GBInterval>
          <GBInterval_point>96</GBInterval_point>
          <GBInterval_accession>ERG46194.1</GBInterval_accession>
        </GBInterval>
        <GBInterval>
          <GBInterval_point>102</GBInterval_point>
          <GBInterval_accession>ERG46194.1</GBInterval_accession>
        </GBInterval>
        <GBInterval>
          <GBInterval_point>115</GBInterval_point>
          <GBInterval_accession>ERG46194.1</GBInterval_accession>
        </GBInterval>
      </GBFeature_intervals>
      <GBFeature_operator>order</GBFeature_operator>
      <GBFeature_quals>
        <GBQualifier>
          <GBQualifier_name>site_type</GBQualifier_name>
          <GBQualifier_value>other</GBQualifier_value>
        </GBQualifier>
        <GBQualifier>
          <GBQualifier_name>note</GBQualifier_name>
          <GBQualifier_value>folate binding site [chemical binding]</GBQualifier_value>
        </GBQualifier>
        <GBQualifier>
          <GBQualifier_name>db_xref</GBQualifier_name>
          <GBQualifier_value>CDD:238127</GBQualifier_value>
        </GBQualifier>
      </GBFeature_quals>
    </GBFeature>
    <GBFeature>
      <GBFeature_key>Site</GBFeature_key>
      <GBFeature_location>order(8,15,45..47,65,97..100)</GBFeature_location>
      <GBFeature_intervals>
        <GBInterval>
          <GBInterval_point>8</GBInterval_point>
          <GBInterval_accession>ERG46194.1</GBInterval_accession>
        </GBInterval>
        <GBInterval>
          <GBInterval_point>15</GBInterval_point>
          <GBInterval_accession>ERG46194.1</GBInterval_accession>
        </GBInterval>
        <GBInterval>
          <GBInterval_from>45</GBInterval_from>
          <GBInterval_to>47</GBInterval_to>
          <GBInterval_accession>ERG46194.1</GBInterval_accession>
        </GBInterval>
        <GBInterval>
          <GBInterval_point>65</GBInterval_point>
          <GBInterval_accession>ERG46194.1</GBInterval_accession>
        </GBInterval>
        <GBInterval>
          <GBInterval_from>97</GBInterval_from>
          <GBInterval_to>100</GBInterval_to>
          <GBInterval_accession>ERG46194.1</GBInterval_accession>
        </GBInterval>
      </GBFeature_intervals>
      <GBFeature_operator>order</GBFeature_operator>
      <GBFeature_quals>
        <GBQualifier>
          <GBQualifier_name>site_type</GBQualifier_name>
          <GBQualifier_value>other</GBQualifier_value>
        </GBQualifier>
        <GBQualifier>
          <GBQualifier_name>note</GBQualifier_name>
          <GBQualifier_value>NADP+ binding site [chemical binding]</GBQualifier_value>
        </GBQualifier>
        <GBQualifier>
          <GBQualifier_name>db_xref</GBQualifier_name>
          <GBQualifier_value>CDD:238127</GBQualifier_value>
        </GBQualifier>
      </GBFeature_quals>
    </GBFeature>
    <GBFeature>
      <GBFeature_key>CDS</GBFeature_key>
      <GBFeature_location>1..163</GBFeature_location>
      <GBFeature_intervals>
        <GBInterval>
          <GBInterval_from>1</GBInterval_from>
          <GBInterval_to>163</GBInterval_to>
          <GBInterval_accession>ERG46194.1</GBInterval_accession>
        </GBInterval>
      </GBFeature_intervals>
      <GBFeature_quals>
        <GBQualifier>
          <GBQualifier_name>locus_tag</GBQualifier_name>
          <GBQualifier_value>PRUB_04606</GBQualifier_value>
        </GBQualifier>
        <GBQualifier>
          <GBQualifier_name>coded_by</GBQualifier_name>
          <GBQualifier_value>complement(AHCD02000036.1:93162..93653)</GBQualifier_value>
        </GBQualifier>
        <GBQualifier>
          <GBQualifier_name>note</GBQualifier_name>
          <GBQualifier_value>COG0262 Dihydrofolate reductase</GBQualifier_value>
        </GBQualifier>
        <GBQualifier>
          <GBQualifier_name>transl_table</GBQualifier_name>
          <GBQualifier_value>11</GBQualifier_value>
        </GBQualifier>
      </GBFeature_quals>
    </GBFeature>
  </GBSeq_feature-table>
  <GBSeq_sequence>miismiaamangriigddnampwhlpadlkhfkavtlnkpvvmgrktfesigrplpgrrnivisrnqnycaegievvsspqdalalvdgceevmiigggniyeqflplsnrlyltyidlevsgdtrfpdytqagewqeiaseayeadeknlysykfvtlnkgi</GBSeq_sequence>
  <GBSeq_xrefs>
    <GBXref>
      <GBXref_dbname>BioProject</GBXref_dbname>
      <GBXref_id>PRJNA77685</GBXref_id>
    </GBXref>
    <GBXref>
      <GBXref_dbname>BioSample</GBXref_dbname>
      <GBXref_id>SAMN02470921</GBXref_id>
    </GBXref>
  </GBSeq_xrefs>
</GBSeq>

</GBSet>

