<?xml version="1.0" ?>
<!DOCTYPE GBSet PUBLIC "-//NCBI//NCBI GBSeq/EN" "https://www.ncbi.nlm.nih.gov/dtd/NCBI_GBSeq.dtd">
<GBSet>
<GBSeq>
  <GBSeq_locus>ESS08116</GBSeq_locus>
  <GBSeq_length>185</GBSeq_length>
  <GBSeq_moltype>AA</GBSeq_moltype>
  <GBSeq_topology>linear</GBSeq_topology>
  <GBSeq_division>ENV</GBSeq_division>
  <GBSeq_update-date>08-NOV-2013</GBSeq_update-date>
  <GBSeq_create-date>08-NOV-2013</GBSeq_create-date>
  <GBSeq_definition>dihydrofolate reductase [uncultured archaeon A07HN63]</GBSeq_definition>
  <GBSeq_primary-accession>ESS08116</GBSeq_primary-accession>
  <GBSeq_accession-version>ESS08116.1</GBSeq_accession-version>
  <GBSeq_other-seqids>
    <GBSeqid>gb|ESS08116.1|</GBSeqid>
    <GBSeqid>gnl|WGS:AYLK|scf7180000020200_A07HN63_&gt;</GBSeqid>
    <GBSeqid>gi|557614551</GBSeqid>
  </GBSeq_other-seqids>
  <GBSeq_project>PRJNA224120</GBSeq_project>
  <GBSeq_source>uncultured archaeon A07HN63 (hypersaline lake metagenome)</GBSeq_source>
  <GBSeq_organism>uncultured archaeon A07HN63</GBSeq_organism>
  <GBSeq_taxonomy>Archaea; environmental samples</GBSeq_taxonomy>
  <GBSeq_references>
    <GBReference>
      <GBReference_reference>1</GBReference_reference>
      <GBReference_position>1..185</GBReference_position>
      <GBReference_authors>
        <GBAuthor>Podell,S.</GBAuthor>
        <GBAuthor>Emerson,J.B.</GBAuthor>
        <GBAuthor>Jones,C.M.</GBAuthor>
        <GBAuthor>Ugalde,J.A.</GBAuthor>
        <GBAuthor>Welch,S.</GBAuthor>
        <GBAuthor>Heidelberg,K.B.</GBAuthor>
        <GBAuthor>Banfield,J.F.</GBAuthor>
        <GBAuthor>Allen,E.E.</GBAuthor>
      </GBReference_authors>
      <GBReference_title>Seasonal Fluctuations in Ionic Concentrations Drive Microbial Succession in a Hypersaline Lake Community</GBReference_title>
      <GBReference_journal>Unpublished</GBReference_journal>
    </GBReference>
    <GBReference>
      <GBReference_reference>2</GBReference_reference>
      <GBReference_position>1..185</GBReference_position>
      <GBReference_authors>
        <GBAuthor>Podell,S.</GBAuthor>
        <GBAuthor>Emerson,J.B.</GBAuthor>
        <GBAuthor>Jones,C.M.</GBAuthor>
        <GBAuthor>Ugalde,J.A.</GBAuthor>
        <GBAuthor>Welch,S.</GBAuthor>
        <GBAuthor>Heidelberg,K.B.</GBAuthor>
        <GBAuthor>Banfield,J.F.</GBAuthor>
        <GBAuthor>Allen,E.E.</GBAuthor>
      </GBReference_authors>
      <GBReference_title>Direct Submission</GBReference_title>
      <GBReference_journal>Submitted (11-OCT-2013) Scripps Inst. Oceanography, Univ. of Calif., San Diego, 9500 Gilman Drive, La Jolla, CA 92093-0202, USA</GBReference_journal>
    </GBReference>
  </GBSeq_references>
  <GBSeq_comment>Method: conceptual translation.</GBSeq_comment>
  <GBSeq_source-db>accession KI543219.1</GBSeq_source-db>
  <GBSeq_feature-table>
    <GBFeature>
      <GBFeature_key>source</GBFeature_key>
      <GBFeature_location>1..185</GBFeature_location>
      <GBFeature_intervals>
        <GBInterval>
          <GBInterval_from>1</GBInterval_from>
          <GBInterval_to>185</GBInterval_to>
          <GBInterval_accession>ESS08116.1</GBInterval_accession>
        </GBInterval>
      </GBFeature_intervals>
      <GBFeature_quals>
        <GBQualifier>
          <GBQualifier_name>organism</GBQualifier_name>
          <GBQualifier_value>uncultured archaeon A07HN63</GBQualifier_value>
        </GBQualifier>
        <GBQualifier>
          <GBQualifier_name>isolation_source</GBQualifier_name>
          <GBQualifier_value>hypersaline water sample from Lake Tyrrell</GBQualifier_value>
        </GBQualifier>
        <GBQualifier>
          <GBQualifier_name>db_xref</GBQualifier_name>
          <GBQualifier_value>taxon:1412873</GBQualifier_value>
        </GBQualifier>
        <GBQualifier>
          <GBQualifier_name>environmental_sample</GBQualifier_name>
        </GBQualifier>
        <GBQualifier>
          <GBQualifier_name>country</GBQualifier_name>
          <GBQualifier_value>Australia: Victoria</GBQualifier_value>
        </GBQualifier>
        <GBQualifier>
          <GBQualifier_name>collection_date</GBQualifier_name>
          <GBQualifier_value>Aug-2007</GBQualifier_value>
        </GBQualifier>
        <GBQualifier>
          <GBQualifier_name>note</GBQualifier_name>
          <GBQualifier_value>metagenomic; derived from metagenome: hypersaline lake metagenome</GBQualifier_value>
        </GBQualifier>
      </GBFeature_quals>
    </GBFeature>
    <GBFeature>
      <GBFeature_key>Protein</GBFeature_key>
      <GBFeature_location>1..185</GBFeature_location>
      <GBFeature_intervals>
        <GBInterval>
          <GBInterval_from>1</GBInterval_from>
          <GBInterval_to>185</GBInterval_to>
          <GBInterval_accession>ESS08116.1</GBInterval_accession>
        </GBInterval>
      </GBFeature_intervals>
      <GBFeature_quals>
        <GBQualifier>
          <GBQualifier_name>product</GBQualifier_name>
          <GBQualifier_value>dihydrofolate reductase</GBQualifier_value>
        </GBQualifier>
        <GBQualifier>
          <GBQualifier_name>EC_number</GBQualifier_name>
          <GBQualifier_value>1.5.1.3</GBQualifier_value>
        </GBQualifier>
        <GBQualifier>
          <GBQualifier_name>calculated_mol_wt</GBQualifier_name>
          <GBQualifier_value>20254</GBQualifier_value>
        </GBQualifier>
      </GBFeature_quals>
    </GBFeature>
    <GBFeature>
      <GBFeature_key>Region</GBFeature_key>
      <GBFeature_location>21..182</GBFeature_location>
      <GBFeature_intervals>
        <GBInterval>
          <GBInterval_from>21</GBInterval_from>
          <GBInterval_to>182</GBInterval_to>
          <GBInterval_accession>ESS08116.1</GBInterval_accession>
        </GBInterval>
      </GBFeature_intervals>
      <GBFeature_quals>
        <GBQualifier>
          <GBQualifier_name>region_name</GBQualifier_name>
          <GBQualifier_value>DHFR_1</GBQualifier_value>
        </GBQualifier>
        <GBQualifier>
          <GBQualifier_name>note</GBQualifier_name>
          <GBQualifier_value>Dihydrofolate reductase; pfam00186</GBQualifier_value>
        </GBQualifier>
        <GBQualifier>
          <GBQualifier_name>db_xref</GBQualifier_name>
          <GBQualifier_value>CDD:278610</GBQualifier_value>
        </GBQualifier>
      </GBFeature_quals>
    </GBFeature>
    <GBFeature>
      <GBFeature_key>Site</GBFeature_key>
      <GBFeature_location>order(24,41,46,80,125,131,144)</GBFeature_location>
      <GBFeature_intervals>
        <GBInterval>
          <GBInterval_point>24</GBInterval_point>
          <GBInterval_accession>ESS08116.1</GBInterval_accession>
        </GBInterval>
        <GBInterval>
          <GBInterval_point>41</GBInterval_point>
          <GBInterval_accession>ESS08116.1</GBInterval_accession>
        </GBInterval>
        <GBInterval>
          <GBInterval_point>46</GBInterval_point>
          <GBInterval_accession>ESS08116.1</GBInterval_accession>
        </GBInterval>
        <GBInterval>
          <GBInterval_point>80</GBInterval_point>
          <GBInterval_accession>ESS08116.1</GBInterval_accession>
        </GBInterval>
        <GBInterval>
          <GBInterval_point>125</GBInterval_point>
          <GBInterval_accession>ESS08116.1</GBInterval_accession>
        </GBInterval>
        <GBInterval>
          <GBInterval_point>131</GBInterval_point>
          <GBInterval_accession>ESS08116.1</GBInterval_accession>
        </GBInterval>
        <GBInterval>
          <GBInterval_point>144</GBInterval_point>
          <GBInterval_accession>ESS08116.1</GBInterval_accession>
        </GBInterval>
      </GBFeature_intervals>
      <GBFeature_operator>order</GBFeature_operator>
      <GBFeature_quals>
        <GBQualifier>
          <GBQualifier_name>site_type</GBQualifier_name>
          <GBQualifier_value>other</GBQualifier_value>
        </GBQualifier>
        <GBQualifier>
          <GBQualifier_name>note</GBQualifier_name>
          <GBQualifier_value>folate binding site [chemical binding]</GBQualifier_value>
        </GBQualifier>
        <GBQualifier>
          <GBQualifier_name>db_xref</GBQualifier_name>
          <GBQualifier_value>CDD:238127</GBQualifier_value>
        </GBQualifier>
      </GBFeature_quals>
    </GBFeature>
    <GBFeature>
      <GBFeature_key>Site</GBFeature_key>
      <GBFeature_location>order(26,33,63..65,87,126..129)</GBFeature_location>
      <GBFeature_intervals>
        <GBInterval>
          <GBInterval_point>26</GBInterval_point>
          <GBInterval_accession>ESS08116.1</GBInterval_accession>
        </GBInterval>
        <GBInterval>
          <GBInterval_point>33</GBInterval_point>
          <GBInterval_accession>ESS08116.1</GBInterval_accession>
        </GBInterval>
        <GBInterval>
          <GBInterval_from>63</GBInterval_from>
          <GBInterval_to>65</GBInterval_to>
          <GBInterval_accession>ESS08116.1</GBInterval_accession>
        </GBInterval>
        <GBInterval>
          <GBInterval_point>87</GBInterval_point>
          <GBInterval_accession>ESS08116.1</GBInterval_accession>
        </GBInterval>
        <GBInterval>
          <GBInterval_from>126</GBInterval_from>
          <GBInterval_to>129</GBInterval_to>
          <GBInterval_accession>ESS08116.1</GBInterval_accession>
        </GBInterval>
      </GBFeature_intervals>
      <GBFeature_operator>order</GBFeature_operator>
      <GBFeature_quals>
        <GBQualifier>
          <GBQualifier_name>site_type</GBQualifier_name>
          <GBQualifier_value>other</GBQualifier_value>
        </GBQualifier>
        <GBQualifier>
          <GBQualifier_name>note</GBQualifier_name>
          <GBQualifier_value>NADP+ binding site [chemical binding]</GBQualifier_value>
        </GBQualifier>
        <GBQualifier>
          <GBQualifier_name>db_xref</GBQualifier_name>
          <GBQualifier_value>CDD:238127</GBQualifier_value>
        </GBQualifier>
      </GBFeature_quals>
    </GBFeature>
    <GBFeature>
      <GBFeature_key>CDS</GBFeature_key>
      <GBFeature_location>1..185</GBFeature_location>
      <GBFeature_intervals>
        <GBInterval>
          <GBInterval_from>1</GBInterval_from>
          <GBInterval_to>185</GBInterval_to>
          <GBInterval_accession>ESS08116.1</GBInterval_accession>
        </GBInterval>
      </GBFeature_intervals>
      <GBFeature_quals>
        <GBQualifier>
          <GBQualifier_name>locus_tag</GBQualifier_name>
          <GBQualifier_value>A07HN63_02136</GBQualifier_value>
        </GBQualifier>
        <GBQualifier>
          <GBQualifier_name>coded_by</GBQualifier_name>
          <GBQualifier_value>complement(KI543219.1:164317..164874)</GBQualifier_value>
        </GBQualifier>
        <GBQualifier>
          <GBQualifier_name>transl_table</GBQualifier_name>
          <GBQualifier_value>11</GBQualifier_value>
        </GBQualifier>
      </GBFeature_quals>
    </GBFeature>
  </GBSeq_feature-table>
  <GBSeq_sequence>mseenaadsdadaadsddppialiaavaangvigddgempwhipedlerfksrtmgnpvimgrrtyesiaarldgplpgrhnivlsrrdpdlhdgvvvvdgieaavseahavceldadadrifviggatvyeafldradellltelddayegdtafpdwdreawsetnrenhdefsfvtyrrhse</GBSeq_sequence>
  <GBSeq_xrefs>
    <GBXref>
      <GBXref_dbname>BioProject</GBXref_dbname>
      <GBXref_id>PRJNA224120</GBXref_id>
    </GBXref>
    <GBXref>
      <GBXref_dbname>BioSample</GBXref_dbname>
      <GBXref_id>SAMN02347633</GBXref_id>
    </GBXref>
  </GBSeq_xrefs>
</GBSeq>

</GBSet>

