<?xml version="1.0" ?>
<!DOCTYPE GBSet PUBLIC "-//NCBI//NCBI GBSeq/EN" "https://www.ncbi.nlm.nih.gov/dtd/NCBI_GBSeq.dtd">
<GBSet>
<GBSeq>
  <GBSeq_locus>ETH85969</GBSeq_locus>
  <GBSeq_length>190</GBSeq_length>
  <GBSeq_moltype>AA</GBSeq_moltype>
  <GBSeq_topology>linear</GBSeq_topology>
  <GBSeq_division>BCT</GBSeq_division>
  <GBSeq_update-date>13-DEC-2013</GBSeq_update-date>
  <GBSeq_create-date>13-DEC-2013</GBSeq_create-date>
  <GBSeq_definition>dihydrofolate reductase [Bordetella pertussis STO1-CHOC-0018]</GBSeq_definition>
  <GBSeq_primary-accession>ETH85969</GBSeq_primary-accession>
  <GBSeq_accession-version>ETH85969.1</GBSeq_accession-version>
  <GBSeq_other-seqids>
    <GBSeqid>gb|ETH85969.1|</GBSeqid>
    <GBSeqid>gnl|WGS:AXRY|L560_0631</GBSeqid>
    <GBSeqid>gi|565777928</GBSeqid>
  </GBSeq_other-seqids>
  <GBSeq_project>PRJNA202181</GBSeq_project>
  <GBSeq_keywords>
    <GBKeyword>STANDARD_DRAFT</GBKeyword>
  </GBSeq_keywords>
  <GBSeq_source>Bordetella pertussis STO1-CHOC-0018</GBSeq_source>
  <GBSeq_organism>Bordetella pertussis STO1-CHOC-0018</GBSeq_organism>
  <GBSeq_taxonomy>Bacteria; Proteobacteria; Betaproteobacteria; Burkholderiales; Alcaligenaceae; Bordetella</GBSeq_taxonomy>
  <GBSeq_references>
    <GBReference>
      <GBReference_reference>1</GBReference_reference>
      <GBReference_position>1..190</GBReference_position>
      <GBReference_authors>
        <GBAuthor>Harvill,E.T.</GBAuthor>
        <GBAuthor>Goodfield,L.L.</GBAuthor>
        <GBAuthor>Ivanov,Y.</GBAuthor>
        <GBAuthor>Meyer,J.A.</GBAuthor>
        <GBAuthor>Newth,C.</GBAuthor>
        <GBAuthor>Cassiday,P.</GBAuthor>
        <GBAuthor>Tondella,M.L.</GBAuthor>
        <GBAuthor>Liao,P.</GBAuthor>
        <GBAuthor>Zimmerman,J.</GBAuthor>
        <GBAuthor>Meert,K.</GBAuthor>
        <GBAuthor>Wessel,D.</GBAuthor>
        <GBAuthor>Berger,J.</GBAuthor>
        <GBAuthor>Dean,J.M.</GBAuthor>
        <GBAuthor>Holubkov,R.</GBAuthor>
        <GBAuthor>Burr,J.</GBAuthor>
        <GBAuthor>Liu,T.</GBAuthor>
        <GBAuthor>Brinkac,L.</GBAuthor>
        <GBAuthor>Kim,M.</GBAuthor>
        <GBAuthor>Losada,L.</GBAuthor>
      </GBReference_authors>
      <GBReference_title>Genome Sequences of 28 Bordetella pertussis U.S. Outbreak Strains Dating from 2010 to 2012</GBReference_title>
      <GBReference_journal>Genome Announc 1 (6), e01075-13 (2013)</GBReference_journal>
      <GBReference_xref>
        <GBXref>
          <GBXref_dbname>doi</GBXref_dbname>
          <GBXref_id>10.1128/genomeA.01075-13</GBXref_id>
        </GBXref>
      </GBReference_xref>
      <GBReference_pubmed>24356839</GBReference_pubmed>
      <GBReference_remark>Publication Status: Online-Only</GBReference_remark>
    </GBReference>
    <GBReference>
      <GBReference_reference>2</GBReference_reference>
      <GBReference_position>1..190</GBReference_position>
      <GBReference_authors>
        <GBAuthor>Harvill,E.</GBAuthor>
        <GBAuthor>Goodfield,L.L.</GBAuthor>
        <GBAuthor>Meyer,J.A.</GBAuthor>
        <GBAuthor>Newth,C.</GBAuthor>
        <GBAuthor>Cassiday,P.</GBAuthor>
        <GBAuthor>Tondella,M.</GBAuthor>
        <GBAuthor>Liao,P.</GBAuthor>
        <GBAuthor>Zimmerman,J.</GBAuthor>
        <GBAuthor>Meert,K.</GBAuthor>
        <GBAuthor>Wessel,D.</GBAuthor>
        <GBAuthor>Berger,J.</GBAuthor>
        <GBAuthor>Dean,J.M.</GBAuthor>
        <GBAuthor>Holubkov,R.</GBAuthor>
        <GBAuthor>Burr,J.</GBAuthor>
        <GBAuthor>Liu,T.</GBAuthor>
        <GBAuthor>Losada,L.</GBAuthor>
        <GBAuthor>Brinkac,L.</GBAuthor>
        <GBAuthor>Kim,M.</GBAuthor>
        <GBAuthor>Ivanov,Y.</GBAuthor>
        <GBAuthor>Venter,J.C.</GBAuthor>
      </GBReference_authors>
      <GBReference_title>Direct Submission</GBReference_title>
      <GBReference_journal>Submitted (27-SEP-2013) J. Craig Venter Institute, 9704 Medical Center Drive, Rockville, MD 20850, USA</GBReference_journal>
    </GBReference>
    <GBReference>
      <GBReference_reference>3</GBReference_reference>
      <GBReference_position>1..190</GBReference_position>
      <GBReference_authors>
        <GBAuthor>Harvill,E.</GBAuthor>
        <GBAuthor>Goodfield,L.L.</GBAuthor>
        <GBAuthor>Meyer,J.A.</GBAuthor>
        <GBAuthor>Newth,C.</GBAuthor>
        <GBAuthor>Cassiday,P.</GBAuthor>
        <GBAuthor>Tondella,M.</GBAuthor>
        <GBAuthor>Liao,P.</GBAuthor>
        <GBAuthor>Zimmerman,J.</GBAuthor>
        <GBAuthor>Meert,K.</GBAuthor>
        <GBAuthor>Wessel,D.</GBAuthor>
        <GBAuthor>Berger,J.</GBAuthor>
        <GBAuthor>Dean,J.M.</GBAuthor>
        <GBAuthor>Holubkov,R.</GBAuthor>
        <GBAuthor>Burr,J.</GBAuthor>
        <GBAuthor>Liu,T.</GBAuthor>
        <GBAuthor>Losada,L.</GBAuthor>
        <GBAuthor>Brinkac,L.M.</GBAuthor>
        <GBAuthor>Kim,M.</GBAuthor>
        <GBAuthor>Ivanov,Y.</GBAuthor>
      </GBReference_authors>
      <GBReference_title>Direct Submission</GBReference_title>
      <GBReference_journal>Submitted (02-DEC-2013) J. Craig Venter Institute, 9704 Medical Center Dr, Rockville, MD 20850, USA</GBReference_journal>
    </GBReference>
  </GBSeq_references>
  <GBSeq_comment>This project has been funded in whole or in part with federal funds from the National Institute of Allergy and Infectious Diseases, National Institutes of Health, Department of Health and Human Services through the Genomic Sequencing Centers for Infectious Diseases under contract number HHSN272200900007C.; ##Genome-Assembly-Data-START## Finishing Goal Standard Draft Current Finishing Status Standard Draft Assembly Method Velvet v. 2.2 Assembly Name gbp15v01 Long Assembly Name Bordetella pertussis STO1-CHOC-0018 v01 Genome Coverage 100x Sequencing Technology Illumina HiSeq 2000 ##Genome-Assembly-Data-END##; Method: conceptual translation.</GBSeq_comment>
  <GBSeq_source-db>accession AXRY02000100.1</GBSeq_source-db>
  <GBSeq_feature-table>
    <GBFeature>
      <GBFeature_key>source</GBFeature_key>
      <GBFeature_location>1..190</GBFeature_location>
      <GBFeature_intervals>
        <GBInterval>
          <GBInterval_from>1</GBInterval_from>
          <GBInterval_to>190</GBInterval_to>
          <GBInterval_accession>ETH85969.1</GBInterval_accession>
        </GBInterval>
      </GBFeature_intervals>
      <GBFeature_quals>
        <GBQualifier>
          <GBQualifier_name>organism</GBQualifier_name>
          <GBQualifier_value>Bordetella pertussis STO1-CHOC-0018</GBQualifier_value>
        </GBQualifier>
        <GBQualifier>
          <GBQualifier_name>strain</GBQualifier_name>
          <GBQualifier_value>STO1-CHOC-0018</GBQualifier_value>
        </GBQualifier>
        <GBQualifier>
          <GBQualifier_name>host</GBQualifier_name>
          <GBQualifier_value>Homo sapiens</GBQualifier_value>
        </GBQualifier>
        <GBQualifier>
          <GBQualifier_name>db_xref</GBQualifier_name>
          <GBQualifier_value>taxon:1331278</GBQualifier_value>
        </GBQualifier>
        <GBQualifier>
          <GBQualifier_name>country</GBQualifier_name>
          <GBQualifier_value>USA</GBQualifier_value>
        </GBQualifier>
        <GBQualifier>
          <GBQualifier_name>collection_date</GBQualifier_name>
          <GBQualifier_value>2010</GBQualifier_value>
        </GBQualifier>
      </GBFeature_quals>
    </GBFeature>
    <GBFeature>
      <GBFeature_key>Protein</GBFeature_key>
      <GBFeature_location>1..190</GBFeature_location>
      <GBFeature_intervals>
        <GBInterval>
          <GBInterval_from>1</GBInterval_from>
          <GBInterval_to>190</GBInterval_to>
          <GBInterval_accession>ETH85969.1</GBInterval_accession>
        </GBInterval>
      </GBFeature_intervals>
      <GBFeature_quals>
        <GBQualifier>
          <GBQualifier_name>product</GBQualifier_name>
          <GBQualifier_value>dihydrofolate reductase</GBQualifier_value>
        </GBQualifier>
        <GBQualifier>
          <GBQualifier_name>EC_number</GBQualifier_name>
          <GBQualifier_value>1.5.1.3</GBQualifier_value>
        </GBQualifier>
        <GBQualifier>
          <GBQualifier_name>calculated_mol_wt</GBQualifier_name>
          <GBQualifier_value>20283</GBQualifier_value>
        </GBQualifier>
      </GBFeature_quals>
    </GBFeature>
    <GBFeature>
      <GBFeature_key>Region</GBFeature_key>
      <GBFeature_location>9..187</GBFeature_location>
      <GBFeature_intervals>
        <GBInterval>
          <GBInterval_from>9</GBInterval_from>
          <GBInterval_to>187</GBInterval_to>
          <GBInterval_accession>ETH85969.1</GBInterval_accession>
        </GBInterval>
      </GBFeature_intervals>
      <GBFeature_quals>
        <GBQualifier>
          <GBQualifier_name>region_name</GBQualifier_name>
          <GBQualifier_value>DHFR_1</GBQualifier_value>
        </GBQualifier>
        <GBQualifier>
          <GBQualifier_name>note</GBQualifier_name>
          <GBQualifier_value>Dihydrofolate reductase; pfam00186</GBQualifier_value>
        </GBQualifier>
        <GBQualifier>
          <GBQualifier_name>db_xref</GBQualifier_name>
          <GBQualifier_value>CDD:278610</GBQualifier_value>
        </GBQualifier>
      </GBFeature_quals>
    </GBFeature>
    <GBFeature>
      <GBFeature_key>Site</GBFeature_key>
      <GBFeature_location>order(12,29,34,64,102,108,121)</GBFeature_location>
      <GBFeature_intervals>
        <GBInterval>
          <GBInterval_point>12</GBInterval_point>
          <GBInterval_accession>ETH85969.1</GBInterval_accession>
        </GBInterval>
        <GBInterval>
          <GBInterval_point>29</GBInterval_point>
          <GBInterval_accession>ETH85969.1</GBInterval_accession>
        </GBInterval>
        <GBInterval>
          <GBInterval_point>34</GBInterval_point>
          <GBInterval_accession>ETH85969.1</GBInterval_accession>
        </GBInterval>
        <GBInterval>
          <GBInterval_point>64</GBInterval_point>
          <GBInterval_accession>ETH85969.1</GBInterval_accession>
        </GBInterval>
        <GBInterval>
          <GBInterval_point>102</GBInterval_point>
          <GBInterval_accession>ETH85969.1</GBInterval_accession>
        </GBInterval>
        <GBInterval>
          <GBInterval_point>108</GBInterval_point>
          <GBInterval_accession>ETH85969.1</GBInterval_accession>
        </GBInterval>
        <GBInterval>
          <GBInterval_point>121</GBInterval_point>
          <GBInterval_accession>ETH85969.1</GBInterval_accession>
        </GBInterval>
      </GBFeature_intervals>
      <GBFeature_operator>order</GBFeature_operator>
      <GBFeature_quals>
        <GBQualifier>
          <GBQualifier_name>site_type</GBQualifier_name>
          <GBQualifier_value>other</GBQualifier_value>
        </GBQualifier>
        <GBQualifier>
          <GBQualifier_name>note</GBQualifier_name>
          <GBQualifier_value>folate binding site [chemical binding]</GBQualifier_value>
        </GBQualifier>
        <GBQualifier>
          <GBQualifier_name>db_xref</GBQualifier_name>
          <GBQualifier_value>CDD:238127</GBQualifier_value>
        </GBQualifier>
      </GBFeature_quals>
    </GBFeature>
    <GBFeature>
      <GBFeature_key>Site</GBFeature_key>
      <GBFeature_location>order(14,21,51..53,71,103..106)</GBFeature_location>
      <GBFeature_intervals>
        <GBInterval>
          <GBInterval_point>14</GBInterval_point>
          <GBInterval_accession>ETH85969.1</GBInterval_accession>
        </GBInterval>
        <GBInterval>
          <GBInterval_point>21</GBInterval_point>
          <GBInterval_accession>ETH85969.1</GBInterval_accession>
        </GBInterval>
        <GBInterval>
          <GBInterval_from>51</GBInterval_from>
          <GBInterval_to>53</GBInterval_to>
          <GBInterval_accession>ETH85969.1</GBInterval_accession>
        </GBInterval>
        <GBInterval>
          <GBInterval_point>71</GBInterval_point>
          <GBInterval_accession>ETH85969.1</GBInterval_accession>
        </GBInterval>
        <GBInterval>
          <GBInterval_from>103</GBInterval_from>
          <GBInterval_to>106</GBInterval_to>
          <GBInterval_accession>ETH85969.1</GBInterval_accession>
        </GBInterval>
      </GBFeature_intervals>
      <GBFeature_operator>order</GBFeature_operator>
      <GBFeature_quals>
        <GBQualifier>
          <GBQualifier_name>site_type</GBQualifier_name>
          <GBQualifier_value>other</GBQualifier_value>
        </GBQualifier>
        <GBQualifier>
          <GBQualifier_name>note</GBQualifier_name>
          <GBQualifier_value>NADP+ binding site [chemical binding]</GBQualifier_value>
        </GBQualifier>
        <GBQualifier>
          <GBQualifier_name>db_xref</GBQualifier_name>
          <GBQualifier_value>CDD:238127</GBQualifier_value>
        </GBQualifier>
      </GBFeature_quals>
    </GBFeature>
    <GBFeature>
      <GBFeature_key>CDS</GBFeature_key>
      <GBFeature_location>1..190</GBFeature_location>
      <GBFeature_intervals>
        <GBInterval>
          <GBInterval_from>1</GBInterval_from>
          <GBInterval_to>190</GBInterval_to>
          <GBInterval_accession>ETH85969.1</GBInterval_accession>
        </GBInterval>
      </GBFeature_intervals>
      <GBFeature_quals>
        <GBQualifier>
          <GBQualifier_name>gene</GBQualifier_name>
          <GBQualifier_value>folA</GBQualifier_value>
        </GBQualifier>
        <GBQualifier>
          <GBQualifier_name>locus_tag</GBQualifier_name>
          <GBQualifier_value>L560_0631</GBQualifier_value>
        </GBQualifier>
        <GBQualifier>
          <GBQualifier_name>coded_by</GBQualifier_name>
          <GBQualifier_value>complement(AXRY02000100.1:21006..21578)</GBQualifier_value>
        </GBQualifier>
        <GBQualifier>
          <GBQualifier_name>transl_table</GBQualifier_name>
          <GBQualifier_value>11</GBQualifier_value>
        </GBQualifier>
      </GBFeature_quals>
    </GBFeature>
  </GBSeq_feature-table>
  <GBSeq_sequence>mpmsatpllslvvaystnrvigrdnalpwklpgdlahfkrttlghpiimgrntweslgrplpgrtnivitrnpaydaagavvvgslaaaiqacgdaavacviggaqiyaqalplaqrvvatevhaeiegdaffpplpagqwretqrdaeiegdaffpplpagqwretqraaqpaenglrydfveyervag</GBSeq_sequence>
  <GBSeq_xrefs>
    <GBXref>
      <GBXref_dbname>BioProject</GBXref_dbname>
      <GBXref_id>PRJNA202181</GBXref_id>
    </GBXref>
    <GBXref>
      <GBXref_dbname>BioSample</GBXref_dbname>
      <GBXref_id>SAMN02436242</GBXref_id>
    </GBXref>
  </GBSeq_xrefs>
</GBSeq>

</GBSet>

