<?xml version="1.0" ?>
<!DOCTYPE GBSet PUBLIC "-//NCBI//NCBI GBSeq/EN" "https://www.ncbi.nlm.nih.gov/dtd/NCBI_GBSeq.dtd">
<GBSet>
<GBSeq>
  <GBSeq_locus>GAN03764</GBSeq_locus>
  <GBSeq_length>198</GBSeq_length>
  <GBSeq_moltype>AA</GBSeq_moltype>
  <GBSeq_topology>linear</GBSeq_topology>
  <GBSeq_division>PLN</GBSeq_division>
  <GBSeq_update-date>10-FEB-2015</GBSeq_update-date>
  <GBSeq_create-date>10-FEB-2015</GBSeq_create-date>
  <GBSeq_definition>dihydrofolate reductase [Mucor ambiguus]</GBSeq_definition>
  <GBSeq_primary-accession>GAN03764</GBSeq_primary-accession>
  <GBSeq_accession-version>GAN03764.1</GBSeq_accession-version>
  <GBSeq_other-seqids>
    <GBSeqid>dbj|GAN03764.1|</GBSeqid>
    <GBSeqid>gi|758354188</GBSeqid>
  </GBSeq_other-seqids>
  <GBSeq_project>PRJDB3023</GBSeq_project>
  <GBSeq_source>Mucor ambiguus</GBSeq_source>
  <GBSeq_organism>Mucor ambiguus</GBSeq_organism>
  <GBSeq_taxonomy>Eukaryota; Fungi; Fungi incertae sedis; Mucoromycotina; Mucorales; Mucorineae; Mucoraceae; Mucor</GBSeq_taxonomy>
  <GBSeq_references>
    <GBReference>
      <GBReference_reference>1</GBReference_reference>
      <GBReference_authors>
        <GBAuthor>Takeda,I.</GBAuthor>
        <GBAuthor>Yamane,N.</GBAuthor>
        <GBAuthor>Morita,T.</GBAuthor>
        <GBAuthor>Tamano,K.</GBAuthor>
        <GBAuthor>Machida,M.</GBAuthor>
        <GBAuthor>Baker,S.</GBAuthor>
        <GBAuthor>Koike,H.</GBAuthor>
      </GBReference_authors>
      <GBReference_title>Draft genome sequence of an oleaginous Mucoromycotina fungus Mucor ambiguus NBRC6742</GBReference_title>
      <GBReference_journal>Unpublished</GBReference_journal>
    </GBReference>
    <GBReference>
      <GBReference_reference>2</GBReference_reference>
      <GBReference_position>1..198</GBReference_position>
      <GBReference_authors>
        <GBAuthor>Koike,H.</GBAuthor>
        <GBAuthor>Takeda,I.</GBAuthor>
      </GBReference_authors>
      <GBReference_title>Direct Submission</GBReference_title>
      <GBReference_journal>Submitted (04-SEP-2014) Contact:Hideaki Koike National Institute of Advanced Industrial Science and Technology (AIST), Bioproduction Research Institute; Higashi 1 1 1, Tsukuba, Ibaraki 305-8566, Japan</GBReference_journal>
    </GBReference>
  </GBSeq_references>
  <GBSeq_source-db>accession DF836336.1</GBSeq_source-db>
  <GBSeq_feature-table>
    <GBFeature>
      <GBFeature_key>source</GBFeature_key>
      <GBFeature_location>1..198</GBFeature_location>
      <GBFeature_intervals>
        <GBInterval>
          <GBInterval_from>1</GBInterval_from>
          <GBInterval_to>198</GBInterval_to>
          <GBInterval_accession>GAN03764.1</GBInterval_accession>
        </GBInterval>
      </GBFeature_intervals>
      <GBFeature_quals>
        <GBQualifier>
          <GBQualifier_name>organism</GBQualifier_name>
          <GBQualifier_value>Mucor ambiguus</GBQualifier_value>
        </GBQualifier>
        <GBQualifier>
          <GBQualifier_name>strain</GBQualifier_name>
          <GBQualifier_value>NBRC 6742</GBQualifier_value>
        </GBQualifier>
        <GBQualifier>
          <GBQualifier_name>culture_collection</GBQualifier_name>
          <GBQualifier_value>NBRC:6742</GBQualifier_value>
        </GBQualifier>
        <GBQualifier>
          <GBQualifier_name>db_xref</GBQualifier_name>
          <GBQualifier_value>taxon:91626</GBQualifier_value>
        </GBQualifier>
        <GBQualifier>
          <GBQualifier_name>note</GBQualifier_name>
          <GBQualifier_value>scaffold: scf_mam1_v10047</GBQualifier_value>
        </GBQualifier>
      </GBFeature_quals>
    </GBFeature>
    <GBFeature>
      <GBFeature_key>Protein</GBFeature_key>
      <GBFeature_location>1..198</GBFeature_location>
      <GBFeature_intervals>
        <GBInterval>
          <GBInterval_from>1</GBInterval_from>
          <GBInterval_to>198</GBInterval_to>
          <GBInterval_accession>GAN03764.1</GBInterval_accession>
        </GBInterval>
      </GBFeature_intervals>
      <GBFeature_quals>
        <GBQualifier>
          <GBQualifier_name>product</GBQualifier_name>
          <GBQualifier_value>dihydrofolate reductase</GBQualifier_value>
        </GBQualifier>
        <GBQualifier>
          <GBQualifier_name>calculated_mol_wt</GBQualifier_name>
          <GBQualifier_value>22471</GBQualifier_value>
        </GBQualifier>
      </GBFeature_quals>
    </GBFeature>
    <GBFeature>
      <GBFeature_key>Region</GBFeature_key>
      <GBFeature_location>4..196</GBFeature_location>
      <GBFeature_intervals>
        <GBInterval>
          <GBInterval_from>4</GBInterval_from>
          <GBInterval_to>196</GBInterval_to>
          <GBInterval_accession>GAN03764.1</GBInterval_accession>
        </GBInterval>
      </GBFeature_intervals>
      <GBFeature_quals>
        <GBQualifier>
          <GBQualifier_name>region_name</GBQualifier_name>
          <GBQualifier_value>DHFR</GBQualifier_value>
        </GBQualifier>
        <GBQualifier>
          <GBQualifier_name>note</GBQualifier_name>
          <GBQualifier_value>Dihydrofolate reductase (DHFR). Reduces 7,8-dihydrofolate to 5,6,7,8-tetrahydrofolate with NADPH as a cofactor. This is an essential step in the biosynthesis of deoxythymidine phosphate since 5,6,7,8-tetrahydrofolate is required to regenerate 5; cd00209</GBQualifier_value>
        </GBQualifier>
        <GBQualifier>
          <GBQualifier_name>db_xref</GBQualifier_name>
          <GBQualifier_value>CDD:238127</GBQualifier_value>
        </GBQualifier>
      </GBFeature_quals>
    </GBFeature>
    <GBFeature>
      <GBFeature_key>Site</GBFeature_key>
      <GBFeature_location>order(7,24,29,74,121,127,142)</GBFeature_location>
      <GBFeature_intervals>
        <GBInterval>
          <GBInterval_point>7</GBInterval_point>
          <GBInterval_accession>GAN03764.1</GBInterval_accession>
        </GBInterval>
        <GBInterval>
          <GBInterval_point>24</GBInterval_point>
          <GBInterval_accession>GAN03764.1</GBInterval_accession>
        </GBInterval>
        <GBInterval>
          <GBInterval_point>29</GBInterval_point>
          <GBInterval_accession>GAN03764.1</GBInterval_accession>
        </GBInterval>
        <GBInterval>
          <GBInterval_point>74</GBInterval_point>
          <GBInterval_accession>GAN03764.1</GBInterval_accession>
        </GBInterval>
        <GBInterval>
          <GBInterval_point>121</GBInterval_point>
          <GBInterval_accession>GAN03764.1</GBInterval_accession>
        </GBInterval>
        <GBInterval>
          <GBInterval_point>127</GBInterval_point>
          <GBInterval_accession>GAN03764.1</GBInterval_accession>
        </GBInterval>
        <GBInterval>
          <GBInterval_point>142</GBInterval_point>
          <GBInterval_accession>GAN03764.1</GBInterval_accession>
        </GBInterval>
      </GBFeature_intervals>
      <GBFeature_operator>order</GBFeature_operator>
      <GBFeature_quals>
        <GBQualifier>
          <GBQualifier_name>site_type</GBQualifier_name>
          <GBQualifier_value>other</GBQualifier_value>
        </GBQualifier>
        <GBQualifier>
          <GBQualifier_name>note</GBQualifier_name>
          <GBQualifier_value>folate binding site [chemical binding]</GBQualifier_value>
        </GBQualifier>
        <GBQualifier>
          <GBQualifier_name>db_xref</GBQualifier_name>
          <GBQualifier_value>CDD:238127</GBQualifier_value>
        </GBQualifier>
      </GBFeature_quals>
    </GBFeature>
    <GBFeature>
      <GBFeature_key>Site</GBFeature_key>
      <GBFeature_location>order(9,16,58..60,81,122..125)</GBFeature_location>
      <GBFeature_intervals>
        <GBInterval>
          <GBInterval_point>9</GBInterval_point>
          <GBInterval_accession>GAN03764.1</GBInterval_accession>
        </GBInterval>
        <GBInterval>
          <GBInterval_point>16</GBInterval_point>
          <GBInterval_accession>GAN03764.1</GBInterval_accession>
        </GBInterval>
        <GBInterval>
          <GBInterval_from>58</GBInterval_from>
          <GBInterval_to>60</GBInterval_to>
          <GBInterval_accession>GAN03764.1</GBInterval_accession>
        </GBInterval>
        <GBInterval>
          <GBInterval_point>81</GBInterval_point>
          <GBInterval_accession>GAN03764.1</GBInterval_accession>
        </GBInterval>
        <GBInterval>
          <GBInterval_from>122</GBInterval_from>
          <GBInterval_to>125</GBInterval_to>
          <GBInterval_accession>GAN03764.1</GBInterval_accession>
        </GBInterval>
      </GBFeature_intervals>
      <GBFeature_operator>order</GBFeature_operator>
      <GBFeature_quals>
        <GBQualifier>
          <GBQualifier_name>site_type</GBQualifier_name>
          <GBQualifier_value>other</GBQualifier_value>
        </GBQualifier>
        <GBQualifier>
          <GBQualifier_name>note</GBQualifier_name>
          <GBQualifier_value>NADP+ binding site [chemical binding]</GBQualifier_value>
        </GBQualifier>
        <GBQualifier>
          <GBQualifier_name>db_xref</GBQualifier_name>
          <GBQualifier_value>CDD:238127</GBQualifier_value>
        </GBQualifier>
      </GBFeature_quals>
    </GBFeature>
    <GBFeature>
      <GBFeature_key>CDS</GBFeature_key>
      <GBFeature_location>1..198</GBFeature_location>
      <GBFeature_intervals>
        <GBInterval>
          <GBInterval_from>1</GBInterval_from>
          <GBInterval_to>198</GBInterval_to>
          <GBInterval_accession>GAN03764.1</GBInterval_accession>
        </GBInterval>
      </GBFeature_intervals>
      <GBFeature_quals>
        <GBQualifier>
          <GBQualifier_name>locus_tag</GBQualifier_name>
          <GBQualifier_value>MAM1_0047c03219</GBQualifier_value>
        </GBQualifier>
        <GBQualifier>
          <GBQualifier_name>coded_by</GBQualifier_name>
          <GBQualifier_value>join(DF836336.1:126665..126924,DF836336.1:126983..127319)</GBQualifier_value>
        </GBQualifier>
        <GBQualifier>
          <GBQualifier_name>note</GBQualifier_name>
          <GBQualifier_value>top hit is XP_007854046.1 originated in Moniliophthora roreri MCA 2997</GBQualifier_value>
        </GBQualifier>
      </GBFeature_quals>
    </GBFeature>
  </GBSeq_feature-table>
  <GBSeq_sequence>mtqfalivaateelgigllsnlpwripkdmaffkhvtshvpkalqqqsnvqnavimgrvtwesippkfrpldkrynivvsrnptydllladatqqstilvdslesafkavdparharvfviggaqmynlaiqhakcshilltrvkskmdcdtffpaiddktfrlashqeledyveqqvlegvqkhkeleyeftlyikq</GBSeq_sequence>
  <GBSeq_xrefs>
    <GBXref>
      <GBXref_dbname>BioProject</GBXref_dbname>
      <GBXref_id>PRJDB3023</GBXref_id>
    </GBXref>
    <GBXref>
      <GBXref_dbname>BioSample</GBXref_dbname>
      <GBXref_id>SAMD00019078</GBXref_id>
    </GBXref>
  </GBSeq_xrefs>
</GBSeq>

</GBSet>

