<?xml version="1.0" ?>
<!DOCTYPE GBSet PUBLIC "-//NCBI//NCBI GBSeq/EN" "https://www.ncbi.nlm.nih.gov/dtd/NCBI_GBSeq.dtd">
<GBSet>
<GBSeq>
  <GBSeq_locus>GAP57392</GBSeq_locus>
  <GBSeq_length>132</GBSeq_length>
  <GBSeq_moltype>AA</GBSeq_moltype>
  <GBSeq_topology>linear</GBSeq_topology>
  <GBSeq_division>BCT</GBSeq_division>
  <GBSeq_update-date>21-JAN-2016</GBSeq_update-date>
  <GBSeq_create-date>05-AUG-2015</GBSeq_create-date>
  <GBSeq_definition>dihydrofolate reductase [Arthrobacter sp. Hiyo1]</GBSeq_definition>
  <GBSeq_primary-accession>GAP57392</GBSeq_primary-accession>
  <GBSeq_accession-version>GAP57392.1</GBSeq_accession-version>
  <GBSeq_other-seqids>
    <GBSeqid>dbj|GAP57392.1|</GBSeqid>
    <GBSeqid>gi|918268711</GBSeqid>
  </GBSeq_other-seqids>
  <GBSeq_project>PRJDB3373</GBSeq_project>
  <GBSeq_source>Arthrobacter sp. Hiyo1</GBSeq_source>
  <GBSeq_organism>Arthrobacter sp. Hiyo1</GBSeq_organism>
  <GBSeq_taxonomy>Bacteria; Actinobacteria; Micrococcales; Micrococcaceae; Arthrobacter</GBSeq_taxonomy>
  <GBSeq_references>
    <GBReference>
      <GBReference_reference>1</GBReference_reference>
      <GBReference_authors>
        <GBAuthor>Hiraoka,S.</GBAuthor>
        <GBAuthor>Machiyama,A.</GBAuthor>
        <GBAuthor>Ijichi,M.</GBAuthor>
        <GBAuthor>Inoue,K.</GBAuthor>
        <GBAuthor>Oshima,K.</GBAuthor>
        <GBAuthor>Hattori,M.</GBAuthor>
        <GBAuthor>Yoshizawa,S.</GBAuthor>
        <GBAuthor>Kogure,K.</GBAuthor>
        <GBAuthor>Iwasaki,W.</GBAuthor>
      </GBReference_authors>
      <GBReference_title>Genomic and metagenomic analysis of microbes in a soil environment affected by the 2011 Great East Japan Earthquake tsunami</GBReference_title>
      <GBReference_journal>BMC Genomics 17 (1), 53 (2016)</GBReference_journal>
      <GBReference_xref>
        <GBXref>
          <GBXref_dbname>doi</GBXref_dbname>
          <GBXref_id>10.1186/s12864-016-2380-4</GBXref_id>
        </GBXref>
      </GBReference_xref>
      <GBReference_pubmed>26764021</GBReference_pubmed>
      <GBReference_remark>DOI:10.1186/s12864-016-2380-4; Publication Status: Online-Only</GBReference_remark>
    </GBReference>
    <GBReference>
      <GBReference_reference>2</GBReference_reference>
      <GBReference_position>1..132</GBReference_position>
      <GBReference_authors>
        <GBAuthor>Hiraoka,S.</GBAuthor>
        <GBAuthor>Machiyama,A.</GBAuthor>
        <GBAuthor>Iwasaki,W.</GBAuthor>
      </GBReference_authors>
      <GBReference_title>Direct Submission</GBReference_title>
      <GBReference_journal>Submitted (06-MAR-2015) Contact:Satoshi Hiraoka The University of Tokyo, Department of Computational Biology, Graduate School of Frontier Sciences; Kashiwanoha 5-1-5, Kashiwa, Chiba 277-8568, Japan</GBReference_journal>
    </GBReference>
  </GBSeq_references>
  <GBSeq_source-db>accession DF952468.1</GBSeq_source-db>
  <GBSeq_feature-table>
    <GBFeature>
      <GBFeature_key>source</GBFeature_key>
      <GBFeature_location>1..132</GBFeature_location>
      <GBFeature_intervals>
        <GBInterval>
          <GBInterval_from>1</GBInterval_from>
          <GBInterval_to>132</GBInterval_to>
          <GBInterval_accession>GAP57392.1</GBInterval_accession>
        </GBInterval>
      </GBFeature_intervals>
      <GBFeature_quals>
        <GBQualifier>
          <GBQualifier_name>organism</GBQualifier_name>
          <GBQualifier_value>Arthrobacter sp. Hiyo1</GBQualifier_value>
        </GBQualifier>
        <GBQualifier>
          <GBQualifier_name>strain</GBQualifier_name>
          <GBQualifier_value>Hiyo1</GBQualifier_value>
        </GBQualifier>
        <GBQualifier>
          <GBQualifier_name>isolation_source</GBQualifier_name>
          <GBQualifier_value>Tsunami-affected soil</GBQualifier_value>
        </GBQualifier>
        <GBQualifier>
          <GBQualifier_name>db_xref</GBQualifier_name>
          <GBQualifier_value>taxon:1588020</GBQualifier_value>
        </GBQualifier>
        <GBQualifier>
          <GBQualifier_name>country</GBQualifier_name>
          <GBQualifier_value>Japan: Miyagi, Sendai, Miyagino-ku, Gamou</GBQualifier_value>
        </GBQualifier>
        <GBQualifier>
          <GBQualifier_name>lat_lon</GBQualifier_name>
          <GBQualifier_value>38.1520 N 141.0042 E</GBQualifier_value>
        </GBQualifier>
        <GBQualifier>
          <GBQualifier_name>collection_date</GBQualifier_name>
          <GBQualifier_value>2012-07</GBQualifier_value>
        </GBQualifier>
        <GBQualifier>
          <GBQualifier_name>note</GBQualifier_name>
          <GBQualifier_value>scaffold: scaffold00001</GBQualifier_value>
        </GBQualifier>
      </GBFeature_quals>
    </GBFeature>
    <GBFeature>
      <GBFeature_key>Protein</GBFeature_key>
      <GBFeature_location>1..132</GBFeature_location>
      <GBFeature_intervals>
        <GBInterval>
          <GBInterval_from>1</GBInterval_from>
          <GBInterval_to>132</GBInterval_to>
          <GBInterval_accession>GAP57392.1</GBInterval_accession>
        </GBInterval>
      </GBFeature_intervals>
      <GBFeature_quals>
        <GBQualifier>
          <GBQualifier_name>product</GBQualifier_name>
          <GBQualifier_value>dihydrofolate reductase</GBQualifier_value>
        </GBQualifier>
        <GBQualifier>
          <GBQualifier_name>calculated_mol_wt</GBQualifier_name>
          <GBQualifier_value>14357</GBQualifier_value>
        </GBQualifier>
      </GBFeature_quals>
    </GBFeature>
    <GBFeature>
      <GBFeature_key>Region</GBFeature_key>
      <GBFeature_location>&lt;1..129</GBFeature_location>
      <GBFeature_intervals>
        <GBInterval>
          <GBInterval_from>1</GBInterval_from>
          <GBInterval_to>129</GBInterval_to>
          <GBInterval_accession>GAP57392.1</GBInterval_accession>
        </GBInterval>
      </GBFeature_intervals>
      <GBFeature_partial5 value="true"/>
      <GBFeature_quals>
        <GBQualifier>
          <GBQualifier_name>region_name</GBQualifier_name>
          <GBQualifier_value>DHFR</GBQualifier_value>
        </GBQualifier>
        <GBQualifier>
          <GBQualifier_name>note</GBQualifier_name>
          <GBQualifier_value>Dihydrofolate reductase (DHFR). Reduces 7,8-dihydrofolate to 5,6,7,8-tetrahydrofolate with NADPH as a cofactor. This is an essential step in the biosynthesis of deoxythymidine phosphate since 5,6,7,8-tetrahydrofolate is required to regenerate 5; cl17279</GBQualifier_value>
        </GBQualifier>
        <GBQualifier>
          <GBQualifier_name>db_xref</GBQualifier_name>
          <GBQualifier_value>CDD:302636</GBQualifier_value>
        </GBQualifier>
      </GBFeature_quals>
    </GBFeature>
    <GBFeature>
      <GBFeature_key>Site</GBFeature_key>
      <GBFeature_location>order(3..5,26,65..68)</GBFeature_location>
      <GBFeature_intervals>
        <GBInterval>
          <GBInterval_from>3</GBInterval_from>
          <GBInterval_to>5</GBInterval_to>
          <GBInterval_accession>GAP57392.1</GBInterval_accession>
        </GBInterval>
        <GBInterval>
          <GBInterval_point>26</GBInterval_point>
          <GBInterval_accession>GAP57392.1</GBInterval_accession>
        </GBInterval>
        <GBInterval>
          <GBInterval_from>65</GBInterval_from>
          <GBInterval_to>68</GBInterval_to>
          <GBInterval_accession>GAP57392.1</GBInterval_accession>
        </GBInterval>
      </GBFeature_intervals>
      <GBFeature_operator>order</GBFeature_operator>
      <GBFeature_quals>
        <GBQualifier>
          <GBQualifier_name>site_type</GBQualifier_name>
          <GBQualifier_value>other</GBQualifier_value>
        </GBQualifier>
        <GBQualifier>
          <GBQualifier_name>note</GBQualifier_name>
          <GBQualifier_value>NADP+ binding site [chemical binding]</GBQualifier_value>
        </GBQualifier>
        <GBQualifier>
          <GBQualifier_name>db_xref</GBQualifier_name>
          <GBQualifier_value>CDD:238127</GBQualifier_value>
        </GBQualifier>
      </GBFeature_quals>
    </GBFeature>
    <GBFeature>
      <GBFeature_key>CDS</GBFeature_key>
      <GBFeature_location>1..132</GBFeature_location>
      <GBFeature_intervals>
        <GBInterval>
          <GBInterval_from>1</GBInterval_from>
          <GBInterval_to>132</GBInterval_to>
          <GBInterval_accession>GAP57392.1</GBInterval_accession>
        </GBInterval>
      </GBFeature_intervals>
      <GBFeature_quals>
        <GBQualifier>
          <GBQualifier_name>locus_tag</GBQualifier_name>
          <GBQualifier_value>AHiyo1_02390</GBQualifier_value>
        </GBQualifier>
        <GBQualifier>
          <GBQualifier_name>coded_by</GBQualifier_name>
          <GBQualifier_value>complement(DF952468.1:260744..261142)</GBQualifier_value>
        </GBQualifier>
        <GBQualifier>
          <GBQualifier_name>transl_table</GBQualifier_name>
          <GBQualifier_value>11</GBQualifier_value>
        </GBQualifier>
      </GBFeature_quals>
    </GBFeature>
  </GBSeq_feature-table>
  <GBSeq_sequence>mgrktwesfpakyrplpgrtnivvtrqhgwadtpdargavvvssldaallesqfapggqnvwiigggeiyrqsmdianvavvtvidsdtdgdtfapefgdawnlestepadgwltskngtnyriatwrrted</GBSeq_sequence>
  <GBSeq_xrefs>
    <GBXref>
      <GBXref_dbname>BioProject</GBXref_dbname>
      <GBXref_id>PRJDB3373</GBXref_id>
    </GBXref>
    <GBXref>
      <GBXref_dbname>BioSample</GBXref_dbname>
      <GBXref_id>SAMD00024042</GBXref_id>
    </GBXref>
  </GBSeq_xrefs>
</GBSeq>

</GBSet>

