<?xml version="1.0" ?>
<!DOCTYPE GBSet PUBLIC "-//NCBI//NCBI GBSeq/EN" "https://www.ncbi.nlm.nih.gov/dtd/NCBI_GBSeq.dtd">
<GBSet>
<GBSeq>
  <GBSeq_locus>KEY41929</GBSeq_locus>
  <GBSeq_length>141</GBSeq_length>
  <GBSeq_moltype>AA</GBSeq_moltype>
  <GBSeq_topology>linear</GBSeq_topology>
  <GBSeq_division>BCT</GBSeq_division>
  <GBSeq_update-date>18-JUL-2014</GBSeq_update-date>
  <GBSeq_create-date>18-JUL-2014</GBSeq_create-date>
  <GBSeq_definition>dihydrofolate reductase [Pantoea agglomerans]</GBSeq_definition>
  <GBSeq_primary-accession>KEY41929</GBSeq_primary-accession>
  <GBSeq_accession-version>KEY41929.1</GBSeq_accession-version>
  <GBSeq_other-seqids>
    <GBSeqid>gb|KEY41929.1|</GBSeqid>
    <GBSeqid>gnl|WGS:JNGC|FB99_03810</GBSeqid>
    <GBSeqid>gi|666371792</GBSeqid>
  </GBSeq_other-seqids>
  <GBSeq_project>PRJNA248051</GBSeq_project>
  <GBSeq_source>Pantoea agglomerans</GBSeq_source>
  <GBSeq_organism>Pantoea agglomerans</GBSeq_organism>
  <GBSeq_taxonomy>Bacteria; Proteobacteria; Gammaproteobacteria; Enterobacteriales; Enterobacteriaceae; Pantoea; Pantoea agglomerans group</GBSeq_taxonomy>
  <GBSeq_references>
    <GBReference>
      <GBReference_reference>1</GBReference_reference>
      <GBReference_position>1..141</GBReference_position>
      <GBReference_authors>
        <GBAuthor>Lim,J.-A.</GBAuthor>
        <GBAuthor>Heu,S.</GBAuthor>
      </GBReference_authors>
      <GBReference_title>Genome sequence of Pantoea agglomerans 190</GBReference_title>
      <GBReference_journal>Unpublished</GBReference_journal>
    </GBReference>
    <GBReference>
      <GBReference_reference>2</GBReference_reference>
      <GBReference_position>1..141</GBReference_position>
      <GBReference_authors>
        <GBAuthor>Lim,J.-A.</GBAuthor>
        <GBAuthor>Heu,S.</GBAuthor>
      </GBReference_authors>
      <GBReference_title>Direct Submission</GBReference_title>
      <GBReference_journal>Submitted (01-JUN-2014) Microbial Safety Division, National Academy of Agricultural Science, 126,Suin-ro, Gwonseon-gu, Suwon 441-707, Republic of Korea</GBReference_journal>
    </GBReference>
  </GBSeq_references>
  <GBSeq_comment>##Genome-Assembly-Data-START## Assembly Method CLC NGS Cell v. 6.5 Genome Representation FULL Expected Final Version YES Genome Coverage 309.2x Sequencing Technology 454; PacBio; Illumina GAIIx ##Genome-Assembly-Data-END##; Method: conceptual translation.</GBSeq_comment>
  <GBSeq_source-db>accession JNGC01000001.1</GBSeq_source-db>
  <GBSeq_feature-table>
    <GBFeature>
      <GBFeature_key>source</GBFeature_key>
      <GBFeature_location>1..141</GBFeature_location>
      <GBFeature_intervals>
        <GBInterval>
          <GBInterval_from>1</GBInterval_from>
          <GBInterval_to>141</GBInterval_to>
          <GBInterval_accession>KEY41929.1</GBInterval_accession>
        </GBInterval>
      </GBFeature_intervals>
      <GBFeature_quals>
        <GBQualifier>
          <GBQualifier_name>organism</GBQualifier_name>
          <GBQualifier_value>Pantoea agglomerans</GBQualifier_value>
        </GBQualifier>
        <GBQualifier>
          <GBQualifier_name>strain</GBQualifier_name>
          <GBQualifier_value>190</GBQualifier_value>
        </GBQualifier>
        <GBQualifier>
          <GBQualifier_name>isolation_source</GBQualifier_name>
          <GBQualifier_value>soil</GBQualifier_value>
        </GBQualifier>
        <GBQualifier>
          <GBQualifier_name>db_xref</GBQualifier_name>
          <GBQualifier_value>taxon:549</GBQualifier_value>
        </GBQualifier>
        <GBQualifier>
          <GBQualifier_name>country</GBQualifier_name>
          <GBQualifier_value>South Korea</GBQualifier_value>
        </GBQualifier>
        <GBQualifier>
          <GBQualifier_name>collection_date</GBQualifier_name>
          <GBQualifier_value>01-Jan-2005</GBQualifier_value>
        </GBQualifier>
      </GBFeature_quals>
    </GBFeature>
    <GBFeature>
      <GBFeature_key>Protein</GBFeature_key>
      <GBFeature_location>1..141</GBFeature_location>
      <GBFeature_intervals>
        <GBInterval>
          <GBInterval_from>1</GBInterval_from>
          <GBInterval_to>141</GBInterval_to>
          <GBInterval_accession>KEY41929.1</GBInterval_accession>
        </GBInterval>
      </GBFeature_intervals>
      <GBFeature_quals>
        <GBQualifier>
          <GBQualifier_name>product</GBQualifier_name>
          <GBQualifier_value>dihydrofolate reductase</GBQualifier_value>
        </GBQualifier>
        <GBQualifier>
          <GBQualifier_name>EC_number</GBQualifier_name>
          <GBQualifier_value>1.5.1.3</GBQualifier_value>
        </GBQualifier>
        <GBQualifier>
          <GBQualifier_name>calculated_mol_wt</GBQualifier_name>
          <GBQualifier_value>16012</GBQualifier_value>
        </GBQualifier>
      </GBFeature_quals>
    </GBFeature>
    <GBFeature>
      <GBFeature_key>Region</GBFeature_key>
      <GBFeature_location>1..140</GBFeature_location>
      <GBFeature_intervals>
        <GBInterval>
          <GBInterval_from>1</GBInterval_from>
          <GBInterval_to>140</GBInterval_to>
          <GBInterval_accession>KEY41929.1</GBInterval_accession>
        </GBInterval>
      </GBFeature_intervals>
      <GBFeature_quals>
        <GBQualifier>
          <GBQualifier_name>region_name</GBQualifier_name>
          <GBQualifier_value>DHFR</GBQualifier_value>
        </GBQualifier>
        <GBQualifier>
          <GBQualifier_name>note</GBQualifier_name>
          <GBQualifier_value>Dihydrofolate reductase (DHFR). Reduces 7,8-dihydrofolate to 5,6,7,8-tetrahydrofolate with NADPH as a cofactor. This is an essential step in the biosynthesis of deoxythymidine phosphate since 5,6,7,8-tetrahydrofolate is required to regenerate 5; cl17279</GBQualifier_value>
        </GBQualifier>
        <GBQualifier>
          <GBQualifier_name>db_xref</GBQualifier_name>
          <GBQualifier_value>CDD:302636</GBQualifier_value>
        </GBQualifier>
      </GBFeature_quals>
    </GBFeature>
    <GBFeature>
      <GBFeature_key>Site</GBFeature_key>
      <GBFeature_location>order(3,8,38,75,81,94)</GBFeature_location>
      <GBFeature_intervals>
        <GBInterval>
          <GBInterval_point>3</GBInterval_point>
          <GBInterval_accession>KEY41929.1</GBInterval_accession>
        </GBInterval>
        <GBInterval>
          <GBInterval_point>8</GBInterval_point>
          <GBInterval_accession>KEY41929.1</GBInterval_accession>
        </GBInterval>
        <GBInterval>
          <GBInterval_point>38</GBInterval_point>
          <GBInterval_accession>KEY41929.1</GBInterval_accession>
        </GBInterval>
        <GBInterval>
          <GBInterval_point>75</GBInterval_point>
          <GBInterval_accession>KEY41929.1</GBInterval_accession>
        </GBInterval>
        <GBInterval>
          <GBInterval_point>81</GBInterval_point>
          <GBInterval_accession>KEY41929.1</GBInterval_accession>
        </GBInterval>
        <GBInterval>
          <GBInterval_point>94</GBInterval_point>
          <GBInterval_accession>KEY41929.1</GBInterval_accession>
        </GBInterval>
      </GBFeature_intervals>
      <GBFeature_operator>order</GBFeature_operator>
      <GBFeature_quals>
        <GBQualifier>
          <GBQualifier_name>site_type</GBQualifier_name>
          <GBQualifier_value>other</GBQualifier_value>
        </GBQualifier>
        <GBQualifier>
          <GBQualifier_name>note</GBQualifier_name>
          <GBQualifier_value>folate binding site [chemical binding]</GBQualifier_value>
        </GBQualifier>
        <GBQualifier>
          <GBQualifier_name>db_xref</GBQualifier_name>
          <GBQualifier_value>CDD:238127</GBQualifier_value>
        </GBQualifier>
      </GBFeature_quals>
    </GBFeature>
    <GBFeature>
      <GBFeature_key>Site</GBFeature_key>
      <GBFeature_location>order(25..27,45,76..79)</GBFeature_location>
      <GBFeature_intervals>
        <GBInterval>
          <GBInterval_from>25</GBInterval_from>
          <GBInterval_to>27</GBInterval_to>
          <GBInterval_accession>KEY41929.1</GBInterval_accession>
        </GBInterval>
        <GBInterval>
          <GBInterval_point>45</GBInterval_point>
          <GBInterval_accession>KEY41929.1</GBInterval_accession>
        </GBInterval>
        <GBInterval>
          <GBInterval_from>76</GBInterval_from>
          <GBInterval_to>79</GBInterval_to>
          <GBInterval_accession>KEY41929.1</GBInterval_accession>
        </GBInterval>
      </GBFeature_intervals>
      <GBFeature_operator>order</GBFeature_operator>
      <GBFeature_quals>
        <GBQualifier>
          <GBQualifier_name>site_type</GBQualifier_name>
          <GBQualifier_value>other</GBQualifier_value>
        </GBQualifier>
        <GBQualifier>
          <GBQualifier_name>note</GBQualifier_name>
          <GBQualifier_value>NADP+ binding site [chemical binding]</GBQualifier_value>
        </GBQualifier>
        <GBQualifier>
          <GBQualifier_name>db_xref</GBQualifier_name>
          <GBQualifier_value>CDD:238127</GBQualifier_value>
        </GBQualifier>
      </GBFeature_quals>
    </GBFeature>
    <GBFeature>
      <GBFeature_key>CDS</GBFeature_key>
      <GBFeature_location>1..141</GBFeature_location>
      <GBFeature_intervals>
        <GBInterval>
          <GBInterval_from>1</GBInterval_from>
          <GBInterval_to>141</GBInterval_to>
          <GBInterval_accession>KEY41929.1</GBInterval_accession>
        </GBInterval>
      </GBFeature_intervals>
      <GBFeature_quals>
        <GBQualifier>
          <GBQualifier_name>locus_tag</GBQualifier_name>
          <GBQualifier_value>FB99_03810</GBQualifier_value>
        </GBQualifier>
        <GBQualifier>
          <GBQualifier_name>coded_by</GBQualifier_name>
          <GBQualifier_value>JNGC01000001.1:414193..414618</GBQualifier_value>
        </GBQualifier>
        <GBQualifier>
          <GBQualifier_name>transl_table</GBQualifier_name>
          <GBQualifier_value>11</GBQualifier_value>
        </GBQualifier>
      </GBFeature_quals>
    </GBFeature>
  </GBSeq_feature-table>
  <GBSeq_sequence>mpwdlpadlawfkrhtlkkpvimgrltfesigrplpgrlnivvssqpgttegvtwvtsldealqaagdaeeimvigggrvyeqmlkradrlylthidaevegdtqfpdyepdewqstfsefhdadeqnshsycfeildrrr</GBSeq_sequence>
  <GBSeq_xrefs>
    <GBXref>
      <GBXref_dbname>BioProject</GBXref_dbname>
      <GBXref_id>PRJNA248051</GBXref_id>
    </GBXref>
    <GBXref>
      <GBXref_dbname>BioSample</GBXref_dbname>
      <GBXref_id>SAMN02786245</GBXref_id>
    </GBXref>
  </GBSeq_xrefs>
</GBSeq>

</GBSet>

