<?xml version="1.0" ?>
<!DOCTYPE GBSet PUBLIC "-//NCBI//NCBI GBSeq/EN" "https://www.ncbi.nlm.nih.gov/dtd/NCBI_GBSeq.dtd">
<GBSet>
<GBSeq>
  <GBSeq_locus>KFF56257</GBSeq_locus>
  <GBSeq_length>168</GBSeq_length>
  <GBSeq_moltype>AA</GBSeq_moltype>
  <GBSeq_topology>linear</GBSeq_topology>
  <GBSeq_division>BCT</GBSeq_division>
  <GBSeq_update-date>06-AUG-2014</GBSeq_update-date>
  <GBSeq_create-date>06-AUG-2014</GBSeq_create-date>
  <GBSeq_definition>dihydrofolate reductase [Bacillus subtilis]</GBSeq_definition>
  <GBSeq_primary-accession>KFF56257</GBSeq_primary-accession>
  <GBSeq_accession-version>KFF56257.1</GBSeq_accession-version>
  <GBSeq_other-seqids>
    <GBSeqid>gb|KFF56257.1|</GBSeqid>
    <GBSeqid>gnl|WGS:JHCA|CM50_09845</GBSeqid>
    <GBSeqid>gi|671704323</GBSeqid>
  </GBSeq_other-seqids>
  <GBSeq_project>PRJNA240915</GBSeq_project>
  <GBSeq_source>Bacillus subtilis</GBSeq_source>
  <GBSeq_organism>Bacillus subtilis</GBSeq_organism>
  <GBSeq_taxonomy>Bacteria; Firmicutes; Bacilli; Bacillales; Bacillaceae; Bacillus</GBSeq_taxonomy>
  <GBSeq_references>
    <GBReference>
      <GBReference_reference>1</GBReference_reference>
      <GBReference_position>1..168</GBReference_position>
      <GBReference_authors>
        <GBAuthor>Adelskov,J.</GBAuthor>
        <GBAuthor>Patel,B.K.</GBAuthor>
      </GBReference_authors>
      <GBReference_title>Draft Genome Sequence of Bacillus subtilis Strain D7XPN1, Isolated from Commercial Bioreactor-Degrading Food Waste</GBReference_title>
      <GBReference_journal>Genome Announc 2 (5) (2014)</GBReference_journal>
      <GBReference_xref>
        <GBXref>
          <GBXref_dbname>doi</GBXref_dbname>
          <GBXref_id>10.1128/genomeA.00989-14</GBXref_id>
        </GBXref>
      </GBReference_xref>
      <GBReference_pubmed>25278534</GBReference_pubmed>
      <GBReference_remark>Publication Status: Online-Only</GBReference_remark>
    </GBReference>
    <GBReference>
      <GBReference_reference>2</GBReference_reference>
      <GBReference_position>1..168</GBReference_position>
      <GBReference_authors>
        <GBAuthor>Patel,B.K.C.</GBAuthor>
      </GBReference_authors>
      <GBReference_title>Direct Submission</GBReference_title>
      <GBReference_journal>Submitted (24-MAR-2014) Microbial Gene Research and Resources Facility, School of Biomolecular and Physical Sciences, Griffith Univesrity, Kessels Road, Brisbane, Q 4111, Australia</GBReference_journal>
    </GBReference>
  </GBSeq_references>
  <GBSeq_comment>Bacteria and source DNA available from: Bharat Patel, Microbial Gene Research and Resources Facility, Griffith University, Kessels Road, Brisbane, Australia; Annotation was added by the NCBI Prokaryotic Genome Annotation Pipeline (released 2013). Information about the Pipeline can be found here: http://www.ncbi.nlm.nih.gov/genome/annotation_prok/; ##Genome-Assembly-Data-START## Assembly Date 28-JAN-2014 Assembly Method Newbler v. 2.9 Genome Representation Full Expected Final Version No Genome Coverage 40.0x Sequencing Technology IonTorrent ##Genome-Assembly-Data-END##; ##Genome-Annotation-Data-START## Annotation Date 03/25/2014 20:14:11 Annotation Method Best-placed reference protein set; GeneMarkS+ Annotation Pipeline NCBI Prokaryotic Genome Annotation Pipeline Annotation Provider NCBI Features Annotated Gene; CDS; rRNA; tRNA; ncRNA; repeat_region Annotation Software revision 2.4 (rev. 429283) Genes 4,021 CDS 3,033 Pseudo Genes 917 rRNAs 4 (5S, 16S, 23S) tRNAs 66 ncRNA 1 Frameshifted Genes 907 ##Genome-Annotation-Data-END##</GBSeq_comment>
  <GBSeq_source-db>accession JHCA01000024.1</GBSeq_source-db>
  <GBSeq_feature-table>
    <GBFeature>
      <GBFeature_key>source</GBFeature_key>
      <GBFeature_location>1..168</GBFeature_location>
      <GBFeature_intervals>
        <GBInterval>
          <GBInterval_from>1</GBInterval_from>
          <GBInterval_to>168</GBInterval_to>
          <GBInterval_accession>KFF56257.1</GBInterval_accession>
        </GBInterval>
      </GBFeature_intervals>
      <GBFeature_quals>
        <GBQualifier>
          <GBQualifier_name>organism</GBQualifier_name>
          <GBQualifier_value>Bacillus subtilis</GBQualifier_value>
        </GBQualifier>
        <GBQualifier>
          <GBQualifier_name>strain</GBQualifier_name>
          <GBQualifier_value>D7XPN1</GBQualifier_value>
        </GBQualifier>
        <GBQualifier>
          <GBQualifier_name>isolation_source</GBQualifier_name>
          <GBQualifier_value>food-waste degradation bioreactor (Baku Baku)</GBQualifier_value>
        </GBQualifier>
        <GBQualifier>
          <GBQualifier_name>db_xref</GBQualifier_name>
          <GBQualifier_value>taxon:1423</GBQualifier_value>
        </GBQualifier>
        <GBQualifier>
          <GBQualifier_name>country</GBQualifier_name>
          <GBQualifier_value>Australia: Gold Coast</GBQualifier_value>
        </GBQualifier>
        <GBQualifier>
          <GBQualifier_name>collection_date</GBQualifier_name>
          <GBQualifier_value>22-Jan-2013</GBQualifier_value>
        </GBQualifier>
        <GBQualifier>
          <GBQualifier_name>collected_by</GBQualifier_name>
          <GBQualifier_value>Scott Browning, ExactEnergy</GBQualifier_value>
        </GBQualifier>
        <GBQualifier>
          <GBQualifier_name>identified_by</GBQualifier_name>
          <GBQualifier_value>Joseph Adelskov</GBQualifier_value>
        </GBQualifier>
      </GBFeature_quals>
    </GBFeature>
    <GBFeature>
      <GBFeature_key>Protein</GBFeature_key>
      <GBFeature_location>1..168</GBFeature_location>
      <GBFeature_intervals>
        <GBInterval>
          <GBInterval_from>1</GBInterval_from>
          <GBInterval_to>168</GBInterval_to>
          <GBInterval_accession>KFF56257.1</GBInterval_accession>
        </GBInterval>
      </GBFeature_intervals>
      <GBFeature_quals>
        <GBQualifier>
          <GBQualifier_name>product</GBQualifier_name>
          <GBQualifier_value>dihydrofolate reductase</GBQualifier_value>
        </GBQualifier>
        <GBQualifier>
          <GBQualifier_name>calculated_mol_wt</GBQualifier_name>
          <GBQualifier_value>18837</GBQualifier_value>
        </GBQualifier>
      </GBFeature_quals>
    </GBFeature>
    <GBFeature>
      <GBFeature_key>Region</GBFeature_key>
      <GBFeature_location>1..159</GBFeature_location>
      <GBFeature_intervals>
        <GBInterval>
          <GBInterval_from>1</GBInterval_from>
          <GBInterval_to>159</GBInterval_to>
          <GBInterval_accession>KFF56257.1</GBInterval_accession>
        </GBInterval>
      </GBFeature_intervals>
      <GBFeature_quals>
        <GBQualifier>
          <GBQualifier_name>region_name</GBQualifier_name>
          <GBQualifier_value>DHFR_1</GBQualifier_value>
        </GBQualifier>
        <GBQualifier>
          <GBQualifier_name>note</GBQualifier_name>
          <GBQualifier_value>Dihydrofolate reductase; pfam00186</GBQualifier_value>
        </GBQualifier>
        <GBQualifier>
          <GBQualifier_name>db_xref</GBQualifier_name>
          <GBQualifier_value>CDD:278610</GBQualifier_value>
        </GBQualifier>
      </GBFeature_quals>
    </GBFeature>
    <GBFeature>
      <GBFeature_key>Site</GBFeature_key>
      <GBFeature_location>order(5,22,27,57,95,101,114)</GBFeature_location>
      <GBFeature_intervals>
        <GBInterval>
          <GBInterval_point>5</GBInterval_point>
          <GBInterval_accession>KFF56257.1</GBInterval_accession>
        </GBInterval>
        <GBInterval>
          <GBInterval_point>22</GBInterval_point>
          <GBInterval_accession>KFF56257.1</GBInterval_accession>
        </GBInterval>
        <GBInterval>
          <GBInterval_point>27</GBInterval_point>
          <GBInterval_accession>KFF56257.1</GBInterval_accession>
        </GBInterval>
        <GBInterval>
          <GBInterval_point>57</GBInterval_point>
          <GBInterval_accession>KFF56257.1</GBInterval_accession>
        </GBInterval>
        <GBInterval>
          <GBInterval_point>95</GBInterval_point>
          <GBInterval_accession>KFF56257.1</GBInterval_accession>
        </GBInterval>
        <GBInterval>
          <GBInterval_point>101</GBInterval_point>
          <GBInterval_accession>KFF56257.1</GBInterval_accession>
        </GBInterval>
        <GBInterval>
          <GBInterval_point>114</GBInterval_point>
          <GBInterval_accession>KFF56257.1</GBInterval_accession>
        </GBInterval>
      </GBFeature_intervals>
      <GBFeature_operator>order</GBFeature_operator>
      <GBFeature_quals>
        <GBQualifier>
          <GBQualifier_name>site_type</GBQualifier_name>
          <GBQualifier_value>other</GBQualifier_value>
        </GBQualifier>
        <GBQualifier>
          <GBQualifier_name>note</GBQualifier_name>
          <GBQualifier_value>folate binding site [chemical binding]</GBQualifier_value>
        </GBQualifier>
        <GBQualifier>
          <GBQualifier_name>db_xref</GBQualifier_name>
          <GBQualifier_value>CDD:238127</GBQualifier_value>
        </GBQualifier>
      </GBFeature_quals>
    </GBFeature>
    <GBFeature>
      <GBFeature_key>Site</GBFeature_key>
      <GBFeature_location>order(7,14,44..46,96..99)</GBFeature_location>
      <GBFeature_intervals>
        <GBInterval>
          <GBInterval_point>7</GBInterval_point>
          <GBInterval_accession>KFF56257.1</GBInterval_accession>
        </GBInterval>
        <GBInterval>
          <GBInterval_point>14</GBInterval_point>
          <GBInterval_accession>KFF56257.1</GBInterval_accession>
        </GBInterval>
        <GBInterval>
          <GBInterval_from>44</GBInterval_from>
          <GBInterval_to>46</GBInterval_to>
          <GBInterval_accession>KFF56257.1</GBInterval_accession>
        </GBInterval>
        <GBInterval>
          <GBInterval_from>96</GBInterval_from>
          <GBInterval_to>99</GBInterval_to>
          <GBInterval_accession>KFF56257.1</GBInterval_accession>
        </GBInterval>
      </GBFeature_intervals>
      <GBFeature_operator>order</GBFeature_operator>
      <GBFeature_quals>
        <GBQualifier>
          <GBQualifier_name>site_type</GBQualifier_name>
          <GBQualifier_value>other</GBQualifier_value>
        </GBQualifier>
        <GBQualifier>
          <GBQualifier_name>note</GBQualifier_name>
          <GBQualifier_value>NADP+ binding site [chemical binding]</GBQualifier_value>
        </GBQualifier>
        <GBQualifier>
          <GBQualifier_name>db_xref</GBQualifier_name>
          <GBQualifier_value>CDD:238127</GBQualifier_value>
        </GBQualifier>
      </GBFeature_quals>
    </GBFeature>
    <GBFeature>
      <GBFeature_key>CDS</GBFeature_key>
      <GBFeature_location>1..168</GBFeature_location>
      <GBFeature_intervals>
        <GBInterval>
          <GBInterval_from>1</GBInterval_from>
          <GBInterval_to>168</GBInterval_to>
          <GBInterval_accession>KFF56257.1</GBInterval_accession>
        </GBInterval>
      </GBFeature_intervals>
      <GBFeature_quals>
        <GBQualifier>
          <GBQualifier_name>locus_tag</GBQualifier_name>
          <GBQualifier_value>CM50_09845</GBQualifier_value>
        </GBQualifier>
        <GBQualifier>
          <GBQualifier_name>coded_by</GBQualifier_name>
          <GBQualifier_value>JHCA01000024.1:848386..848892</GBQualifier_value>
        </GBQualifier>
        <GBQualifier>
          <GBQualifier_name>inference</GBQualifier_name>
          <GBQualifier_value>EXISTENCE: similar to AA sequence:RefSeq:WP_004397873.1</GBQualifier_value>
        </GBQualifier>
        <GBQualifier>
          <GBQualifier_name>note</GBQualifier_name>
          <GBQualifier_value>Derived by automated computational analysis using gene prediction method: Protein Homology.</GBQualifier_value>
        </GBQualifier>
        <GBQualifier>
          <GBQualifier_name>transl_table</GBQualifier_name>
          <GBQualifier_value>11</GBQualifier_value>
        </GBQualifier>
      </GBFeature_quals>
    </GBFeature>
  </GBSeq_feature-table>
  <GBSeq_sequence>misfifamdanrligkdndlpwhlpndlayfkkvtsghsiimgrktfesigrplpnrknivvtsapasefpgctvvsslqdvldicsgseecfviggaqlytdlfpyadrlymtkihhefegdrhfpefdegdwelvsseqgikdeknpydyeflvcekknsskaggf</GBSeq_sequence>
  <GBSeq_xrefs>
    <GBXref>
      <GBXref_dbname>BioProject</GBXref_dbname>
      <GBXref_id>PRJNA240915</GBXref_id>
    </GBXref>
    <GBXref>
      <GBXref_dbname>BioSample</GBXref_dbname>
      <GBXref_id>SAMN02697041</GBXref_id>
    </GBXref>
  </GBSeq_xrefs>
</GBSeq>

</GBSet>

