<?xml version="1.0" ?>
<!DOCTYPE GBSet PUBLIC "-//NCBI//NCBI GBSeq/EN" "https://www.ncbi.nlm.nih.gov/dtd/NCBI_GBSeq.dtd">
<GBSet>
<GBSeq>
  <GBSeq_locus>KGM72648</GBSeq_locus>
  <GBSeq_length>196</GBSeq_length>
  <GBSeq_moltype>AA</GBSeq_moltype>
  <GBSeq_topology>linear</GBSeq_topology>
  <GBSeq_division>BCT</GBSeq_division>
  <GBSeq_update-date>24-OCT-2014</GBSeq_update-date>
  <GBSeq_create-date>24-OCT-2014</GBSeq_create-date>
  <GBSeq_definition>dihydrofolate reductase type I [Escherichia coli]</GBSeq_definition>
  <GBSeq_primary-accession>KGM72648</GBSeq_primary-accession>
  <GBSeq_accession-version>KGM72648.1</GBSeq_accession-version>
  <GBSeq_other-seqids>
    <GBSeqid>gb|KGM72648.1|</GBSeqid>
    <GBSeqid>gnl|WGS:JPKK|EL78_3487</GBSeqid>
    <GBSeqid>gi|699393525</GBSeqid>
  </GBSeq_other-seqids>
  <GBSeq_project>PRJNA245869</GBSeq_project>
  <GBSeq_source>Escherichia coli</GBSeq_source>
  <GBSeq_organism>Escherichia coli</GBSeq_organism>
  <GBSeq_taxonomy>Bacteria; Proteobacteria; Gammaproteobacteria; Enterobacteriales; Enterobacteriaceae; Escherichia</GBSeq_taxonomy>
  <GBSeq_references>
    <GBReference>
      <GBReference_reference>1</GBReference_reference>
      <GBReference_position>1..196</GBReference_position>
      <GBReference_authors>
        <GBAuthor>Zschuttig,A.</GBAuthor>
        <GBAuthor>Auerbach,C.</GBAuthor>
        <GBAuthor>Meltke,S.</GBAuthor>
        <GBAuthor>Eichhorn,C.</GBAuthor>
        <GBAuthor>Brandt,M.</GBAuthor>
        <GBAuthor>Blom,J.</GBAuthor>
        <GBAuthor>Goesmann,A.</GBAuthor>
        <GBAuthor>Jarek,M.</GBAuthor>
        <GBAuthor>Scharfe,M.</GBAuthor>
        <GBAuthor>Zimmermann,K.</GBAuthor>
        <GBAuthor>Wassenaar,T.M.</GBAuthor>
        <GBAuthor>Gunzer,F.</GBAuthor>
      </GBReference_authors>
      <GBReference_title>Complete Sequence of Probiotic Symbioflor 2 Escherichia coli Strain G3/10 and Draft Sequences of Symbioflor 2 E. coli Strains G1/2, G4/9, G5, G6/7, and G8</GBReference_title>
      <GBReference_journal>Genome Announc 3 (2) (2015)</GBReference_journal>
      <GBReference_xref>
        <GBXref>
          <GBXref_dbname>doi</GBXref_dbname>
          <GBXref_id>10.1128/genomeA.01330-14</GBXref_id>
        </GBXref>
      </GBReference_xref>
      <GBReference_pubmed>25745009</GBReference_pubmed>
      <GBReference_remark>Publication Status: Online-Only</GBReference_remark>
    </GBReference>
    <GBReference>
      <GBReference_reference>2</GBReference_reference>
      <GBReference_position>1..196</GBReference_position>
      <GBReference_authors>
        <GBAuthor>Zschuettig,A.</GBAuthor>
        <GBAuthor>Auerbach,C.</GBAuthor>
        <GBAuthor>Meltke,S.</GBAuthor>
        <GBAuthor>Eichhorn,C.</GBAuthor>
        <GBAuthor>Brandt,M.</GBAuthor>
        <GBAuthor>Blom,J.</GBAuthor>
        <GBAuthor>Goesmann,A.</GBAuthor>
        <GBAuthor>Jarek,M.</GBAuthor>
        <GBAuthor>Scharfe,M.</GBAuthor>
        <GBAuthor>Zimmermann,K.</GBAuthor>
        <GBAuthor>Wassenaar,T.M.</GBAuthor>
        <GBAuthor>Gunzer,F.</GBAuthor>
      </GBReference_authors>
      <GBReference_title>Direct Submission</GBReference_title>
      <GBReference_journal>Submitted (08-JUL-2014) Institute of Medical Microbiology and Hygiene, TU Dresden, Medical Faculty &apos;Carl Gustav Carus&apos;, Fetscherstrasse 74, Dresden, Saxony 01307, Germany</GBReference_journal>
    </GBReference>
  </GBSeq_references>
  <GBSeq_comment>##Genome-Assembly-Data-START## Assembly Method Velvet v. 1.2.10 Genome Coverage 80x Sequencing Technology Illumina ##Genome-Assembly-Data-END##; Method: conceptual translation.</GBSeq_comment>
  <GBSeq_source-db>accession JPKK01000063.1</GBSeq_source-db>
  <GBSeq_feature-table>
    <GBFeature>
      <GBFeature_key>source</GBFeature_key>
      <GBFeature_location>1..196</GBFeature_location>
      <GBFeature_intervals>
        <GBInterval>
          <GBInterval_from>1</GBInterval_from>
          <GBInterval_to>196</GBInterval_to>
          <GBInterval_accession>KGM72648.1</GBInterval_accession>
        </GBInterval>
      </GBFeature_intervals>
      <GBFeature_quals>
        <GBQualifier>
          <GBQualifier_name>organism</GBQualifier_name>
          <GBQualifier_value>Escherichia coli</GBQualifier_value>
        </GBQualifier>
        <GBQualifier>
          <GBQualifier_name>strain</GBQualifier_name>
          <GBQualifier_value>G5</GBQualifier_value>
        </GBQualifier>
        <GBQualifier>
          <GBQualifier_name>host</GBQualifier_name>
          <GBQualifier_value>Homo sapiens</GBQualifier_value>
        </GBQualifier>
        <GBQualifier>
          <GBQualifier_name>db_xref</GBQualifier_name>
          <GBQualifier_value>taxon:562</GBQualifier_value>
        </GBQualifier>
        <GBQualifier>
          <GBQualifier_name>country</GBQualifier_name>
          <GBQualifier_value>Germany: near Wetzlar</GBQualifier_value>
        </GBQualifier>
        <GBQualifier>
          <GBQualifier_name>collection_date</GBQualifier_name>
          <GBQualifier_value>1954</GBQualifier_value>
        </GBQualifier>
      </GBFeature_quals>
    </GBFeature>
    <GBFeature>
      <GBFeature_key>Protein</GBFeature_key>
      <GBFeature_location>1..196</GBFeature_location>
      <GBFeature_intervals>
        <GBInterval>
          <GBInterval_from>1</GBInterval_from>
          <GBInterval_to>196</GBInterval_to>
          <GBInterval_accession>KGM72648.1</GBInterval_accession>
        </GBInterval>
      </GBFeature_intervals>
      <GBFeature_quals>
        <GBQualifier>
          <GBQualifier_name>product</GBQualifier_name>
          <GBQualifier_value>dihydrofolate reductase type I</GBQualifier_value>
        </GBQualifier>
        <GBQualifier>
          <GBQualifier_name>EC_number</GBQualifier_name>
          <GBQualifier_value>1.5.1.3</GBQualifier_value>
        </GBQualifier>
        <GBQualifier>
          <GBQualifier_name>function</GBQualifier_name>
          <GBQualifier_value>Dihydrofolate reductase</GBQualifier_value>
        </GBQualifier>
        <GBQualifier>
          <GBQualifier_name>calculated_mol_wt</GBQualifier_name>
          <GBQualifier_value>22183</GBQualifier_value>
        </GBQualifier>
      </GBFeature_quals>
    </GBFeature>
    <GBFeature>
      <GBFeature_key>Region</GBFeature_key>
      <GBFeature_location>38..196</GBFeature_location>
      <GBFeature_intervals>
        <GBInterval>
          <GBInterval_from>38</GBInterval_from>
          <GBInterval_to>196</GBInterval_to>
          <GBInterval_accession>KGM72648.1</GBInterval_accession>
        </GBInterval>
      </GBFeature_intervals>
      <GBFeature_quals>
        <GBQualifier>
          <GBQualifier_name>region_name</GBQualifier_name>
          <GBQualifier_value>folA</GBQualifier_value>
        </GBQualifier>
        <GBQualifier>
          <GBQualifier_name>note</GBQualifier_name>
          <GBQualifier_value>dihydrofolate reductase; Provisional; PRK10769</GBQualifier_value>
        </GBQualifier>
        <GBQualifier>
          <GBQualifier_name>db_xref</GBQualifier_name>
          <GBQualifier_value>CDD:182714</GBQualifier_value>
        </GBQualifier>
      </GBFeature_quals>
    </GBFeature>
    <GBFeature>
      <GBFeature_key>Site</GBFeature_key>
      <GBFeature_location>order(42,59,64,94,131,137,150)</GBFeature_location>
      <GBFeature_intervals>
        <GBInterval>
          <GBInterval_point>42</GBInterval_point>
          <GBInterval_accession>KGM72648.1</GBInterval_accession>
        </GBInterval>
        <GBInterval>
          <GBInterval_point>59</GBInterval_point>
          <GBInterval_accession>KGM72648.1</GBInterval_accession>
        </GBInterval>
        <GBInterval>
          <GBInterval_point>64</GBInterval_point>
          <GBInterval_accession>KGM72648.1</GBInterval_accession>
        </GBInterval>
        <GBInterval>
          <GBInterval_point>94</GBInterval_point>
          <GBInterval_accession>KGM72648.1</GBInterval_accession>
        </GBInterval>
        <GBInterval>
          <GBInterval_point>131</GBInterval_point>
          <GBInterval_accession>KGM72648.1</GBInterval_accession>
        </GBInterval>
        <GBInterval>
          <GBInterval_point>137</GBInterval_point>
          <GBInterval_accession>KGM72648.1</GBInterval_accession>
        </GBInterval>
        <GBInterval>
          <GBInterval_point>150</GBInterval_point>
          <GBInterval_accession>KGM72648.1</GBInterval_accession>
        </GBInterval>
      </GBFeature_intervals>
      <GBFeature_operator>order</GBFeature_operator>
      <GBFeature_quals>
        <GBQualifier>
          <GBQualifier_name>site_type</GBQualifier_name>
          <GBQualifier_value>other</GBQualifier_value>
        </GBQualifier>
        <GBQualifier>
          <GBQualifier_name>note</GBQualifier_name>
          <GBQualifier_value>folate binding site [chemical binding]</GBQualifier_value>
        </GBQualifier>
        <GBQualifier>
          <GBQualifier_name>db_xref</GBQualifier_name>
          <GBQualifier_value>CDD:238127</GBQualifier_value>
        </GBQualifier>
      </GBFeature_quals>
    </GBFeature>
    <GBFeature>
      <GBFeature_key>Site</GBFeature_key>
      <GBFeature_location>order(44,51,81..83,101,132..135)</GBFeature_location>
      <GBFeature_intervals>
        <GBInterval>
          <GBInterval_point>44</GBInterval_point>
          <GBInterval_accession>KGM72648.1</GBInterval_accession>
        </GBInterval>
        <GBInterval>
          <GBInterval_point>51</GBInterval_point>
          <GBInterval_accession>KGM72648.1</GBInterval_accession>
        </GBInterval>
        <GBInterval>
          <GBInterval_from>81</GBInterval_from>
          <GBInterval_to>83</GBInterval_to>
          <GBInterval_accession>KGM72648.1</GBInterval_accession>
        </GBInterval>
        <GBInterval>
          <GBInterval_point>101</GBInterval_point>
          <GBInterval_accession>KGM72648.1</GBInterval_accession>
        </GBInterval>
        <GBInterval>
          <GBInterval_from>132</GBInterval_from>
          <GBInterval_to>135</GBInterval_to>
          <GBInterval_accession>KGM72648.1</GBInterval_accession>
        </GBInterval>
      </GBFeature_intervals>
      <GBFeature_operator>order</GBFeature_operator>
      <GBFeature_quals>
        <GBQualifier>
          <GBQualifier_name>site_type</GBQualifier_name>
          <GBQualifier_value>other</GBQualifier_value>
        </GBQualifier>
        <GBQualifier>
          <GBQualifier_name>note</GBQualifier_name>
          <GBQualifier_value>NADP+ binding site [chemical binding]</GBQualifier_value>
        </GBQualifier>
        <GBQualifier>
          <GBQualifier_name>db_xref</GBQualifier_name>
          <GBQualifier_value>CDD:238127</GBQualifier_value>
        </GBQualifier>
      </GBFeature_quals>
    </GBFeature>
    <GBFeature>
      <GBFeature_key>CDS</GBFeature_key>
      <GBFeature_location>1..196</GBFeature_location>
      <GBFeature_intervals>
        <GBInterval>
          <GBInterval_from>1</GBInterval_from>
          <GBInterval_to>196</GBInterval_to>
          <GBInterval_accession>KGM72648.1</GBInterval_accession>
        </GBInterval>
      </GBFeature_intervals>
      <GBFeature_quals>
        <GBQualifier>
          <GBQualifier_name>locus_tag</GBQualifier_name>
          <GBQualifier_value>EL78_3487</GBQualifier_value>
        </GBQualifier>
        <GBQualifier>
          <GBQualifier_name>coded_by</GBQualifier_name>
          <GBQualifier_value>complement(JPKK01000063.1:185452..186042)</GBQualifier_value>
        </GBQualifier>
        <GBQualifier>
          <GBQualifier_name>transl_table</GBQualifier_name>
          <GBQualifier_value>11</GBQualifier_value>
        </GBQualifier>
      </GBFeature_quals>
    </GBFeature>
  </GBSeq_feature-table>
  <GBSeq_sequence>mdspaeykiflniilapvddglrftysgdkffyreismisliaalavdrvigmenampwnlpadlawfkrntlnkpvimgrhtwesigrplpgrkniilssqpgtddrvtwvksvdeaiaacgdvpeimvigggrvyeqflpkaqklylthidaevegdthfpdyepddwesvfsefhdadaqnshsycfeilerr</GBSeq_sequence>
  <GBSeq_xrefs>
    <GBXref>
      <GBXref_dbname>BioProject</GBXref_dbname>
      <GBXref_id>PRJNA245869</GBXref_id>
    </GBXref>
    <GBXref>
      <GBXref_dbname>BioSample</GBXref_dbname>
      <GBXref_id>SAMN02867357</GBXref_id>
    </GBXref>
  </GBSeq_xrefs>
</GBSeq>

</GBSet>

