<?xml version="1.0" ?>
<!DOCTYPE GBSet PUBLIC "-//NCBI//NCBI GBSeq/EN" "https://www.ncbi.nlm.nih.gov/dtd/NCBI_GBSeq.dtd">
<GBSet>
<GBSeq>
  <GBSeq_locus>KJS65070</GBSeq_locus>
  <GBSeq_length>183</GBSeq_length>
  <GBSeq_moltype>AA</GBSeq_moltype>
  <GBSeq_topology>linear</GBSeq_topology>
  <GBSeq_division>ENV</GBSeq_division>
  <GBSeq_update-date>24-MAR-2015</GBSeq_update-date>
  <GBSeq_create-date>24-MAR-2015</GBSeq_create-date>
  <GBSeq_definition>dihydrofolate reductase [Comamonadaceae bacterium BICA1-1]</GBSeq_definition>
  <GBSeq_primary-accession>KJS65070</GBSeq_primary-accession>
  <GBSeq_accession-version>KJS65070.1</GBSeq_accession-version>
  <GBSeq_other-seqids>
    <GBSeqid>gb|KJS65070.1|</GBSeqid>
    <GBSeqid>gnl|WGS:JUEA|JM57_13405</GBSeqid>
    <GBSeqid>gi|780896996</GBSeqid>
  </GBSeq_other-seqids>
  <GBSeq_project>PRJNA257561</GBSeq_project>
  <GBSeq_keywords>
    <GBKeyword>ENV</GBKeyword>
  </GBSeq_keywords>
  <GBSeq_source>Comamonadaceae bacterium BICA1-1 (rock porewater metagenome)</GBSeq_source>
  <GBSeq_organism>Comamonadaceae bacterium BICA1-1</GBSeq_organism>
  <GBSeq_taxonomy>Bacteria; Proteobacteria; Betaproteobacteria; Burkholderiales; Comamonadaceae</GBSeq_taxonomy>
  <GBSeq_references>
    <GBReference>
      <GBReference_reference>1</GBReference_reference>
      <GBReference_position>1..183</GBReference_position>
      <GBReference_authors>
        <GBAuthor>Bagnoud,A.</GBAuthor>
        <GBAuthor>deBruijn,I.</GBAuthor>
        <GBAuthor>Andersson,A.</GBAuthor>
        <GBAuthor>Leupin,O.</GBAuthor>
        <GBAuthor>Schwyn,B.</GBAuthor>
        <GBAuthor>Bernier-Latmani,R.</GBAuthor>
      </GBReference_authors>
      <GBReference_title>Metabolic potential of the microbial community in the porewater of a deep subsurface clay rock</GBReference_title>
      <GBReference_journal>Unpublished</GBReference_journal>
    </GBReference>
    <GBReference>
      <GBReference_reference>2</GBReference_reference>
      <GBReference_position>1..183</GBReference_position>
      <GBReference_authors>
        <GBAuthor>Bagnoud,A.</GBAuthor>
      </GBReference_authors>
      <GBReference_title>Direct Submission</GBReference_title>
      <GBReference_journal>Submitted (27-NOV-2014) EPFL, Station 6, Lausanne 1015, Switzerland</GBReference_journal>
    </GBReference>
  </GBSeq_references>
  <GBSeq_comment>Annotation was added by the NCBI Prokaryotic Genome Annotation Pipeline (released 2013). Information about the Pipeline can be found here: http://www.ncbi.nlm.nih.gov/genome/annotation_prok/; ##Genome-Annotation-Data-START## Annotation Provider NCBI Annotation Date 03/20/2015 17:31:57 Annotation Pipeline NCBI Prokaryotic Genome Annotation Pipeline Annotation Method Best-placed reference protein set; GeneMarkS+ Annotation Software revision 2.10 (rev. 461190) Features Annotated Gene; CDS; rRNA; tRNA; ncRNA; repeat_region Genes 2,834 CDS 2,589 Pseudo Genes 191 CRISPR Arrays 2 rRNAs 4 (5S, 16S, 23S) tRNAs 49 ncRNA 1 Frameshifted Genes 24 ##Genome-Annotation-Data-END##; ##Genome-Assembly-Data-START## Assembly Date MAY-2014 Assembly Method Ray v. 2.3.1 Genome Coverage 53.0x Sequencing Technology Illumina HiSeq ##Genome-Assembly-Data-END##</GBSeq_comment>
  <GBSeq_source-db>accession JUEA01000120.1</GBSeq_source-db>
  <GBSeq_feature-table>
    <GBFeature>
      <GBFeature_key>source</GBFeature_key>
      <GBFeature_location>1..183</GBFeature_location>
      <GBFeature_intervals>
        <GBInterval>
          <GBInterval_from>1</GBInterval_from>
          <GBInterval_to>183</GBInterval_to>
          <GBInterval_accession>KJS65070.1</GBInterval_accession>
        </GBInterval>
      </GBFeature_intervals>
      <GBFeature_quals>
        <GBQualifier>
          <GBQualifier_name>organism</GBQualifier_name>
          <GBQualifier_value>Comamonadaceae bacterium BICA1-1</GBQualifier_value>
        </GBQualifier>
        <GBQualifier>
          <GBQualifier_name>isolate</GBQualifier_name>
          <GBQualifier_value>BICA1-1</GBQualifier_value>
        </GBQualifier>
        <GBQualifier>
          <GBQualifier_name>isolation_source</GBQualifier_name>
          <GBQualifier_value>Opalinus Clay rock</GBQualifier_value>
        </GBQualifier>
        <GBQualifier>
          <GBQualifier_name>db_xref</GBQualifier_name>
          <GBQualifier_value>taxon:1531963</GBQualifier_value>
        </GBQualifier>
        <GBQualifier>
          <GBQualifier_name>environmental_sample</GBQualifier_name>
        </GBQualifier>
        <GBQualifier>
          <GBQualifier_name>country</GBQualifier_name>
          <GBQualifier_value>Switzerland: Mt Terri URL, St-Ursanne</GBQualifier_value>
        </GBQualifier>
        <GBQualifier>
          <GBQualifier_name>lat_lon</GBQualifier_name>
          <GBQualifier_value>47.378923414 N 7.164967030 E</GBQualifier_value>
        </GBQualifier>
        <GBQualifier>
          <GBQualifier_name>collection_date</GBQualifier_name>
          <GBQualifier_value>10-Jan-2013</GBQualifier_value>
        </GBQualifier>
        <GBQualifier>
          <GBQualifier_name>note</GBQualifier_name>
          <GBQualifier_value>metagenomic; derived from metagenome: rock porewater metagenome</GBQualifier_value>
        </GBQualifier>
      </GBFeature_quals>
    </GBFeature>
    <GBFeature>
      <GBFeature_key>Protein</GBFeature_key>
      <GBFeature_location>1..183</GBFeature_location>
      <GBFeature_intervals>
        <GBInterval>
          <GBInterval_from>1</GBInterval_from>
          <GBInterval_to>183</GBInterval_to>
          <GBInterval_accession>KJS65070.1</GBInterval_accession>
        </GBInterval>
      </GBFeature_intervals>
      <GBFeature_quals>
        <GBQualifier>
          <GBQualifier_name>product</GBQualifier_name>
          <GBQualifier_value>dihydrofolate reductase</GBQualifier_value>
        </GBQualifier>
        <GBQualifier>
          <GBQualifier_name>calculated_mol_wt</GBQualifier_name>
          <GBQualifier_value>19753</GBQualifier_value>
        </GBQualifier>
      </GBFeature_quals>
    </GBFeature>
    <GBFeature>
      <GBFeature_key>Region</GBFeature_key>
      <GBFeature_location>2..168</GBFeature_location>
      <GBFeature_intervals>
        <GBInterval>
          <GBInterval_from>2</GBInterval_from>
          <GBInterval_to>168</GBInterval_to>
          <GBInterval_accession>KJS65070.1</GBInterval_accession>
        </GBInterval>
      </GBFeature_intervals>
      <GBFeature_quals>
        <GBQualifier>
          <GBQualifier_name>region_name</GBQualifier_name>
          <GBQualifier_value>DHFR_1</GBQualifier_value>
        </GBQualifier>
        <GBQualifier>
          <GBQualifier_name>note</GBQualifier_name>
          <GBQualifier_value>Dihydrofolate reductase; pfam00186</GBQualifier_value>
        </GBQualifier>
        <GBQualifier>
          <GBQualifier_name>db_xref</GBQualifier_name>
          <GBQualifier_value>CDD:278610</GBQualifier_value>
        </GBQualifier>
      </GBFeature_quals>
    </GBFeature>
    <GBFeature>
      <GBFeature_key>Site</GBFeature_key>
      <GBFeature_location>order(6,23,28,61,107,113,126)</GBFeature_location>
      <GBFeature_intervals>
        <GBInterval>
          <GBInterval_point>6</GBInterval_point>
          <GBInterval_accession>KJS65070.1</GBInterval_accession>
        </GBInterval>
        <GBInterval>
          <GBInterval_point>23</GBInterval_point>
          <GBInterval_accession>KJS65070.1</GBInterval_accession>
        </GBInterval>
        <GBInterval>
          <GBInterval_point>28</GBInterval_point>
          <GBInterval_accession>KJS65070.1</GBInterval_accession>
        </GBInterval>
        <GBInterval>
          <GBInterval_point>61</GBInterval_point>
          <GBInterval_accession>KJS65070.1</GBInterval_accession>
        </GBInterval>
        <GBInterval>
          <GBInterval_point>107</GBInterval_point>
          <GBInterval_accession>KJS65070.1</GBInterval_accession>
        </GBInterval>
        <GBInterval>
          <GBInterval_point>113</GBInterval_point>
          <GBInterval_accession>KJS65070.1</GBInterval_accession>
        </GBInterval>
        <GBInterval>
          <GBInterval_point>126</GBInterval_point>
          <GBInterval_accession>KJS65070.1</GBInterval_accession>
        </GBInterval>
      </GBFeature_intervals>
      <GBFeature_operator>order</GBFeature_operator>
      <GBFeature_quals>
        <GBQualifier>
          <GBQualifier_name>site_type</GBQualifier_name>
          <GBQualifier_value>other</GBQualifier_value>
        </GBQualifier>
        <GBQualifier>
          <GBQualifier_name>note</GBQualifier_name>
          <GBQualifier_value>folate binding site [chemical binding]</GBQualifier_value>
        </GBQualifier>
        <GBQualifier>
          <GBQualifier_name>db_xref</GBQualifier_name>
          <GBQualifier_value>CDD:238127</GBQualifier_value>
        </GBQualifier>
      </GBFeature_quals>
    </GBFeature>
    <GBFeature>
      <GBFeature_key>Site</GBFeature_key>
      <GBFeature_location>order(8,15,45..47,68,108..111)</GBFeature_location>
      <GBFeature_intervals>
        <GBInterval>
          <GBInterval_point>8</GBInterval_point>
          <GBInterval_accession>KJS65070.1</GBInterval_accession>
        </GBInterval>
        <GBInterval>
          <GBInterval_point>15</GBInterval_point>
          <GBInterval_accession>KJS65070.1</GBInterval_accession>
        </GBInterval>
        <GBInterval>
          <GBInterval_from>45</GBInterval_from>
          <GBInterval_to>47</GBInterval_to>
          <GBInterval_accession>KJS65070.1</GBInterval_accession>
        </GBInterval>
        <GBInterval>
          <GBInterval_point>68</GBInterval_point>
          <GBInterval_accession>KJS65070.1</GBInterval_accession>
        </GBInterval>
        <GBInterval>
          <GBInterval_from>108</GBInterval_from>
          <GBInterval_to>111</GBInterval_to>
          <GBInterval_accession>KJS65070.1</GBInterval_accession>
        </GBInterval>
      </GBFeature_intervals>
      <GBFeature_operator>order</GBFeature_operator>
      <GBFeature_quals>
        <GBQualifier>
          <GBQualifier_name>site_type</GBQualifier_name>
          <GBQualifier_value>other</GBQualifier_value>
        </GBQualifier>
        <GBQualifier>
          <GBQualifier_name>note</GBQualifier_name>
          <GBQualifier_value>NADP+ binding site [chemical binding]</GBQualifier_value>
        </GBQualifier>
        <GBQualifier>
          <GBQualifier_name>db_xref</GBQualifier_name>
          <GBQualifier_value>CDD:238127</GBQualifier_value>
        </GBQualifier>
      </GBFeature_quals>
    </GBFeature>
    <GBFeature>
      <GBFeature_key>CDS</GBFeature_key>
      <GBFeature_location>1..183</GBFeature_location>
      <GBFeature_intervals>
        <GBInterval>
          <GBInterval_from>1</GBInterval_from>
          <GBInterval_to>183</GBInterval_to>
          <GBInterval_accession>KJS65070.1</GBInterval_accession>
        </GBInterval>
      </GBFeature_intervals>
      <GBFeature_quals>
        <GBQualifier>
          <GBQualifier_name>locus_tag</GBQualifier_name>
          <GBQualifier_value>JM57_13405</GBQualifier_value>
        </GBQualifier>
        <GBQualifier>
          <GBQualifier_name>coded_by</GBQualifier_name>
          <GBQualifier_value>JUEA01000120.1:33214..33765</GBQualifier_value>
        </GBQualifier>
        <GBQualifier>
          <GBQualifier_name>inference</GBQualifier_name>
          <GBQualifier_value>EXISTENCE: similar to AA sequence:RefSeq:WP_011802152.1</GBQualifier_value>
        </GBQualifier>
        <GBQualifier>
          <GBQualifier_name>note</GBQualifier_name>
          <GBQualifier_value>Derived by automated computational analysis using gene prediction method: Protein Homology.</GBQualifier_value>
        </GBQualifier>
        <GBQualifier>
          <GBQualifier_name>transl_table</GBQualifier_name>
          <GBQualifier_value>11</GBQualifier_value>
        </GBQualifier>
      </GBFeature_quals>
    </GBFeature>
  </GBSeq_feature-table>
  <GBSeq_sequence>mrlnliyaraangviglhnrlpwhlpedlahfkrhtlgcpvlmgratweglpprfrplpgrpnlvltrhperaaalraqgarpctsledalaqcaqmqpppaevwviggaqiyaqalplasrvlateigadfegdayapplgpewqecsrepltsasglrldfvcyqrapnptglaavppvha</GBSeq_sequence>
  <GBSeq_xrefs>
    <GBXref>
      <GBXref_dbname>BioProject</GBXref_dbname>
      <GBXref_id>PRJNA257561</GBXref_id>
    </GBXref>
    <GBXref>
      <GBXref_dbname>BioSample</GBXref_dbname>
      <GBXref_id>SAMN02953436</GBXref_id>
    </GBXref>
  </GBSeq_xrefs>
</GBSeq>

</GBSet>

