<?xml version="1.0" ?>
<!DOCTYPE GBSet PUBLIC "-//NCBI//NCBI GBSeq/EN" "https://www.ncbi.nlm.nih.gov/dtd/NCBI_GBSeq.dtd">
<GBSet>
<GBSeq>
  <GBSeq_locus>KKQ45655</GBSeq_locus>
  <GBSeq_length>174</GBSeq_length>
  <GBSeq_moltype>AA</GBSeq_moltype>
  <GBSeq_topology>linear</GBSeq_topology>
  <GBSeq_division>BCT</GBSeq_division>
  <GBSeq_update-date>07-MAY-2015</GBSeq_update-date>
  <GBSeq_create-date>07-MAY-2015</GBSeq_create-date>
  <GBSeq_definition>Dihydrofolate reductase [Candidatus Woesebacteria bacterium GW2011_GWA1_37_8]</GBSeq_definition>
  <GBSeq_primary-accession>KKQ45655</GBSeq_primary-accession>
  <GBSeq_accession-version>KKQ45655.1</GBSeq_accession-version>
  <GBSeq_other-seqids>
    <GBSeqid>gb|KKQ45655.1|</GBSeqid>
    <GBSeqid>gnl|WGS:LBTR|US62_C0011G0019</GBSeqid>
    <GBSeqid>gi|818365089</GBSeqid>
  </GBSeq_other-seqids>
  <GBSeq_project>PRJNA273161</GBSeq_project>
  <GBSeq_source>Candidatus Woesebacteria bacterium GW2011_GWA1_37_8 (groundwater metagenome)</GBSeq_source>
  <GBSeq_organism>Candidatus Woesebacteria bacterium GW2011_GWA1_37_8</GBSeq_organism>
  <GBSeq_taxonomy>Bacteria; Candidatus Woesebacteria</GBSeq_taxonomy>
  <GBSeq_references>
    <GBReference>
      <GBReference_reference>1</GBReference_reference>
      <GBReference_position>1..174</GBReference_position>
      <GBReference_authors>
        <GBAuthor>Brown,C.T.</GBAuthor>
        <GBAuthor>Hug,L.A.</GBAuthor>
        <GBAuthor>Thomas,B.C.</GBAuthor>
        <GBAuthor>Sharon,I.</GBAuthor>
        <GBAuthor>Castelle,C.J.</GBAuthor>
        <GBAuthor>Singh,A.</GBAuthor>
        <GBAuthor>Wilkins,M.J.</GBAuthor>
        <GBAuthor>Williams,K.H.</GBAuthor>
        <GBAuthor>Banfield,J.F.</GBAuthor>
      </GBReference_authors>
      <GBReference_title>rRNA introns, odd ribosomes, and small enigmatic genomes across a large radiation of phyla</GBReference_title>
      <GBReference_journal>Nature (2015) In press</GBReference_journal>
    </GBReference>
    <GBReference>
      <GBReference_reference>2</GBReference_reference>
      <GBReference_position>1..174</GBReference_position>
      <GBReference_authors>
        <GBAuthor>Brown,C.T.</GBAuthor>
        <GBAuthor>Hug,L.A.</GBAuthor>
        <GBAuthor>Thomas,B.C.</GBAuthor>
        <GBAuthor>Sharon,I.</GBAuthor>
        <GBAuthor>Castelle,C.J.</GBAuthor>
        <GBAuthor>Singh,A.</GBAuthor>
        <GBAuthor>Wilkins,M.J.</GBAuthor>
        <GBAuthor>Williams,K.H.</GBAuthor>
        <GBAuthor>Banfield,J.F.</GBAuthor>
      </GBReference_authors>
      <GBReference_title>Direct Submission</GBReference_title>
      <GBReference_journal>Submitted (01-MAY-2015) Earth and Planetary Science, University of California - Berkeley, 307 McCone Hall, Berkeley, CA 94720, USA</GBReference_journal>
    </GBReference>
  </GBSeq_references>
  <GBSeq_comment>##Genome-Assembly-Data-START## Assembly Method idba_ud v. 1.1 Genome Coverage 8.40x Sequencing Technology Illumina HiSeq2000 ##Genome-Assembly-Data-END##; Method: conceptual translation.</GBSeq_comment>
  <GBSeq_source-db>accession LBTR01000011.1</GBSeq_source-db>
  <GBSeq_feature-table>
    <GBFeature>
      <GBFeature_key>source</GBFeature_key>
      <GBFeature_location>1..174</GBFeature_location>
      <GBFeature_intervals>
        <GBInterval>
          <GBInterval_from>1</GBInterval_from>
          <GBInterval_to>174</GBInterval_to>
          <GBInterval_accession>KKQ45655.1</GBInterval_accession>
        </GBInterval>
      </GBFeature_intervals>
      <GBFeature_quals>
        <GBQualifier>
          <GBQualifier_name>organism</GBQualifier_name>
          <GBQualifier_value>Candidatus Woesebacteria bacterium GW2011_GWA1_37_8</GBQualifier_value>
        </GBQualifier>
        <GBQualifier>
          <GBQualifier_name>isolation_source</GBQualifier_name>
          <GBQualifier_value>aquifer sediment</GBQualifier_value>
        </GBQualifier>
        <GBQualifier>
          <GBQualifier_name>db_xref</GBQualifier_name>
          <GBQualifier_value>taxon:1618546</GBQualifier_value>
        </GBQualifier>
        <GBQualifier>
          <GBQualifier_name>environmental_sample</GBQualifier_name>
        </GBQualifier>
        <GBQualifier>
          <GBQualifier_name>country</GBQualifier_name>
          <GBQualifier_value>USA: Rifle, CO</GBQualifier_value>
        </GBQualifier>
        <GBQualifier>
          <GBQualifier_name>lat_lon</GBQualifier_name>
          <GBQualifier_value>39.5369 N 107.7828 W</GBQualifier_value>
        </GBQualifier>
        <GBQualifier>
          <GBQualifier_name>collection_date</GBQualifier_name>
          <GBQualifier_value>Jun-2011</GBQualifier_value>
        </GBQualifier>
        <GBQualifier>
          <GBQualifier_name>note</GBQualifier_name>
          <GBQualifier_value>metagenomic; derived from metagenome: groundwater metagenome</GBQualifier_value>
        </GBQualifier>
      </GBFeature_quals>
    </GBFeature>
    <GBFeature>
      <GBFeature_key>Protein</GBFeature_key>
      <GBFeature_location>1..174</GBFeature_location>
      <GBFeature_intervals>
        <GBInterval>
          <GBInterval_from>1</GBInterval_from>
          <GBInterval_to>174</GBInterval_to>
          <GBInterval_accession>KKQ45655.1</GBInterval_accession>
        </GBInterval>
      </GBFeature_intervals>
      <GBFeature_quals>
        <GBQualifier>
          <GBQualifier_name>product</GBQualifier_name>
          <GBQualifier_value>Dihydrofolate reductase</GBQualifier_value>
        </GBQualifier>
        <GBQualifier>
          <GBQualifier_name>calculated_mol_wt</GBQualifier_name>
          <GBQualifier_value>19791</GBQualifier_value>
        </GBQualifier>
      </GBFeature_quals>
    </GBFeature>
    <GBFeature>
      <GBFeature_key>Region</GBFeature_key>
      <GBFeature_location>5..170</GBFeature_location>
      <GBFeature_intervals>
        <GBInterval>
          <GBInterval_from>5</GBInterval_from>
          <GBInterval_to>170</GBInterval_to>
          <GBInterval_accession>KKQ45655.1</GBInterval_accession>
        </GBInterval>
      </GBFeature_intervals>
      <GBFeature_quals>
        <GBQualifier>
          <GBQualifier_name>region_name</GBQualifier_name>
          <GBQualifier_value>DHFR</GBQualifier_value>
        </GBQualifier>
        <GBQualifier>
          <GBQualifier_name>note</GBQualifier_name>
          <GBQualifier_value>Dihydrofolate reductase (DHFR). Reduces 7,8-dihydrofolate to 5,6,7,8-tetrahydrofolate with NADPH as a cofactor. This is an essential step in the biosynthesis of deoxythymidine phosphate since 5,6,7,8-tetrahydrofolate is required to regenerate 5; cl17279</GBQualifier_value>
        </GBQualifier>
        <GBQualifier>
          <GBQualifier_name>db_xref</GBQualifier_name>
          <GBQualifier_value>CDD:302636</GBQualifier_value>
        </GBQualifier>
      </GBFeature_quals>
    </GBFeature>
    <GBFeature>
      <GBFeature_key>Site</GBFeature_key>
      <GBFeature_location>order(9,26,31,68,110,116,129)</GBFeature_location>
      <GBFeature_intervals>
        <GBInterval>
          <GBInterval_point>9</GBInterval_point>
          <GBInterval_accession>KKQ45655.1</GBInterval_accession>
        </GBInterval>
        <GBInterval>
          <GBInterval_point>26</GBInterval_point>
          <GBInterval_accession>KKQ45655.1</GBInterval_accession>
        </GBInterval>
        <GBInterval>
          <GBInterval_point>31</GBInterval_point>
          <GBInterval_accession>KKQ45655.1</GBInterval_accession>
        </GBInterval>
        <GBInterval>
          <GBInterval_point>68</GBInterval_point>
          <GBInterval_accession>KKQ45655.1</GBInterval_accession>
        </GBInterval>
        <GBInterval>
          <GBInterval_point>110</GBInterval_point>
          <GBInterval_accession>KKQ45655.1</GBInterval_accession>
        </GBInterval>
        <GBInterval>
          <GBInterval_point>116</GBInterval_point>
          <GBInterval_accession>KKQ45655.1</GBInterval_accession>
        </GBInterval>
        <GBInterval>
          <GBInterval_point>129</GBInterval_point>
          <GBInterval_accession>KKQ45655.1</GBInterval_accession>
        </GBInterval>
      </GBFeature_intervals>
      <GBFeature_operator>order</GBFeature_operator>
      <GBFeature_quals>
        <GBQualifier>
          <GBQualifier_name>site_type</GBQualifier_name>
          <GBQualifier_value>other</GBQualifier_value>
        </GBQualifier>
        <GBQualifier>
          <GBQualifier_name>note</GBQualifier_name>
          <GBQualifier_value>folate binding site [chemical binding]</GBQualifier_value>
        </GBQualifier>
        <GBQualifier>
          <GBQualifier_name>db_xref</GBQualifier_name>
          <GBQualifier_value>CDD:238127</GBQualifier_value>
        </GBQualifier>
      </GBFeature_quals>
    </GBFeature>
    <GBFeature>
      <GBFeature_key>Site</GBFeature_key>
      <GBFeature_location>order(11,18,48..50,75,111..114)</GBFeature_location>
      <GBFeature_intervals>
        <GBInterval>
          <GBInterval_point>11</GBInterval_point>
          <GBInterval_accession>KKQ45655.1</GBInterval_accession>
        </GBInterval>
        <GBInterval>
          <GBInterval_point>18</GBInterval_point>
          <GBInterval_accession>KKQ45655.1</GBInterval_accession>
        </GBInterval>
        <GBInterval>
          <GBInterval_from>48</GBInterval_from>
          <GBInterval_to>50</GBInterval_to>
          <GBInterval_accession>KKQ45655.1</GBInterval_accession>
        </GBInterval>
        <GBInterval>
          <GBInterval_point>75</GBInterval_point>
          <GBInterval_accession>KKQ45655.1</GBInterval_accession>
        </GBInterval>
        <GBInterval>
          <GBInterval_from>111</GBInterval_from>
          <GBInterval_to>114</GBInterval_to>
          <GBInterval_accession>KKQ45655.1</GBInterval_accession>
        </GBInterval>
      </GBFeature_intervals>
      <GBFeature_operator>order</GBFeature_operator>
      <GBFeature_quals>
        <GBQualifier>
          <GBQualifier_name>site_type</GBQualifier_name>
          <GBQualifier_value>other</GBQualifier_value>
        </GBQualifier>
        <GBQualifier>
          <GBQualifier_name>note</GBQualifier_name>
          <GBQualifier_value>NADP+ binding site [chemical binding]</GBQualifier_value>
        </GBQualifier>
        <GBQualifier>
          <GBQualifier_name>db_xref</GBQualifier_name>
          <GBQualifier_value>CDD:238127</GBQualifier_value>
        </GBQualifier>
      </GBFeature_quals>
    </GBFeature>
    <GBFeature>
      <GBFeature_key>CDS</GBFeature_key>
      <GBFeature_location>1..174</GBFeature_location>
      <GBFeature_intervals>
        <GBInterval>
          <GBInterval_from>1</GBInterval_from>
          <GBInterval_to>174</GBInterval_to>
          <GBInterval_accession>KKQ45655.1</GBInterval_accession>
        </GBInterval>
      </GBFeature_intervals>
      <GBFeature_quals>
        <GBQualifier>
          <GBQualifier_name>locus_tag</GBQualifier_name>
          <GBQualifier_value>US62_C0011G0019</GBQualifier_value>
        </GBQualifier>
        <GBQualifier>
          <GBQualifier_name>coded_by</GBQualifier_name>
          <GBQualifier_value>LBTR01000011.1:19686..20210</GBQualifier_value>
        </GBQualifier>
        <GBQualifier>
          <GBQualifier_name>transl_table</GBQualifier_name>
          <GBQualifier_value>11</GBQualifier_value>
        </GBQualifier>
      </GBFeature_quals>
    </GBFeature>
  </GBSeq_feature-table>
  <GBSeq_sequence>mttqkfsivvaidekrgigkdnkipwhikedlvnlknltqnqvvivgantfismqsyydkserempgkvyivvtddrgfnpscsnaicvysideaikkaksygtdevfiiggsqifkqmiklanklyltivkgdfecdtffpgysdfknvisskreknetnefefkileritke</GBSeq_sequence>
  <GBSeq_xrefs>
    <GBXref>
      <GBXref_dbname>BioProject</GBXref_dbname>
      <GBXref_id>PRJNA273161</GBXref_id>
    </GBXref>
    <GBXref>
      <GBXref_dbname>BioSample</GBXref_dbname>
      <GBXref_id>SAMN03319391</GBXref_id>
    </GBXref>
  </GBSeq_xrefs>
</GBSeq>

</GBSet>

