<?xml version="1.0" ?>
<!DOCTYPE GBSet PUBLIC "-//NCBI//NCBI GBSeq/EN" "https://www.ncbi.nlm.nih.gov/dtd/NCBI_GBSeq.dtd">
<GBSet>
<GBSeq>
  <GBSeq_locus>KKR46764</GBSeq_locus>
  <GBSeq_length>181</GBSeq_length>
  <GBSeq_moltype>AA</GBSeq_moltype>
  <GBSeq_topology>linear</GBSeq_topology>
  <GBSeq_division>BCT</GBSeq_division>
  <GBSeq_update-date>07-MAY-2015</GBSeq_update-date>
  <GBSeq_create-date>07-MAY-2015</GBSeq_create-date>
  <GBSeq_definition>dihydrofolate reductase [Parcubacteria group bacterium GW2011_GWB1_40_14]</GBSeq_definition>
  <GBSeq_primary-accession>KKR46764</GBSeq_primary-accession>
  <GBSeq_accession-version>KKR46764.1</GBSeq_accession-version>
  <GBSeq_other-seqids>
    <GBSeqid>gb|KKR46764.1|</GBSeqid>
    <GBSeqid>gnl|WGS:LBYG|UT82_C0008G0049</GBSeqid>
    <GBSeqid>gi|818492446</GBSeqid>
  </GBSeq_other-seqids>
  <GBSeq_project>PRJNA273161</GBSeq_project>
  <GBSeq_source>Parcubacteria group bacterium GW2011_GWB1_40_14 (groundwater metagenome)</GBSeq_source>
  <GBSeq_organism>Parcubacteria group bacterium GW2011_GWB1_40_14</GBSeq_organism>
  <GBSeq_taxonomy>Bacteria; unclassified Parcubacteria group</GBSeq_taxonomy>
  <GBSeq_references>
    <GBReference>
      <GBReference_reference>1</GBReference_reference>
      <GBReference_position>1..181</GBReference_position>
      <GBReference_authors>
        <GBAuthor>Brown,C.T.</GBAuthor>
        <GBAuthor>Hug,L.A.</GBAuthor>
        <GBAuthor>Thomas,B.C.</GBAuthor>
        <GBAuthor>Sharon,I.</GBAuthor>
        <GBAuthor>Castelle,C.J.</GBAuthor>
        <GBAuthor>Singh,A.</GBAuthor>
        <GBAuthor>Wilkins,M.J.</GBAuthor>
        <GBAuthor>Williams,K.H.</GBAuthor>
        <GBAuthor>Banfield,J.F.</GBAuthor>
      </GBReference_authors>
      <GBReference_title>rRNA introns, odd ribosomes, and small enigmatic genomes across a large radiation of phyla</GBReference_title>
      <GBReference_journal>Nature (2015) In press</GBReference_journal>
    </GBReference>
    <GBReference>
      <GBReference_reference>2</GBReference_reference>
      <GBReference_position>1..181</GBReference_position>
      <GBReference_authors>
        <GBAuthor>Brown,C.T.</GBAuthor>
        <GBAuthor>Hug,L.A.</GBAuthor>
        <GBAuthor>Thomas,B.C.</GBAuthor>
        <GBAuthor>Sharon,I.</GBAuthor>
        <GBAuthor>Castelle,C.J.</GBAuthor>
        <GBAuthor>Singh,A.</GBAuthor>
        <GBAuthor>Wilkins,M.J.</GBAuthor>
        <GBAuthor>Williams,K.H.</GBAuthor>
        <GBAuthor>Banfield,J.F.</GBAuthor>
      </GBReference_authors>
      <GBReference_title>Direct Submission</GBReference_title>
      <GBReference_journal>Submitted (01-MAY-2015) Earth and Planetary Science, University of California - Berkeley, 307 McCone Hall, Berkeley, CA 94720, USA</GBReference_journal>
    </GBReference>
  </GBSeq_references>
  <GBSeq_comment>##Genome-Assembly-Data-START## Assembly Method idba_ud v. 1.1 Genome Coverage 13.97x Sequencing Technology Illumina HiSeq2000 ##Genome-Assembly-Data-END##; Method: conceptual translation.</GBSeq_comment>
  <GBSeq_source-db>accession LBYG01000008.1</GBSeq_source-db>
  <GBSeq_feature-table>
    <GBFeature>
      <GBFeature_key>source</GBFeature_key>
      <GBFeature_location>1..181</GBFeature_location>
      <GBFeature_intervals>
        <GBInterval>
          <GBInterval_from>1</GBInterval_from>
          <GBInterval_to>181</GBInterval_to>
          <GBInterval_accession>KKR46764.1</GBInterval_accession>
        </GBInterval>
      </GBFeature_intervals>
      <GBFeature_quals>
        <GBQualifier>
          <GBQualifier_name>organism</GBQualifier_name>
          <GBQualifier_value>Parcubacteria group bacterium GW2011_GWB1_40_14</GBQualifier_value>
        </GBQualifier>
        <GBQualifier>
          <GBQualifier_name>isolation_source</GBQualifier_name>
          <GBQualifier_value>aquifer sediment</GBQualifier_value>
        </GBQualifier>
        <GBQualifier>
          <GBQualifier_name>db_xref</GBQualifier_name>
          <GBQualifier_value>taxon:1618865</GBQualifier_value>
        </GBQualifier>
        <GBQualifier>
          <GBQualifier_name>environmental_sample</GBQualifier_name>
        </GBQualifier>
        <GBQualifier>
          <GBQualifier_name>country</GBQualifier_name>
          <GBQualifier_value>USA: Rifle, CO</GBQualifier_value>
        </GBQualifier>
        <GBQualifier>
          <GBQualifier_name>lat_lon</GBQualifier_name>
          <GBQualifier_value>39.5369 N 107.7828 W</GBQualifier_value>
        </GBQualifier>
        <GBQualifier>
          <GBQualifier_name>collection_date</GBQualifier_name>
          <GBQualifier_value>Jun-2011</GBQualifier_value>
        </GBQualifier>
        <GBQualifier>
          <GBQualifier_name>note</GBQualifier_name>
          <GBQualifier_value>metagenomic; derived from metagenome: groundwater metagenome</GBQualifier_value>
        </GBQualifier>
      </GBFeature_quals>
    </GBFeature>
    <GBFeature>
      <GBFeature_key>Protein</GBFeature_key>
      <GBFeature_location>1..181</GBFeature_location>
      <GBFeature_intervals>
        <GBInterval>
          <GBInterval_from>1</GBInterval_from>
          <GBInterval_to>181</GBInterval_to>
          <GBInterval_accession>KKR46764.1</GBInterval_accession>
        </GBInterval>
      </GBFeature_intervals>
      <GBFeature_quals>
        <GBQualifier>
          <GBQualifier_name>product</GBQualifier_name>
          <GBQualifier_value>dihydrofolate reductase</GBQualifier_value>
        </GBQualifier>
        <GBQualifier>
          <GBQualifier_name>calculated_mol_wt</GBQualifier_name>
          <GBQualifier_value>20406</GBQualifier_value>
        </GBQualifier>
      </GBFeature_quals>
    </GBFeature>
    <GBFeature>
      <GBFeature_key>Region</GBFeature_key>
      <GBFeature_location>19..176</GBFeature_location>
      <GBFeature_intervals>
        <GBInterval>
          <GBInterval_from>19</GBInterval_from>
          <GBInterval_to>176</GBInterval_to>
          <GBInterval_accession>KKR46764.1</GBInterval_accession>
        </GBInterval>
      </GBFeature_intervals>
      <GBFeature_quals>
        <GBQualifier>
          <GBQualifier_name>region_name</GBQualifier_name>
          <GBQualifier_value>DHFR_1</GBQualifier_value>
        </GBQualifier>
        <GBQualifier>
          <GBQualifier_name>note</GBQualifier_name>
          <GBQualifier_value>Dihydrofolate reductase; pfam00186</GBQualifier_value>
        </GBQualifier>
        <GBQualifier>
          <GBQualifier_name>db_xref</GBQualifier_name>
          <GBQualifier_value>CDD:278610</GBQualifier_value>
        </GBQualifier>
      </GBFeature_quals>
    </GBFeature>
    <GBFeature>
      <GBFeature_key>Site</GBFeature_key>
      <GBFeature_location>order(22,39,44,74,112,118,131)</GBFeature_location>
      <GBFeature_intervals>
        <GBInterval>
          <GBInterval_point>22</GBInterval_point>
          <GBInterval_accession>KKR46764.1</GBInterval_accession>
        </GBInterval>
        <GBInterval>
          <GBInterval_point>39</GBInterval_point>
          <GBInterval_accession>KKR46764.1</GBInterval_accession>
        </GBInterval>
        <GBInterval>
          <GBInterval_point>44</GBInterval_point>
          <GBInterval_accession>KKR46764.1</GBInterval_accession>
        </GBInterval>
        <GBInterval>
          <GBInterval_point>74</GBInterval_point>
          <GBInterval_accession>KKR46764.1</GBInterval_accession>
        </GBInterval>
        <GBInterval>
          <GBInterval_point>112</GBInterval_point>
          <GBInterval_accession>KKR46764.1</GBInterval_accession>
        </GBInterval>
        <GBInterval>
          <GBInterval_point>118</GBInterval_point>
          <GBInterval_accession>KKR46764.1</GBInterval_accession>
        </GBInterval>
        <GBInterval>
          <GBInterval_point>131</GBInterval_point>
          <GBInterval_accession>KKR46764.1</GBInterval_accession>
        </GBInterval>
      </GBFeature_intervals>
      <GBFeature_operator>order</GBFeature_operator>
      <GBFeature_quals>
        <GBQualifier>
          <GBQualifier_name>site_type</GBQualifier_name>
          <GBQualifier_value>other</GBQualifier_value>
        </GBQualifier>
        <GBQualifier>
          <GBQualifier_name>note</GBQualifier_name>
          <GBQualifier_value>folate binding site [chemical binding]</GBQualifier_value>
        </GBQualifier>
        <GBQualifier>
          <GBQualifier_name>db_xref</GBQualifier_name>
          <GBQualifier_value>CDD:238127</GBQualifier_value>
        </GBQualifier>
      </GBFeature_quals>
    </GBFeature>
    <GBFeature>
      <GBFeature_key>Site</GBFeature_key>
      <GBFeature_location>order(24,31,61..63,81,113..116)</GBFeature_location>
      <GBFeature_intervals>
        <GBInterval>
          <GBInterval_point>24</GBInterval_point>
          <GBInterval_accession>KKR46764.1</GBInterval_accession>
        </GBInterval>
        <GBInterval>
          <GBInterval_point>31</GBInterval_point>
          <GBInterval_accession>KKR46764.1</GBInterval_accession>
        </GBInterval>
        <GBInterval>
          <GBInterval_from>61</GBInterval_from>
          <GBInterval_to>63</GBInterval_to>
          <GBInterval_accession>KKR46764.1</GBInterval_accession>
        </GBInterval>
        <GBInterval>
          <GBInterval_point>81</GBInterval_point>
          <GBInterval_accession>KKR46764.1</GBInterval_accession>
        </GBInterval>
        <GBInterval>
          <GBInterval_from>113</GBInterval_from>
          <GBInterval_to>116</GBInterval_to>
          <GBInterval_accession>KKR46764.1</GBInterval_accession>
        </GBInterval>
      </GBFeature_intervals>
      <GBFeature_operator>order</GBFeature_operator>
      <GBFeature_quals>
        <GBQualifier>
          <GBQualifier_name>site_type</GBQualifier_name>
          <GBQualifier_value>other</GBQualifier_value>
        </GBQualifier>
        <GBQualifier>
          <GBQualifier_name>note</GBQualifier_name>
          <GBQualifier_value>NADP+ binding site [chemical binding]</GBQualifier_value>
        </GBQualifier>
        <GBQualifier>
          <GBQualifier_name>db_xref</GBQualifier_name>
          <GBQualifier_value>CDD:238127</GBQualifier_value>
        </GBQualifier>
      </GBFeature_quals>
    </GBFeature>
    <GBFeature>
      <GBFeature_key>CDS</GBFeature_key>
      <GBFeature_location>1..181</GBFeature_location>
      <GBFeature_intervals>
        <GBInterval>
          <GBInterval_from>1</GBInterval_from>
          <GBInterval_to>181</GBInterval_to>
          <GBInterval_accession>KKR46764.1</GBInterval_accession>
        </GBInterval>
      </GBFeature_intervals>
      <GBFeature_quals>
        <GBQualifier>
          <GBQualifier_name>locus_tag</GBQualifier_name>
          <GBQualifier_value>UT82_C0008G0049</GBQualifier_value>
        </GBQualifier>
        <GBQualifier>
          <GBQualifier_name>coded_by</GBQualifier_name>
          <GBQualifier_value>complement(LBYG01000008.1:45862..46407)</GBQualifier_value>
        </GBQualifier>
        <GBQualifier>
          <GBQualifier_name>transl_table</GBQualifier_name>
          <GBQualifier_value>11</GBQualifier_value>
        </GBQualifier>
      </GBFeature_quals>
    </GBFeature>
  </GBSeq_feature-table>
  <GBSeq_sequence>miyheqsrmiygeqrriiisliaamdknrvigknnslpwklpqdlarfksltlghavimgrktyesigkalpgrvniivttsesysalgctvvgslesaidiskneeeifiiggesifkqalrfadrlyltvidnvfagdtffpefditkwqevsrmdfpispeaswpfsfllyekisqns</GBSeq_sequence>
  <GBSeq_xrefs>
    <GBXref>
      <GBXref_dbname>BioProject</GBXref_dbname>
      <GBXref_id>PRJNA273161</GBXref_id>
    </GBXref>
    <GBXref>
      <GBXref_dbname>BioSample</GBXref_dbname>
      <GBXref_id>SAMN03319511</GBXref_id>
    </GBXref>
  </GBSeq_xrefs>
</GBSeq>

</GBSet>

