<?xml version="1.0" ?>
<!DOCTYPE GBSet PUBLIC "-//NCBI//NCBI GBSeq/EN" "https://www.ncbi.nlm.nih.gov/dtd/NCBI_GBSeq.dtd">
<GBSet>
<GBSeq>
  <GBSeq_locus>KRP20137</GBSeq_locus>
  <GBSeq_length>177</GBSeq_length>
  <GBSeq_moltype>AA</GBSeq_moltype>
  <GBSeq_topology>linear</GBSeq_topology>
  <GBSeq_division>ENV</GBSeq_division>
  <GBSeq_update-date>06-NOV-2015</GBSeq_update-date>
  <GBSeq_create-date>06-NOV-2015</GBSeq_create-date>
  <GBSeq_definition>dihydrofolate reductase [SAR92 bacterium BACL16 MAG-120619-bin48]</GBSeq_definition>
  <GBSeq_primary-accession>KRP20137</GBSeq_primary-accession>
  <GBSeq_accession-version>KRP20137.1</GBSeq_accession-version>
  <GBSeq_other-seqids>
    <GBSeqid>gb|KRP20137.1|</GBSeqid>
    <GBSeqid>gnl|WGS:LIDE|ABS23_00655</GBSeqid>
    <GBSeqid>gi|949144570</GBSeqid>
  </GBSeq_other-seqids>
  <GBSeq_project>PRJNA273799</GBSeq_project>
  <GBSeq_keywords>
    <GBKeyword>ENV</GBKeyword>
  </GBSeq_keywords>
  <GBSeq_source>SAR92 bacterium BACL16 MAG-120619-bin48 (marine metagenome)</GBSeq_source>
  <GBSeq_organism>SAR92 bacterium BACL16 MAG-120619-bin48</GBSeq_organism>
  <GBSeq_taxonomy>Bacteria; Proteobacteria; Gammaproteobacteria; Cellvibrionales; Porticoccaceae; SAR92 clade</GBSeq_taxonomy>
  <GBSeq_references>
    <GBReference>
      <GBReference_reference>1</GBReference_reference>
      <GBReference_position>1..177</GBReference_position>
      <GBReference_authors>
        <GBAuthor>Hugerth,L.W.</GBAuthor>
        <GBAuthor>Larsson,J.</GBAuthor>
        <GBAuthor>Alneberg,J.</GBAuthor>
        <GBAuthor>Lindh,M.V.</GBAuthor>
        <GBAuthor>Legrand,C.</GBAuthor>
        <GBAuthor>Pinhassi,J.</GBAuthor>
        <GBAuthor>Andersson,A.F.</GBAuthor>
      </GBReference_authors>
      <GBReference_title>Metagenome-Assembled Genomes uncover a global brackish microbiome</GBReference_title>
      <GBReference_journal>Unpublished</GBReference_journal>
    </GBReference>
    <GBReference>
      <GBReference_reference>2</GBReference_reference>
      <GBReference_position>1..177</GBReference_position>
      <GBReference_authors>
        <GBAuthor>Hugerth,L.W.</GBAuthor>
        <GBAuthor>Larsson,J.</GBAuthor>
        <GBAuthor>Alneberg,J.</GBAuthor>
        <GBAuthor>Lindh,M.V.</GBAuthor>
        <GBAuthor>Legrand,C.</GBAuthor>
        <GBAuthor>Pinhassi,J.</GBAuthor>
        <GBAuthor>Andersson,A.F.</GBAuthor>
      </GBReference_authors>
      <GBReference_title>Direct Submission</GBReference_title>
      <GBReference_journal>Submitted (16-OCT-2015) School of Biotechnology, Kungliga Tekniska Hogskolan, Science for Life Laboratory, Tomtebodavagen 23, Solna 17165, Sweden</GBReference_journal>
    </GBReference>
  </GBSeq_references>
  <GBSeq_comment>Annotation was added by the NCBI Prokaryotic Genome Annotation Pipeline (released 2013). Information about the Pipeline can be found here: http://www.ncbi.nlm.nih.gov/genome/annotation_prok/; ##Genome-Assembly-Data-START## Assembly Date 2014 Assembly Method Ray v. 2.3.1; Newbler v. MARCH-2014 Genome Representation Full Expected Final Version Yes Genome Coverage 26.5x Sequencing Technology Illumina HiSeq ##Genome-Assembly-Data-END##; ##Genome-Annotation-Data-START## Annotation Provider NCBI Annotation Date 10/20/2015 15:26:26 Annotation Pipeline NCBI Prokaryotic Genome Annotation Pipeline Annotation Method Best-placed reference protein set; GeneMarkS+ Annotation Software revision 3.0 Features Annotated Gene; CDS; rRNA; tRNA; ncRNA; repeat_region Genes 2,393 CDS 2,253 Pseudo Genes 100 rRNAs 1, 1, 1 (5S, 16S, 23S) complete rRNAs 1, 1, 1 (5S, 16S, 23S) tRNAs 36 ncRNA 1 ##Genome-Annotation-Data-END##</GBSeq_comment>
  <GBSeq_source-db>accession LIDE01000003.1</GBSeq_source-db>
  <GBSeq_feature-table>
    <GBFeature>
      <GBFeature_key>source</GBFeature_key>
      <GBFeature_location>1..177</GBFeature_location>
      <GBFeature_intervals>
        <GBInterval>
          <GBInterval_from>1</GBInterval_from>
          <GBInterval_to>177</GBInterval_to>
          <GBInterval_accession>KRP20137.1</GBInterval_accession>
        </GBInterval>
      </GBFeature_intervals>
      <GBFeature_quals>
        <GBQualifier>
          <GBQualifier_name>organism</GBQualifier_name>
          <GBQualifier_value>SAR92 bacterium BACL16 MAG-120619-bin48</GBQualifier_value>
        </GBQualifier>
        <GBQualifier>
          <GBQualifier_name>isolate</GBQualifier_name>
          <GBQualifier_value>BACL16 MAG-120619-bin48</GBQualifier_value>
        </GBQualifier>
        <GBQualifier>
          <GBQualifier_name>isolation_source</GBQualifier_name>
          <GBQualifier_value>surface water; brackish water collected from the surface of the Baltic Sea</GBQualifier_value>
        </GBQualifier>
        <GBQualifier>
          <GBQualifier_name>db_xref</GBQualifier_name>
          <GBQualifier_value>taxon:1655625</GBQualifier_value>
        </GBQualifier>
        <GBQualifier>
          <GBQualifier_name>environmental_sample</GBQualifier_name>
        </GBQualifier>
        <GBQualifier>
          <GBQualifier_name>country</GBQualifier_name>
          <GBQualifier_value>Baltic Sea</GBQualifier_value>
        </GBQualifier>
        <GBQualifier>
          <GBQualifier_name>lat_lon</GBQualifier_name>
          <GBQualifier_value>56.930850 N 17.060667 E</GBQualifier_value>
        </GBQualifier>
        <GBQualifier>
          <GBQualifier_name>collection_date</GBQualifier_name>
          <GBQualifier_value>19-Jun-2012</GBQualifier_value>
        </GBQualifier>
        <GBQualifier>
          <GBQualifier_name>note</GBQualifier_name>
          <GBQualifier_value>metagenomic; derived from metagenome: marine metagenome</GBQualifier_value>
        </GBQualifier>
      </GBFeature_quals>
    </GBFeature>
    <GBFeature>
      <GBFeature_key>Protein</GBFeature_key>
      <GBFeature_location>1..177</GBFeature_location>
      <GBFeature_intervals>
        <GBInterval>
          <GBInterval_from>1</GBInterval_from>
          <GBInterval_to>177</GBInterval_to>
          <GBInterval_accession>KRP20137.1</GBInterval_accession>
        </GBInterval>
      </GBFeature_intervals>
      <GBFeature_quals>
        <GBQualifier>
          <GBQualifier_name>product</GBQualifier_name>
          <GBQualifier_value>dihydrofolate reductase</GBQualifier_value>
        </GBQualifier>
        <GBQualifier>
          <GBQualifier_name>calculated_mol_wt</GBQualifier_name>
          <GBQualifier_value>19803</GBQualifier_value>
        </GBQualifier>
      </GBFeature_quals>
    </GBFeature>
    <GBFeature>
      <GBFeature_key>Region</GBFeature_key>
      <GBFeature_location>8..170</GBFeature_location>
      <GBFeature_intervals>
        <GBInterval>
          <GBInterval_from>8</GBInterval_from>
          <GBInterval_to>170</GBInterval_to>
          <GBInterval_accession>KRP20137.1</GBInterval_accession>
        </GBInterval>
      </GBFeature_intervals>
      <GBFeature_quals>
        <GBQualifier>
          <GBQualifier_name>region_name</GBQualifier_name>
          <GBQualifier_value>DHFR_1</GBQualifier_value>
        </GBQualifier>
        <GBQualifier>
          <GBQualifier_name>note</GBQualifier_name>
          <GBQualifier_value>Dihydrofolate reductase; pfam00186</GBQualifier_value>
        </GBQualifier>
        <GBQualifier>
          <GBQualifier_name>db_xref</GBQualifier_name>
          <GBQualifier_value>CDD:278610</GBQualifier_value>
        </GBQualifier>
      </GBFeature_quals>
    </GBFeature>
    <GBFeature>
      <GBFeature_key>Site</GBFeature_key>
      <GBFeature_location>order(12,29,34,64,108,114,127)</GBFeature_location>
      <GBFeature_intervals>
        <GBInterval>
          <GBInterval_point>12</GBInterval_point>
          <GBInterval_accession>KRP20137.1</GBInterval_accession>
        </GBInterval>
        <GBInterval>
          <GBInterval_point>29</GBInterval_point>
          <GBInterval_accession>KRP20137.1</GBInterval_accession>
        </GBInterval>
        <GBInterval>
          <GBInterval_point>34</GBInterval_point>
          <GBInterval_accession>KRP20137.1</GBInterval_accession>
        </GBInterval>
        <GBInterval>
          <GBInterval_point>64</GBInterval_point>
          <GBInterval_accession>KRP20137.1</GBInterval_accession>
        </GBInterval>
        <GBInterval>
          <GBInterval_point>108</GBInterval_point>
          <GBInterval_accession>KRP20137.1</GBInterval_accession>
        </GBInterval>
        <GBInterval>
          <GBInterval_point>114</GBInterval_point>
          <GBInterval_accession>KRP20137.1</GBInterval_accession>
        </GBInterval>
        <GBInterval>
          <GBInterval_point>127</GBInterval_point>
          <GBInterval_accession>KRP20137.1</GBInterval_accession>
        </GBInterval>
      </GBFeature_intervals>
      <GBFeature_operator>order</GBFeature_operator>
      <GBFeature_quals>
        <GBQualifier>
          <GBQualifier_name>site_type</GBQualifier_name>
          <GBQualifier_value>other</GBQualifier_value>
        </GBQualifier>
        <GBQualifier>
          <GBQualifier_name>note</GBQualifier_name>
          <GBQualifier_value>folate binding site [chemical binding]</GBQualifier_value>
        </GBQualifier>
        <GBQualifier>
          <GBQualifier_name>db_xref</GBQualifier_name>
          <GBQualifier_value>CDD:238127</GBQualifier_value>
        </GBQualifier>
      </GBFeature_quals>
    </GBFeature>
    <GBFeature>
      <GBFeature_key>Site</GBFeature_key>
      <GBFeature_location>order(14,21,51..53,71,109..112)</GBFeature_location>
      <GBFeature_intervals>
        <GBInterval>
          <GBInterval_point>14</GBInterval_point>
          <GBInterval_accession>KRP20137.1</GBInterval_accession>
        </GBInterval>
        <GBInterval>
          <GBInterval_point>21</GBInterval_point>
          <GBInterval_accession>KRP20137.1</GBInterval_accession>
        </GBInterval>
        <GBInterval>
          <GBInterval_from>51</GBInterval_from>
          <GBInterval_to>53</GBInterval_to>
          <GBInterval_accession>KRP20137.1</GBInterval_accession>
        </GBInterval>
        <GBInterval>
          <GBInterval_point>71</GBInterval_point>
          <GBInterval_accession>KRP20137.1</GBInterval_accession>
        </GBInterval>
        <GBInterval>
          <GBInterval_from>109</GBInterval_from>
          <GBInterval_to>112</GBInterval_to>
          <GBInterval_accession>KRP20137.1</GBInterval_accession>
        </GBInterval>
      </GBFeature_intervals>
      <GBFeature_operator>order</GBFeature_operator>
      <GBFeature_quals>
        <GBQualifier>
          <GBQualifier_name>site_type</GBQualifier_name>
          <GBQualifier_value>other</GBQualifier_value>
        </GBQualifier>
        <GBQualifier>
          <GBQualifier_name>note</GBQualifier_name>
          <GBQualifier_value>NADP+ binding site [chemical binding]</GBQualifier_value>
        </GBQualifier>
        <GBQualifier>
          <GBQualifier_name>db_xref</GBQualifier_name>
          <GBQualifier_value>CDD:238127</GBQualifier_value>
        </GBQualifier>
      </GBFeature_quals>
    </GBFeature>
    <GBFeature>
      <GBFeature_key>CDS</GBFeature_key>
      <GBFeature_location>1..177</GBFeature_location>
      <GBFeature_intervals>
        <GBInterval>
          <GBInterval_from>1</GBInterval_from>
          <GBInterval_to>177</GBInterval_to>
          <GBInterval_accession>KRP20137.1</GBInterval_accession>
        </GBInterval>
      </GBFeature_intervals>
      <GBFeature_quals>
        <GBQualifier>
          <GBQualifier_name>locus_tag</GBQualifier_name>
          <GBQualifier_value>ABS23_00655</GBQualifier_value>
        </GBQualifier>
        <GBQualifier>
          <GBQualifier_name>coded_by</GBQualifier_name>
          <GBQualifier_value>complement(LIDE01000003.1:49490..50023)</GBQualifier_value>
        </GBQualifier>
        <GBQualifier>
          <GBQualifier_name>inference</GBQualifier_name>
          <GBQualifier_value>EXISTENCE: similar to AA sequence:RefSeq:WP_007231246.1</GBQualifier_value>
        </GBQualifier>
        <GBQualifier>
          <GBQualifier_name>note</GBQualifier_name>
          <GBQualifier_value>Derived by automated computational analysis using gene prediction method: Protein Homology.</GBQualifier_value>
        </GBQualifier>
        <GBQualifier>
          <GBQualifier_name>transl_table</GBQualifier_name>
          <GBQualifier_value>11</GBQualifier_value>
        </GBQualifier>
      </GBFeature_quals>
    </GBFeature>
  </GBSeq_feature-table>
  <GBSeq_sequence>msaaspikmslivavsrngvigienrlpwhlpedlkyfksvtmgkplvmgrktyesigrplpgrtnivitrdlawkaegvqvahtllqamtlarlacahaqldevmviggeqiyamtlpsadrlyltevqadvegdaffpafdrqqwrqvgekipevtdthpyrfiileresdellr</GBSeq_sequence>
  <GBSeq_xrefs>
    <GBXref>
      <GBXref_dbname>BioProject</GBXref_dbname>
      <GBXref_id>PRJNA273799</GBXref_id>
    </GBXref>
    <GBXref>
      <GBXref_dbname>BioSample</GBXref_dbname>
      <GBXref_id>SAMN03742016</GBXref_id>
    </GBXref>
  </GBSeq_xrefs>
</GBSeq>

</GBSet>

