<?xml version="1.0" ?>
<!DOCTYPE GBSet PUBLIC "-//NCBI//NCBI GBSeq/EN" "https://www.ncbi.nlm.nih.gov/dtd/NCBI_GBSeq.dtd">
<GBSet>
<GBSeq>
  <GBSeq_locus>NP_001329755</GBSeq_locus>
  <GBSeq_length>153</GBSeq_length>
  <GBSeq_moltype>AA</GBSeq_moltype>
  <GBSeq_topology>linear</GBSeq_topology>
  <GBSeq_division>PLN</GBSeq_division>
  <GBSeq_update-date>12-SEP-2016</GBSeq_update-date>
  <GBSeq_create-date>12-SEP-2016</GBSeq_create-date>
  <GBSeq_definition>dihydrofolate reductase [Arabidopsis thaliana]</GBSeq_definition>
  <GBSeq_primary-accession>NP_001329755</GBSeq_primary-accession>
  <GBSeq_accession-version>NP_001329755.1</GBSeq_accession-version>
  <GBSeq_other-seqids>
    <GBSeqid>ref|NP_001329755.1|</GBSeqid>
    <GBSeqid>gi|1063724627</GBSeqid>
  </GBSeq_other-seqids>
  <GBSeq_project>PRJNA116</GBSeq_project>
  <GBSeq_keywords>
    <GBKeyword>RefSeq</GBKeyword>
  </GBSeq_keywords>
  <GBSeq_source>Arabidopsis thaliana (thale cress)</GBSeq_source>
  <GBSeq_organism>Arabidopsis thaliana</GBSeq_organism>
  <GBSeq_taxonomy>Eukaryota; Viridiplantae; Streptophyta; Embryophyta; Tracheophyta; Spermatophyta; Magnoliophyta; eudicotyledons; Gunneridae; Pentapetalae; rosids; malvids; Brassicales; Brassicaceae; Camelineae; Arabidopsis</GBSeq_taxonomy>
  <GBSeq_references>
    <GBReference>
      <GBReference_reference>1</GBReference_reference>
      <GBReference_position>1..153</GBReference_position>
      <GBReference_authors>
        <GBAuthor>Mayer,K.</GBAuthor>
        <GBAuthor>Schuller,C.</GBAuthor>
        <GBAuthor>Wambutt,R.</GBAuthor>
        <GBAuthor>Murphy,G.</GBAuthor>
        <GBAuthor>Volckaert,G.</GBAuthor>
        <GBAuthor>Pohl,T.</GBAuthor>
        <GBAuthor>Dusterhoft,A.</GBAuthor>
        <GBAuthor>Stiekema,W.</GBAuthor>
        <GBAuthor>Entian,K.D.</GBAuthor>
        <GBAuthor>Terryn,N.</GBAuthor>
        <GBAuthor>Harris,B.</GBAuthor>
        <GBAuthor>Ansorge,W.</GBAuthor>
        <GBAuthor>Brandt,P.</GBAuthor>
        <GBAuthor>Grivell,L.</GBAuthor>
        <GBAuthor>Rieger,M.</GBAuthor>
        <GBAuthor>Weichselgartner,M.</GBAuthor>
        <GBAuthor>de Simone,V.</GBAuthor>
        <GBAuthor>Obermaier,B.</GBAuthor>
        <GBAuthor>Mache,R.</GBAuthor>
        <GBAuthor>Muller,M.</GBAuthor>
        <GBAuthor>Kreis,M.</GBAuthor>
        <GBAuthor>Delseny,M.</GBAuthor>
        <GBAuthor>Puigdomenech,P.</GBAuthor>
        <GBAuthor>Watson,M.</GBAuthor>
        <GBAuthor>Schmidtheini,T.</GBAuthor>
        <GBAuthor>Reichert,B.</GBAuthor>
        <GBAuthor>Portatelle,D.</GBAuthor>
        <GBAuthor>Perez-Alonso,M.</GBAuthor>
        <GBAuthor>Boutry,M.</GBAuthor>
        <GBAuthor>Bancroft,I.</GBAuthor>
        <GBAuthor>Vos,P.</GBAuthor>
        <GBAuthor>Hoheisel,J.</GBAuthor>
        <GBAuthor>Zimmermann,W.</GBAuthor>
        <GBAuthor>Wedler,H.</GBAuthor>
        <GBAuthor>Ridley,P.</GBAuthor>
        <GBAuthor>Langham,S.A.</GBAuthor>
        <GBAuthor>McCullagh,B.</GBAuthor>
        <GBAuthor>Bilham,L.</GBAuthor>
        <GBAuthor>Robben,J.</GBAuthor>
        <GBAuthor>Van der Schueren,J.</GBAuthor>
        <GBAuthor>Grymonprez,B.</GBAuthor>
        <GBAuthor>Chuang,Y.J.</GBAuthor>
        <GBAuthor>Vandenbussche,F.</GBAuthor>
        <GBAuthor>Braeken,M.</GBAuthor>
        <GBAuthor>Weltjens,I.</GBAuthor>
        <GBAuthor>Voet,M.</GBAuthor>
        <GBAuthor>Bastiaens,I.</GBAuthor>
        <GBAuthor>Aert,R.</GBAuthor>
        <GBAuthor>Defoor,E.</GBAuthor>
        <GBAuthor>Weitzenegger,T.</GBAuthor>
        <GBAuthor>Bothe,G.</GBAuthor>
        <GBAuthor>Ramsperger,U.</GBAuthor>
        <GBAuthor>Hilbert,H.</GBAuthor>
        <GBAuthor>Braun,M.</GBAuthor>
        <GBAuthor>Holzer,E.</GBAuthor>
        <GBAuthor>Brandt,A.</GBAuthor>
        <GBAuthor>Peters,S.</GBAuthor>
        <GBAuthor>van Staveren,M.</GBAuthor>
        <GBAuthor>Dirske,W.</GBAuthor>
        <GBAuthor>Mooijman,P.</GBAuthor>
        <GBAuthor>Klein Lankhorst,R.</GBAuthor>
        <GBAuthor>Rose,M.</GBAuthor>
        <GBAuthor>Hauf,J.</GBAuthor>
        <GBAuthor>Kotter,P.</GBAuthor>
        <GBAuthor>Berneiser,S.</GBAuthor>
        <GBAuthor>Hempel,S.</GBAuthor>
        <GBAuthor>Feldpausch,M.</GBAuthor>
        <GBAuthor>Lamberth,S.</GBAuthor>
        <GBAuthor>Van den Daele,H.</GBAuthor>
        <GBAuthor>De Keyser,A.</GBAuthor>
        <GBAuthor>Buysshaert,C.</GBAuthor>
        <GBAuthor>Gielen,J.</GBAuthor>
        <GBAuthor>Villarroel,R.</GBAuthor>
        <GBAuthor>De Clercq,R.</GBAuthor>
        <GBAuthor>Van Montagu,M.</GBAuthor>
        <GBAuthor>Rogers,J.</GBAuthor>
        <GBAuthor>Cronin,A.</GBAuthor>
        <GBAuthor>Quail,M.</GBAuthor>
        <GBAuthor>Bray-Allen,S.</GBAuthor>
        <GBAuthor>Clark,L.</GBAuthor>
        <GBAuthor>Doggett,J.</GBAuthor>
        <GBAuthor>Hall,S.</GBAuthor>
        <GBAuthor>Kay,M.</GBAuthor>
        <GBAuthor>Lennard,N.</GBAuthor>
        <GBAuthor>McLay,K.</GBAuthor>
        <GBAuthor>Mayes,R.</GBAuthor>
        <GBAuthor>Pettett,A.</GBAuthor>
        <GBAuthor>Rajandream,M.A.</GBAuthor>
        <GBAuthor>Lyne,M.</GBAuthor>
        <GBAuthor>Benes,V.</GBAuthor>
        <GBAuthor>Rechmann,S.</GBAuthor>
        <GBAuthor>Borkova,D.</GBAuthor>
        <GBAuthor>Blocker,H.</GBAuthor>
        <GBAuthor>Scharfe,M.</GBAuthor>
        <GBAuthor>Grimm,M.</GBAuthor>
        <GBAuthor>Lohnert,T.H.</GBAuthor>
        <GBAuthor>Dose,S.</GBAuthor>
        <GBAuthor>de Haan,M.</GBAuthor>
        <GBAuthor>Maarse,A.</GBAuthor>
        <GBAuthor>Schafer,M.</GBAuthor>
        <GBAuthor>Muller-Auer,S.</GBAuthor>
        <GBAuthor>Gabel,C.</GBAuthor>
        <GBAuthor>Fuchs,M.</GBAuthor>
        <GBAuthor>Fartmann,B.</GBAuthor>
        <GBAuthor>Granderath,K.</GBAuthor>
        <GBAuthor>Dauner,D.</GBAuthor>
        <GBAuthor>Herzl,A.</GBAuthor>
        <GBAuthor>Neumann,S.</GBAuthor>
        <GBAuthor>Argiriou,A.</GBAuthor>
        <GBAuthor>Vitale,D.</GBAuthor>
        <GBAuthor>Liguori,R.</GBAuthor>
        <GBAuthor>Piravandi,E.</GBAuthor>
        <GBAuthor>Massenet,O.</GBAuthor>
        <GBAuthor>Quigley,F.</GBAuthor>
        <GBAuthor>Clabauld,G.</GBAuthor>
        <GBAuthor>Mundlein,A.</GBAuthor>
        <GBAuthor>Felber,R.</GBAuthor>
        <GBAuthor>Schnabl,S.</GBAuthor>
        <GBAuthor>Hiller,R.</GBAuthor>
        <GBAuthor>Schmidt,W.</GBAuthor>
        <GBAuthor>Lecharny,A.</GBAuthor>
        <GBAuthor>Aubourg,S.</GBAuthor>
        <GBAuthor>Chefdor,F.</GBAuthor>
        <GBAuthor>Cooke,R.</GBAuthor>
        <GBAuthor>Berger,C.</GBAuthor>
        <GBAuthor>Montfort,A.</GBAuthor>
        <GBAuthor>Casacuberta,E.</GBAuthor>
        <GBAuthor>Gibbons,T.</GBAuthor>
        <GBAuthor>Weber,N.</GBAuthor>
        <GBAuthor>Vandenbol,M.</GBAuthor>
        <GBAuthor>Bargues,M.</GBAuthor>
        <GBAuthor>Terol,J.</GBAuthor>
        <GBAuthor>Torres,A.</GBAuthor>
        <GBAuthor>Perez-Perez,A.</GBAuthor>
        <GBAuthor>Purnelle,B.</GBAuthor>
        <GBAuthor>Bent,E.</GBAuthor>
        <GBAuthor>Johnson,S.</GBAuthor>
        <GBAuthor>Tacon,D.</GBAuthor>
        <GBAuthor>Jesse,T.</GBAuthor>
        <GBAuthor>Heijnen,L.</GBAuthor>
        <GBAuthor>Schwarz,S.</GBAuthor>
        <GBAuthor>Scholler,P.</GBAuthor>
        <GBAuthor>Heber,S.</GBAuthor>
        <GBAuthor>Francs,P.</GBAuthor>
        <GBAuthor>Bielke,C.</GBAuthor>
        <GBAuthor>Frishman,D.</GBAuthor>
        <GBAuthor>Haase,D.</GBAuthor>
        <GBAuthor>Lemcke,K.</GBAuthor>
        <GBAuthor>Mewes,H.W.</GBAuthor>
        <GBAuthor>Stocker,S.</GBAuthor>
        <GBAuthor>Zaccaria,P.</GBAuthor>
        <GBAuthor>Bevan,M.</GBAuthor>
        <GBAuthor>Wilson,R.K.</GBAuthor>
        <GBAuthor>de la Bastide,M.</GBAuthor>
        <GBAuthor>Habermann,K.</GBAuthor>
        <GBAuthor>Parnell,L.</GBAuthor>
        <GBAuthor>Dedhia,N.</GBAuthor>
        <GBAuthor>Gnoj,L.</GBAuthor>
        <GBAuthor>Schutz,K.</GBAuthor>
        <GBAuthor>Huang,E.</GBAuthor>
        <GBAuthor>Spiegel,L.</GBAuthor>
        <GBAuthor>Sehkon,M.</GBAuthor>
        <GBAuthor>Murray,J.</GBAuthor>
        <GBAuthor>Sheet,P.</GBAuthor>
        <GBAuthor>Cordes,M.</GBAuthor>
        <GBAuthor>Abu-Threideh,J.</GBAuthor>
        <GBAuthor>Stoneking,T.</GBAuthor>
        <GBAuthor>Kalicki,J.</GBAuthor>
        <GBAuthor>Graves,T.</GBAuthor>
        <GBAuthor>Harmon,G.</GBAuthor>
        <GBAuthor>Edwards,J.</GBAuthor>
        <GBAuthor>Latreille,P.</GBAuthor>
        <GBAuthor>Courtney,L.</GBAuthor>
        <GBAuthor>Cloud,J.</GBAuthor>
        <GBAuthor>Abbott,A.</GBAuthor>
        <GBAuthor>Scott,K.</GBAuthor>
        <GBAuthor>Johnson,D.</GBAuthor>
        <GBAuthor>Minx,P.</GBAuthor>
        <GBAuthor>Bentley,D.</GBAuthor>
        <GBAuthor>Fulton,B.</GBAuthor>
        <GBAuthor>Miller,N.</GBAuthor>
        <GBAuthor>Greco,T.</GBAuthor>
        <GBAuthor>Kemp,K.</GBAuthor>
        <GBAuthor>Kramer,J.</GBAuthor>
        <GBAuthor>Fulton,L.</GBAuthor>
        <GBAuthor>Mardis,E.</GBAuthor>
        <GBAuthor>Dante,M.</GBAuthor>
        <GBAuthor>Pepin,K.</GBAuthor>
        <GBAuthor>Hillier,L.</GBAuthor>
        <GBAuthor>Nelson,J.</GBAuthor>
        <GBAuthor>Spieth,J.</GBAuthor>
        <GBAuthor>Ryan,E.</GBAuthor>
        <GBAuthor>Andrews,S.</GBAuthor>
        <GBAuthor>Geisel,C.</GBAuthor>
        <GBAuthor>Layman,D.</GBAuthor>
        <GBAuthor>Du,H.</GBAuthor>
        <GBAuthor>Ali,J.</GBAuthor>
        <GBAuthor>Berghoff,A.</GBAuthor>
        <GBAuthor>Jones,K.</GBAuthor>
        <GBAuthor>Drone,K.</GBAuthor>
        <GBAuthor>Cotton,M.</GBAuthor>
        <GBAuthor>Joshu,C.</GBAuthor>
        <GBAuthor>Antonoiu,B.</GBAuthor>
        <GBAuthor>Zidanic,M.</GBAuthor>
        <GBAuthor>Strong,C.</GBAuthor>
        <GBAuthor>Sun,H.</GBAuthor>
        <GBAuthor>Lamar,B.</GBAuthor>
        <GBAuthor>Yordan,C.</GBAuthor>
        <GBAuthor>Ma,P.</GBAuthor>
        <GBAuthor>Zhong,J.</GBAuthor>
        <GBAuthor>Preston,R.</GBAuthor>
        <GBAuthor>Vil,D.</GBAuthor>
        <GBAuthor>Shekher,M.</GBAuthor>
        <GBAuthor>Matero,A.</GBAuthor>
        <GBAuthor>Shah,R.</GBAuthor>
        <GBAuthor>Swaby,I.K.</GBAuthor>
        <GBAuthor>O&apos;Shaughnessy,A.</GBAuthor>
        <GBAuthor>Rodriguez,M.</GBAuthor>
        <GBAuthor>Hoffmann,J.</GBAuthor>
        <GBAuthor>Till,S.</GBAuthor>
        <GBAuthor>Granat,S.</GBAuthor>
        <GBAuthor>Shohdy,N.</GBAuthor>
        <GBAuthor>Hasegawa,A.</GBAuthor>
        <GBAuthor>Hameed,A.</GBAuthor>
        <GBAuthor>Lodhi,M.</GBAuthor>
        <GBAuthor>Johnson,A.</GBAuthor>
        <GBAuthor>Chen,E.</GBAuthor>
        <GBAuthor>Marra,M.</GBAuthor>
        <GBAuthor>Martienssen,R.</GBAuthor>
        <GBAuthor>McCombie,W.R.</GBAuthor>
      </GBReference_authors>
      <GBReference_title>Sequence and analysis of chromosome 4 of the plant Arabidopsis thaliana</GBReference_title>
      <GBReference_journal>Nature 402 (6763), 769-777 (1999)</GBReference_journal>
      <GBReference_xref>
        <GBXref>
          <GBXref_dbname>doi</GBXref_dbname>
          <GBXref_id>10.1038/47134</GBXref_id>
        </GBXref>
      </GBReference_xref>
      <GBReference_pubmed>10617198</GBReference_pubmed>
    </GBReference>
    <GBReference>
      <GBReference_reference>2</GBReference_reference>
      <GBReference_position>1..153</GBReference_position>
      <GBReference_consortium>NCBI Genome Project</GBReference_consortium>
      <GBReference_title>Direct Submission</GBReference_title>
      <GBReference_journal>Submitted (12-SEP-2016) National Center for Biotechnology Information, NIH, Bethesda, MD 20894, USA</GBReference_journal>
    </GBReference>
    <GBReference>
      <GBReference_reference>3</GBReference_reference>
      <GBReference_position>1..153</GBReference_position>
      <GBReference_authors>
        <GBAuthor>Krishnakumar,V.</GBAuthor>
        <GBAuthor>Cheng,C.-Y.</GBAuthor>
        <GBAuthor>Chan,A.P.</GBAuthor>
        <GBAuthor>Schobel,S.</GBAuthor>
        <GBAuthor>Kim,M.</GBAuthor>
        <GBAuthor>Ferlanti,E.S.</GBAuthor>
        <GBAuthor>Belyaeva,I.</GBAuthor>
        <GBAuthor>Rosen,B.D.</GBAuthor>
        <GBAuthor>Micklem,G.</GBAuthor>
        <GBAuthor>Miller,J.R.</GBAuthor>
        <GBAuthor>Vaughn,M.</GBAuthor>
        <GBAuthor>Town,C.D.</GBAuthor>
      </GBReference_authors>
      <GBReference_title>Direct Submission</GBReference_title>
      <GBReference_journal>Submitted (17-MAY-2016) Plant Genomics, J. Craig Venter Institute, 9704 Medical Center Dr, Rockville, MD 20850, USA</GBReference_journal>
      <GBReference_remark>Protein update by submitter</GBReference_remark>
    </GBReference>
    <GBReference>
      <GBReference_reference>4</GBReference_reference>
      <GBReference_position>1..153</GBReference_position>
      <GBReference_authors>
        <GBAuthor>Swarbreck,D.</GBAuthor>
        <GBAuthor>Lamesch,P.</GBAuthor>
        <GBAuthor>Wilks,C.</GBAuthor>
        <GBAuthor>Huala,E.</GBAuthor>
      </GBReference_authors>
      <GBReference_consortium>TAIR</GBReference_consortium>
      <GBReference_title>Direct Submission</GBReference_title>
      <GBReference_journal>Submitted (18-FEB-2011) Department of Plant Biology, Carnegie Institution, 260 Panama Street, Stanford, CA, USA</GBReference_journal>
    </GBReference>
  </GBSeq_references>
  <GBSeq_comment>REVIEWED REFSEQ: This record has been curated by TAIR. The reference sequence is identical to ANM67964.; Method: conceptual translation.</GBSeq_comment>
  <GBSeq_source-db>REFSEQ: accession NM_001341666.1</GBSeq_source-db>
  <GBSeq_feature-table>
    <GBFeature>
      <GBFeature_key>source</GBFeature_key>
      <GBFeature_location>1..153</GBFeature_location>
      <GBFeature_intervals>
        <GBInterval>
          <GBInterval_from>1</GBInterval_from>
          <GBInterval_to>153</GBInterval_to>
          <GBInterval_accession>NP_001329755.1</GBInterval_accession>
        </GBInterval>
      </GBFeature_intervals>
      <GBFeature_quals>
        <GBQualifier>
          <GBQualifier_name>organism</GBQualifier_name>
          <GBQualifier_value>Arabidopsis thaliana</GBQualifier_value>
        </GBQualifier>
        <GBQualifier>
          <GBQualifier_name>db_xref</GBQualifier_name>
          <GBQualifier_value>taxon:3702</GBQualifier_value>
        </GBQualifier>
        <GBQualifier>
          <GBQualifier_name>chromosome</GBQualifier_name>
          <GBQualifier_value>4</GBQualifier_value>
        </GBQualifier>
        <GBQualifier>
          <GBQualifier_name>ecotype</GBQualifier_name>
          <GBQualifier_value>Columbia</GBQualifier_value>
        </GBQualifier>
      </GBFeature_quals>
    </GBFeature>
    <GBFeature>
      <GBFeature_key>Protein</GBFeature_key>
      <GBFeature_location>1..153</GBFeature_location>
      <GBFeature_intervals>
        <GBInterval>
          <GBInterval_from>1</GBInterval_from>
          <GBInterval_to>153</GBInterval_to>
          <GBInterval_accession>NP_001329755.1</GBInterval_accession>
        </GBInterval>
      </GBFeature_intervals>
      <GBFeature_quals>
        <GBQualifier>
          <GBQualifier_name>product</GBQualifier_name>
          <GBQualifier_value>dihydrofolate reductase</GBQualifier_value>
        </GBQualifier>
        <GBQualifier>
          <GBQualifier_name>calculated_mol_wt</GBQualifier_name>
          <GBQualifier_value>17472</GBQualifier_value>
        </GBQualifier>
      </GBFeature_quals>
    </GBFeature>
    <GBFeature>
      <GBFeature_key>CDS</GBFeature_key>
      <GBFeature_location>1..153</GBFeature_location>
      <GBFeature_intervals>
        <GBInterval>
          <GBInterval_from>1</GBInterval_from>
          <GBInterval_to>153</GBInterval_to>
          <GBInterval_accession>NP_001329755.1</GBInterval_accession>
        </GBInterval>
      </GBFeature_intervals>
      <GBFeature_quals>
        <GBQualifier>
          <GBQualifier_name>locus_tag</GBQualifier_name>
          <GBQualifier_value>AT4G24380</GBQualifier_value>
        </GBQualifier>
        <GBQualifier>
          <GBQualifier_name>gene_synonym</GBQualifier_name>
          <GBQualifier_value>T22A6.210; T22A6_210</GBQualifier_value>
        </GBQualifier>
        <GBQualifier>
          <GBQualifier_name>coded_by</GBQualifier_name>
          <GBQualifier_value>NM_001341666.1:135..596</GBQualifier_value>
        </GBQualifier>
        <GBQualifier>
          <GBQualifier_name>db_xref</GBQualifier_name>
          <GBQualifier_value>Araport:AT4G24380</GBQualifier_value>
        </GBQualifier>
        <GBQualifier>
          <GBQualifier_name>db_xref</GBQualifier_name>
          <GBQualifier_value>GeneID:828540</GBQualifier_value>
        </GBQualifier>
        <GBQualifier>
          <GBQualifier_name>db_xref</GBQualifier_name>
          <GBQualifier_value>TAIR:AT4G24380</GBQualifier_value>
        </GBQualifier>
      </GBFeature_quals>
    </GBFeature>
  </GBSeq_feature-table>
  <GBSeq_sequence>mgsegrsiarkprflclhgfrtsgeimkiqlhkwpksvidrldlvfldapfpcqgksdvegifdppyyewfqfnkefteytnfekcleyledrmiklgpfdgligfsqvsylhlklhqqslicvlslktlnlilqgailsgglpglqakvrqy</GBSeq_sequence>
  <GBSeq_xrefs>
    <GBXref>
      <GBXref_dbname>BioProject</GBXref_dbname>
      <GBXref_id>PRJNA116</GBXref_id>
    </GBXref>
    <GBXref>
      <GBXref_dbname>BioSample</GBXref_dbname>
      <GBXref_id>SAMN03081427</GBXref_id>
    </GBXref>
  </GBSeq_xrefs>
</GBSeq>

</GBSet>

