<?xml version="1.0" ?>
<!DOCTYPE GBSet PUBLIC "-//NCBI//NCBI GBSeq/EN" "https://www.ncbi.nlm.nih.gov/dtd/NCBI_GBSeq.dtd">
<GBSet>
<GBSeq>
  <GBSeq_locus>NP_001088506</GBSeq_locus>
  <GBSeq_length>189</GBSeq_length>
  <GBSeq_moltype>AA</GBSeq_moltype>
  <GBSeq_topology>linear</GBSeq_topology>
  <GBSeq_division>VRT</GBSeq_division>
  <GBSeq_update-date>12-AUG-2016</GBSeq_update-date>
  <GBSeq_create-date>23-MAY-2007</GBSeq_create-date>
  <GBSeq_definition>dihydrofolate reductase [Xenopus laevis]</GBSeq_definition>
  <GBSeq_primary-accession>NP_001088506</GBSeq_primary-accession>
  <GBSeq_accession-version>NP_001088506.1</GBSeq_accession-version>
  <GBSeq_other-seqids>
    <GBSeqid>ref|NP_001088506.1|</GBSeqid>
    <GBSeqid>gi|148223960</GBSeqid>
  </GBSeq_other-seqids>
  <GBSeq_keywords>
    <GBKeyword>RefSeq</GBKeyword>
  </GBSeq_keywords>
  <GBSeq_source>Xenopus laevis (African clawed frog)</GBSeq_source>
  <GBSeq_organism>Xenopus laevis</GBSeq_organism>
  <GBSeq_taxonomy>Eukaryota; Metazoa; Chordata; Craniata; Vertebrata; Euteleostomi; Amphibia; Batrachia; Anura; Pipoidea; Pipidae; Xenopodinae; Xenopus; Xenopus</GBSeq_taxonomy>
  <GBSeq_references>
    <GBReference>
      <GBReference_reference>1</GBReference_reference>
      <GBReference_position>1..189</GBReference_position>
      <GBReference_authors>
        <GBAuthor>Klein SL</GBAuthor>
        <GBAuthor>Strausberg RL</GBAuthor>
        <GBAuthor>Wagner L</GBAuthor>
        <GBAuthor>Pontius J</GBAuthor>
        <GBAuthor>Clifton SW</GBAuthor>
        <GBAuthor>Richardson P</GBAuthor>
      </GBReference_authors>
      <GBReference_title>Genetic and genomic tools for Xenopus research: The NIH Xenopus initiative</GBReference_title>
      <GBReference_journal>Dev. Dyn. 225 (4), 384-391 (2002)</GBReference_journal>
      <GBReference_xref>
        <GBXref>
          <GBXref_dbname>doi</GBXref_dbname>
          <GBXref_id>10.1002/dvdy.10174</GBXref_id>
        </GBXref>
      </GBReference_xref>
      <GBReference_pubmed>12454917</GBReference_pubmed>
    </GBReference>
  </GBSeq_references>
  <GBSeq_comment>PROVISIONAL REFSEQ: This record has not yet been subject to final NCBI review. The reference sequence was derived from BC084841.1.; ##Evidence-Data-START## Transcript exon combination BC084841.1 [ECO:0000332] ##Evidence-Data-END##</GBSeq_comment>
  <GBSeq_source-db>REFSEQ: accession NM_001095037.1</GBSeq_source-db>
  <GBSeq_feature-table>
    <GBFeature>
      <GBFeature_key>source</GBFeature_key>
      <GBFeature_location>1..189</GBFeature_location>
      <GBFeature_intervals>
        <GBInterval>
          <GBInterval_from>1</GBInterval_from>
          <GBInterval_to>189</GBInterval_to>
          <GBInterval_accession>NP_001088506.1</GBInterval_accession>
        </GBInterval>
      </GBFeature_intervals>
      <GBFeature_quals>
        <GBQualifier>
          <GBQualifier_name>organism</GBQualifier_name>
          <GBQualifier_value>Xenopus laevis</GBQualifier_value>
        </GBQualifier>
        <GBQualifier>
          <GBQualifier_name>db_xref</GBQualifier_name>
          <GBQualifier_value>taxon:8355</GBQualifier_value>
        </GBQualifier>
      </GBFeature_quals>
    </GBFeature>
    <GBFeature>
      <GBFeature_key>Protein</GBFeature_key>
      <GBFeature_location>1..189</GBFeature_location>
      <GBFeature_intervals>
        <GBInterval>
          <GBInterval_from>1</GBInterval_from>
          <GBInterval_to>189</GBInterval_to>
          <GBInterval_accession>NP_001088506.1</GBInterval_accession>
        </GBInterval>
      </GBFeature_intervals>
      <GBFeature_quals>
        <GBQualifier>
          <GBQualifier_name>product</GBQualifier_name>
          <GBQualifier_value>dihydrofolate reductase</GBQualifier_value>
        </GBQualifier>
        <GBQualifier>
          <GBQualifier_name>EC_number</GBQualifier_name>
          <GBQualifier_value>1.5.1.3</GBQualifier_value>
        </GBQualifier>
        <GBQualifier>
          <GBQualifier_name>calculated_mol_wt</GBQualifier_name>
          <GBQualifier_value>21764</GBQualifier_value>
        </GBQualifier>
      </GBFeature_quals>
    </GBFeature>
    <GBFeature>
      <GBFeature_key>Region</GBFeature_key>
      <GBFeature_location>6..186</GBFeature_location>
      <GBFeature_intervals>
        <GBInterval>
          <GBInterval_from>6</GBInterval_from>
          <GBInterval_to>186</GBInterval_to>
          <GBInterval_accession>NP_001088506.1</GBInterval_accession>
        </GBInterval>
      </GBFeature_intervals>
      <GBFeature_quals>
        <GBQualifier>
          <GBQualifier_name>region_name</GBQualifier_name>
          <GBQualifier_value>DHFR</GBQualifier_value>
        </GBQualifier>
        <GBQualifier>
          <GBQualifier_name>note</GBQualifier_name>
          <GBQualifier_value>Dihydrofolate reductase (DHFR). Reduces 7,8-dihydrofolate to 5,6,7,8-tetrahydrofolate with NADPH as a cofactor. This is an essential step in the biosynthesis of deoxythymidine phosphate since 5,6,7,8-tetrahydrofolate is required to regenerate 5; cd00209</GBQualifier_value>
        </GBQualifier>
        <GBQualifier>
          <GBQualifier_name>db_xref</GBQualifier_name>
          <GBQualifier_value>CDD:238127</GBQualifier_value>
        </GBQualifier>
      </GBFeature_quals>
    </GBFeature>
    <GBFeature>
      <GBFeature_key>Site</GBFeature_key>
      <GBFeature_location>order(9,27,33,73,118,124,139)</GBFeature_location>
      <GBFeature_intervals>
        <GBInterval>
          <GBInterval_point>9</GBInterval_point>
          <GBInterval_accession>NP_001088506.1</GBInterval_accession>
        </GBInterval>
        <GBInterval>
          <GBInterval_point>27</GBInterval_point>
          <GBInterval_accession>NP_001088506.1</GBInterval_accession>
        </GBInterval>
        <GBInterval>
          <GBInterval_point>33</GBInterval_point>
          <GBInterval_accession>NP_001088506.1</GBInterval_accession>
        </GBInterval>
        <GBInterval>
          <GBInterval_point>73</GBInterval_point>
          <GBInterval_accession>NP_001088506.1</GBInterval_accession>
        </GBInterval>
        <GBInterval>
          <GBInterval_point>118</GBInterval_point>
          <GBInterval_accession>NP_001088506.1</GBInterval_accession>
        </GBInterval>
        <GBInterval>
          <GBInterval_point>124</GBInterval_point>
          <GBInterval_accession>NP_001088506.1</GBInterval_accession>
        </GBInterval>
        <GBInterval>
          <GBInterval_point>139</GBInterval_point>
          <GBInterval_accession>NP_001088506.1</GBInterval_accession>
        </GBInterval>
      </GBFeature_intervals>
      <GBFeature_operator>order</GBFeature_operator>
      <GBFeature_quals>
        <GBQualifier>
          <GBQualifier_name>site_type</GBQualifier_name>
          <GBQualifier_value>other</GBQualifier_value>
        </GBQualifier>
        <GBQualifier>
          <GBQualifier_name>note</GBQualifier_name>
          <GBQualifier_value>folate binding site [chemical binding]</GBQualifier_value>
        </GBQualifier>
        <GBQualifier>
          <GBQualifier_name>db_xref</GBQualifier_name>
          <GBQualifier_value>CDD:238127</GBQualifier_value>
        </GBQualifier>
      </GBFeature_quals>
    </GBFeature>
    <GBFeature>
      <GBFeature_key>Site</GBFeature_key>
      <GBFeature_location>order(11,19,57..59,80,119..122)</GBFeature_location>
      <GBFeature_intervals>
        <GBInterval>
          <GBInterval_point>11</GBInterval_point>
          <GBInterval_accession>NP_001088506.1</GBInterval_accession>
        </GBInterval>
        <GBInterval>
          <GBInterval_point>19</GBInterval_point>
          <GBInterval_accession>NP_001088506.1</GBInterval_accession>
        </GBInterval>
        <GBInterval>
          <GBInterval_from>57</GBInterval_from>
          <GBInterval_to>59</GBInterval_to>
          <GBInterval_accession>NP_001088506.1</GBInterval_accession>
        </GBInterval>
        <GBInterval>
          <GBInterval_point>80</GBInterval_point>
          <GBInterval_accession>NP_001088506.1</GBInterval_accession>
        </GBInterval>
        <GBInterval>
          <GBInterval_from>119</GBInterval_from>
          <GBInterval_to>122</GBInterval_to>
          <GBInterval_accession>NP_001088506.1</GBInterval_accession>
        </GBInterval>
      </GBFeature_intervals>
      <GBFeature_operator>order</GBFeature_operator>
      <GBFeature_quals>
        <GBQualifier>
          <GBQualifier_name>site_type</GBQualifier_name>
          <GBQualifier_value>other</GBQualifier_value>
        </GBQualifier>
        <GBQualifier>
          <GBQualifier_name>note</GBQualifier_name>
          <GBQualifier_value>NADP+ binding site [chemical binding]</GBQualifier_value>
        </GBQualifier>
        <GBQualifier>
          <GBQualifier_name>db_xref</GBQualifier_name>
          <GBQualifier_value>CDD:238127</GBQualifier_value>
        </GBQualifier>
      </GBFeature_quals>
    </GBFeature>
    <GBFeature>
      <GBFeature_key>CDS</GBFeature_key>
      <GBFeature_location>1..189</GBFeature_location>
      <GBFeature_intervals>
        <GBInterval>
          <GBInterval_from>1</GBInterval_from>
          <GBInterval_to>189</GBInterval_to>
          <GBInterval_accession>NP_001088506.1</GBInterval_accession>
        </GBInterval>
      </GBFeature_intervals>
      <GBFeature_quals>
        <GBQualifier>
          <GBQualifier_name>gene</GBQualifier_name>
          <GBQualifier_value>dhfr.L</GBQualifier_value>
        </GBQualifier>
        <GBQualifier>
          <GBQualifier_name>gene_synonym</GBQualifier_name>
          <GBQualifier_value>dhfr</GBQualifier_value>
        </GBQualifier>
        <GBQualifier>
          <GBQualifier_name>coded_by</GBQualifier_name>
          <GBQualifier_value>NM_001095037.1:163..732</GBQualifier_value>
        </GBQualifier>
        <GBQualifier>
          <GBQualifier_name>db_xref</GBQualifier_name>
          <GBQualifier_value>GeneID:495375</GBQualifier_value>
        </GBQualifier>
        <GBQualifier>
          <GBQualifier_name>db_xref</GBQualifier_name>
          <GBQualifier_value>Xenbase:XB-GENE-975271</GBQualifier_value>
        </GBQualifier>
      </GBFeature_quals>
    </GBFeature>
  </GBSeq_feature-table>
  <GBSeq_sequence>mrnqflhavvavcppnqgigkggslpwpllrnefkhfqrltmtptvegkknvvimgrktwfsipeknrplkerinivlskelkepptgahylskslteaidlledpelkdkvdlvwiiggsslyqelmekpinqrwfvtrilqefecdtylpeinlnsfqllpqypgispelqeengvqykfevyekiv</GBSeq_sequence>
</GBSeq>

</GBSet>

