<?xml version="1.0" ?>
<!DOCTYPE GBSet PUBLIC "-//NCBI//NCBI GBSeq/EN" "https://www.ncbi.nlm.nih.gov/dtd/NCBI_GBSeq.dtd">
<GBSet>
<GBSeq>
  <GBSeq_locus>NP_034179</GBSeq_locus>
  <GBSeq_length>187</GBSeq_length>
  <GBSeq_moltype>AA</GBSeq_moltype>
  <GBSeq_topology>linear</GBSeq_topology>
  <GBSeq_division>ROD</GBSeq_division>
  <GBSeq_update-date>15-FEB-2015</GBSeq_update-date>
  <GBSeq_create-date>25-JAN-2000</GBSeq_create-date>
  <GBSeq_definition>dihydrofolate reductase [Mus musculus]</GBSeq_definition>
  <GBSeq_primary-accession>NP_034179</GBSeq_primary-accession>
  <GBSeq_accession-version>NP_034179.1</GBSeq_accession-version>
  <GBSeq_other-seqids>
    <GBSeqid>ref|NP_034179.1|</GBSeqid>
    <GBSeqid>gi|7106289</GBSeqid>
  </GBSeq_other-seqids>
  <GBSeq_keywords>
    <GBKeyword>RefSeq</GBKeyword>
  </GBSeq_keywords>
  <GBSeq_source>Mus musculus (house mouse)</GBSeq_source>
  <GBSeq_organism>Mus musculus</GBSeq_organism>
  <GBSeq_taxonomy>Eukaryota; Metazoa; Chordata; Craniata; Vertebrata; Euteleostomi; Mammalia; Eutheria; Euarchontoglires; Glires; Rodentia; Sciurognathi; Muroidea; Muridae; Murinae; Mus; Mus</GBSeq_taxonomy>
  <GBSeq_references>
    <GBReference>
      <GBReference_reference>1</GBReference_reference>
      <GBReference_position>1..187</GBReference_position>
      <GBReference_authors>
        <GBAuthor>Schreiner B</GBAuthor>
        <GBAuthor>Westerburg H</GBAuthor>
        <GBAuthor>Forne I</GBAuthor>
        <GBAuthor>Imhof A</GBAuthor>
        <GBAuthor>Neupert W</GBAuthor>
        <GBAuthor>Mokranjac D</GBAuthor>
      </GBReference_authors>
      <GBReference_title>Role of the AAA protease Yme1 in folding of proteins in the intermembrane space of mitochondria</GBReference_title>
      <GBReference_journal>Mol. Biol. Cell 23 (22), 4335-4346 (2012)</GBReference_journal>
      <GBReference_xref>
        <GBXref>
          <GBXref_dbname>doi</GBXref_dbname>
          <GBXref_id>10.1091/mbc.E12-05-0420</GBXref_id>
        </GBXref>
      </GBReference_xref>
      <GBReference_pubmed>22993211</GBReference_pubmed>
    </GBReference>
    <GBReference>
      <GBReference_reference>2</GBReference_reference>
      <GBReference_position>1..187</GBReference_position>
      <GBReference_authors>
        <GBAuthor>Gur E</GBAuthor>
        <GBAuthor>Vishkautzan M</GBAuthor>
        <GBAuthor>Sauer RT</GBAuthor>
      </GBReference_authors>
      <GBReference_title>Protein unfolding and degradation by the AAA+ Lon protease</GBReference_title>
      <GBReference_journal>Protein Sci. 21 (2), 268-278 (2012)</GBReference_journal>
      <GBReference_xref>
        <GBXref>
          <GBXref_dbname>doi</GBXref_dbname>
          <GBXref_id>10.1002/pro.2013</GBXref_id>
        </GBXref>
      </GBReference_xref>
      <GBReference_pubmed>22162032</GBReference_pubmed>
      <GBReference_remark>GeneRIF: Robust and processive unfolding/degradation of some substrates with very stable protein domains, including mDHFR and titin(I27) .</GBReference_remark>
    </GBReference>
    <GBReference>
      <GBReference_reference>3</GBReference_reference>
      <GBReference_position>1..187</GBReference_position>
      <GBReference_authors>
        <GBAuthor>Skarnes WC</GBAuthor>
        <GBAuthor>Rosen B</GBAuthor>
        <GBAuthor>West AP</GBAuthor>
        <GBAuthor>Koutsourakis M</GBAuthor>
        <GBAuthor>Bushell W</GBAuthor>
        <GBAuthor>Iyer V</GBAuthor>
        <GBAuthor>Mujica AO</GBAuthor>
        <GBAuthor>Thomas M</GBAuthor>
        <GBAuthor>Harrow J</GBAuthor>
        <GBAuthor>Cox T</GBAuthor>
        <GBAuthor>Jackson D</GBAuthor>
        <GBAuthor>Severin J</GBAuthor>
        <GBAuthor>Biggs P</GBAuthor>
        <GBAuthor>Fu J</GBAuthor>
        <GBAuthor>Nefedov M</GBAuthor>
        <GBAuthor>de Jong PJ</GBAuthor>
        <GBAuthor>Stewart AF</GBAuthor>
        <GBAuthor>Bradley A</GBAuthor>
      </GBReference_authors>
      <GBReference_title>A conditional knockout resource for the genome-wide study of mouse gene function</GBReference_title>
      <GBReference_journal>Nature 474 (7351), 337-342 (2011)</GBReference_journal>
      <GBReference_xref>
        <GBXref>
          <GBXref_dbname>doi</GBXref_dbname>
          <GBXref_id>10.1038/nature10163</GBXref_id>
        </GBXref>
      </GBReference_xref>
      <GBReference_pubmed>21677750</GBReference_pubmed>
      <GBReference_remark>Publication Status: Online-Only</GBReference_remark>
    </GBReference>
    <GBReference>
      <GBReference_reference>4</GBReference_reference>
      <GBReference_position>1..187</GBReference_position>
      <GBReference_authors>
        <GBAuthor>Crabtree MJ</GBAuthor>
        <GBAuthor>Hale AB</GBAuthor>
        <GBAuthor>Channon KM</GBAuthor>
      </GBReference_authors>
      <GBReference_title>Dihydrofolate reductase protects endothelial nitric oxide synthase from uncoupling in tetrahydrobiopterin deficiency</GBReference_title>
      <GBReference_journal>Free Radic. Biol. Med. 50 (11), 1639-1646 (2011)</GBReference_journal>
      <GBReference_xref>
        <GBXref>
          <GBXref_dbname>doi</GBXref_dbname>
          <GBXref_id>10.1016/j.freeradbiomed.2011.03.010</GBXref_id>
        </GBXref>
      </GBReference_xref>
      <GBReference_pubmed>21402147</GBReference_pubmed>
      <GBReference_remark>GeneRIF: protects endothelial nitric oxide synthase from uncoupling in tetrahydrobiopterin deficiency</GBReference_remark>
    </GBReference>
    <GBReference>
      <GBReference_reference>5</GBReference_reference>
      <GBReference_position>1..187</GBReference_position>
      <GBReference_authors>
        <GBAuthor>Diez-Roux G</GBAuthor>
        <GBAuthor>Banfi S</GBAuthor>
        <GBAuthor>Sultan M</GBAuthor>
        <GBAuthor>Geffers L</GBAuthor>
        <GBAuthor>Anand S</GBAuthor>
        <GBAuthor>Rozado D</GBAuthor>
        <GBAuthor>Magen A</GBAuthor>
        <GBAuthor>Canidio E</GBAuthor>
        <GBAuthor>Pagani M</GBAuthor>
        <GBAuthor>Peluso I</GBAuthor>
        <GBAuthor>Lin-Marq N</GBAuthor>
        <GBAuthor>Koch M</GBAuthor>
        <GBAuthor>Bilio M</GBAuthor>
        <GBAuthor>Cantiello I</GBAuthor>
        <GBAuthor>Verde R</GBAuthor>
        <GBAuthor>De Masi C</GBAuthor>
        <GBAuthor>Bianchi SA</GBAuthor>
        <GBAuthor>Cicchini J</GBAuthor>
        <GBAuthor>Perroud E</GBAuthor>
        <GBAuthor>Mehmeti S</GBAuthor>
        <GBAuthor>Dagand E</GBAuthor>
        <GBAuthor>Schrinner S</GBAuthor>
        <GBAuthor>Nurnberger A</GBAuthor>
        <GBAuthor>Schmidt K</GBAuthor>
        <GBAuthor>Metz K</GBAuthor>
        <GBAuthor>Zwingmann C</GBAuthor>
        <GBAuthor>Brieske N</GBAuthor>
        <GBAuthor>Springer C</GBAuthor>
        <GBAuthor>Hernandez AM</GBAuthor>
        <GBAuthor>Herzog S</GBAuthor>
        <GBAuthor>Grabbe F</GBAuthor>
        <GBAuthor>Sieverding C</GBAuthor>
        <GBAuthor>Fischer B</GBAuthor>
        <GBAuthor>Schrader K</GBAuthor>
        <GBAuthor>Brockmeyer M</GBAuthor>
        <GBAuthor>Dettmer S</GBAuthor>
        <GBAuthor>Helbig C</GBAuthor>
        <GBAuthor>Alunni V</GBAuthor>
        <GBAuthor>Battaini MA</GBAuthor>
        <GBAuthor>Mura C</GBAuthor>
        <GBAuthor>Henrichsen CN</GBAuthor>
        <GBAuthor>Garcia-Lopez R</GBAuthor>
        <GBAuthor>Echevarria D</GBAuthor>
        <GBAuthor>Puelles E</GBAuthor>
        <GBAuthor>Garcia-Calero E</GBAuthor>
        <GBAuthor>Kruse S</GBAuthor>
        <GBAuthor>Uhr M</GBAuthor>
        <GBAuthor>Kauck C</GBAuthor>
        <GBAuthor>Feng G</GBAuthor>
        <GBAuthor>Milyaev N</GBAuthor>
        <GBAuthor>Ong CK</GBAuthor>
        <GBAuthor>Kumar L</GBAuthor>
        <GBAuthor>Lam M</GBAuthor>
        <GBAuthor>Semple CA</GBAuthor>
        <GBAuthor>Gyenesei A</GBAuthor>
        <GBAuthor>Mundlos S</GBAuthor>
        <GBAuthor>Radelof U</GBAuthor>
        <GBAuthor>Lehrach H</GBAuthor>
        <GBAuthor>Sarmientos P</GBAuthor>
        <GBAuthor>Reymond A</GBAuthor>
        <GBAuthor>Davidson DR</GBAuthor>
        <GBAuthor>Dolle P</GBAuthor>
        <GBAuthor>Antonarakis SE</GBAuthor>
        <GBAuthor>Yaspo ML</GBAuthor>
        <GBAuthor>Martinez S</GBAuthor>
        <GBAuthor>Baldock RA</GBAuthor>
        <GBAuthor>Eichele G</GBAuthor>
        <GBAuthor>Ballabio A</GBAuthor>
      </GBReference_authors>
      <GBReference_title>A high-resolution anatomical atlas of the transcriptome in the mouse embryo</GBReference_title>
      <GBReference_journal>PLoS Biol. 9 (1), E1000582 (2011)</GBReference_journal>
      <GBReference_xref>
        <GBXref>
          <GBXref_dbname>doi</GBXref_dbname>
          <GBXref_id>10.1371/journal.pbio.1000582</GBXref_id>
        </GBXref>
      </GBReference_xref>
      <GBReference_pubmed>21267068</GBReference_pubmed>
      <GBReference_remark>Publication Status: Online-Only</GBReference_remark>
    </GBReference>
    <GBReference>
      <GBReference_reference>6</GBReference_reference>
      <GBReference_position>1..187</GBReference_position>
      <GBReference_authors>
        <GBAuthor>Stone,D.</GBAuthor>
        <GBAuthor>Paterson,S.J.</GBAuthor>
        <GBAuthor>Raper,J.H.</GBAuthor>
        <GBAuthor>Phillips,A.W.</GBAuthor>
      </GBReference_authors>
      <GBReference_title>The amino acid sequence of dihydrofolate reductase from the mouse lymphoma L1210</GBReference_title>
      <GBReference_journal>J. Biol. Chem. 254 (2), 480-488 (1979)</GBReference_journal>
      <GBReference_pubmed>762074</GBReference_pubmed>
    </GBReference>
    <GBReference>
      <GBReference_reference>7</GBReference_reference>
      <GBReference_position>1..187</GBReference_position>
      <GBReference_authors>
        <GBAuthor>Schimke,R.T.</GBAuthor>
        <GBAuthor>Kaufman,R.J.</GBAuthor>
        <GBAuthor>Alt,F.W.</GBAuthor>
        <GBAuthor>Kellems,R.F.</GBAuthor>
      </GBReference_authors>
      <GBReference_title>Gene amplification and drug resistance in cultured murine cells</GBReference_title>
      <GBReference_journal>Science 202 (4372), 1051-1055 (1978)</GBReference_journal>
      <GBReference_pubmed>715457</GBReference_pubmed>
    </GBReference>
    <GBReference>
      <GBReference_reference>8</GBReference_reference>
      <GBReference_position>1..187</GBReference_position>
      <GBReference_authors>
        <GBAuthor>Chang,A.C.</GBAuthor>
        <GBAuthor>Nunberg,J.H.</GBAuthor>
        <GBAuthor>Kaufman,R.J.</GBAuthor>
        <GBAuthor>Erlich,H.A.</GBAuthor>
        <GBAuthor>Schimke,R.T.</GBAuthor>
        <GBAuthor>Cohen,S.N.</GBAuthor>
      </GBReference_authors>
      <GBReference_title>Phenotypic expression in E. coli of a DNA sequence coding for mouse dihydrofolate reductase</GBReference_title>
      <GBReference_journal>Nature 275 (5681), 617-624 (1978)</GBReference_journal>
      <GBReference_pubmed>360074</GBReference_pubmed>
    </GBReference>
    <GBReference>
      <GBReference_reference>9</GBReference_reference>
      <GBReference_position>1..187</GBReference_position>
      <GBReference_authors>
        <GBAuthor>Alt,F.W.</GBAuthor>
        <GBAuthor>Kellems,R.E.</GBAuthor>
        <GBAuthor>Bertino,J.R.</GBAuthor>
        <GBAuthor>Schimke,R.T.</GBAuthor>
      </GBReference_authors>
      <GBReference_title>Selective multiplication of dihydrofolate reductase genes in methotrexate-resistant variants of cultured murine cells</GBReference_title>
      <GBReference_journal>J. Biol. Chem. 253 (5), 1357-1370 (1978)</GBReference_journal>
      <GBReference_pubmed>627542</GBReference_pubmed>
    </GBReference>
    <GBReference>
      <GBReference_reference>10</GBReference_reference>
      <GBReference_position>1..187</GBReference_position>
      <GBReference_authors>
        <GBAuthor>Tauro,G.P.</GBAuthor>
        <GBAuthor>Danks,D.M.</GBAuthor>
        <GBAuthor>Rowe,P.B.</GBAuthor>
        <GBAuthor>Van der Weyden,M.B.</GBAuthor>
        <GBAuthor>Schwarz,M.A.</GBAuthor>
        <GBAuthor>Collins,V.L.</GBAuthor>
        <GBAuthor>Neal,B.W.</GBAuthor>
      </GBReference_authors>
      <GBReference_title>Dihydrofolate reductase deficiency causing megaloblastic anemia in two families</GBReference_title>
      <GBReference_journal>N. Engl. J. Med. 294 (9), 466-470 (1976)</GBReference_journal>
      <GBReference_xref>
        <GBXref>
          <GBXref_dbname>doi</GBXref_dbname>
          <GBXref_id>10.1056/NEJM197602262940903</GBXref_id>
        </GBXref>
      </GBReference_xref>
      <GBReference_pubmed>1060915</GBReference_pubmed>
    </GBReference>
  </GBSeq_references>
  <GBSeq_comment>VALIDATED REFSEQ: This record has undergone validation or preliminary review. The reference sequence was derived from BU058996.1, AK031241.1, CB247191.1, CAAA01146114.1 and AI854085.1.; ~Publication Note: This RefSeq record includes a subset of the publications that are available for this gene. Please see the Gene record to access additional publications.; ##Evidence-Data-START## Transcript exon combination AK136212.1, AK031241.1 [ECO:0000332] RNAseq introns single sample supports all introns SAMN00849380, SAMN00849381 [ECO:0000348] ##Evidence-Data-END##</GBSeq_comment>
  <GBSeq_source-db>REFSEQ: accession NM_010049.3</GBSeq_source-db>
  <GBSeq_feature-table>
    <GBFeature>
      <GBFeature_key>source</GBFeature_key>
      <GBFeature_location>1..187</GBFeature_location>
      <GBFeature_intervals>
        <GBInterval>
          <GBInterval_from>1</GBInterval_from>
          <GBInterval_to>187</GBInterval_to>
          <GBInterval_accession>NP_034179.1</GBInterval_accession>
        </GBInterval>
      </GBFeature_intervals>
      <GBFeature_quals>
        <GBQualifier>
          <GBQualifier_name>organism</GBQualifier_name>
          <GBQualifier_value>Mus musculus</GBQualifier_value>
        </GBQualifier>
        <GBQualifier>
          <GBQualifier_name>strain</GBQualifier_name>
          <GBQualifier_value>C57BL/6</GBQualifier_value>
        </GBQualifier>
        <GBQualifier>
          <GBQualifier_name>db_xref</GBQualifier_name>
          <GBQualifier_value>taxon:10090</GBQualifier_value>
        </GBQualifier>
        <GBQualifier>
          <GBQualifier_name>chromosome</GBQualifier_name>
          <GBQualifier_value>13</GBQualifier_value>
        </GBQualifier>
        <GBQualifier>
          <GBQualifier_name>map</GBQualifier_name>
          <GBQualifier_value>13 47.64 cM</GBQualifier_value>
        </GBQualifier>
      </GBFeature_quals>
    </GBFeature>
    <GBFeature>
      <GBFeature_key>Protein</GBFeature_key>
      <GBFeature_location>1..187</GBFeature_location>
      <GBFeature_intervals>
        <GBInterval>
          <GBInterval_from>1</GBInterval_from>
          <GBInterval_to>187</GBInterval_to>
          <GBInterval_accession>NP_034179.1</GBInterval_accession>
        </GBInterval>
      </GBFeature_intervals>
      <GBFeature_quals>
        <GBQualifier>
          <GBQualifier_name>product</GBQualifier_name>
          <GBQualifier_value>dihydrofolate reductase</GBQualifier_value>
        </GBQualifier>
        <GBQualifier>
          <GBQualifier_name>EC_number</GBQualifier_name>
          <GBQualifier_value>1.5.1.3</GBQualifier_value>
        </GBQualifier>
        <GBQualifier>
          <GBQualifier_name>calculated_mol_wt</GBQualifier_name>
          <GBQualifier_value>21475</GBQualifier_value>
        </GBQualifier>
      </GBFeature_quals>
    </GBFeature>
    <GBFeature>
      <GBFeature_key>Region</GBFeature_key>
      <GBFeature_location>5..184</GBFeature_location>
      <GBFeature_intervals>
        <GBInterval>
          <GBInterval_from>5</GBInterval_from>
          <GBInterval_to>184</GBInterval_to>
          <GBInterval_accession>NP_034179.1</GBInterval_accession>
        </GBInterval>
      </GBFeature_intervals>
      <GBFeature_quals>
        <GBQualifier>
          <GBQualifier_name>region_name</GBQualifier_name>
          <GBQualifier_value>DHFR</GBQualifier_value>
        </GBQualifier>
        <GBQualifier>
          <GBQualifier_name>note</GBQualifier_name>
          <GBQualifier_value>Dihydrofolate reductase (DHFR). Reduces 7,8-dihydrofolate to 5,6,7,8-tetrahydrofolate with NADPH as a cofactor. This is an essential step in the biosynthesis of deoxythymidine phosphate since 5,6,7,8-tetrahydrofolate is required to regenerate 5; cd00209</GBQualifier_value>
        </GBQualifier>
        <GBQualifier>
          <GBQualifier_name>db_xref</GBQualifier_name>
          <GBQualifier_value>CDD:238127</GBQualifier_value>
        </GBQualifier>
      </GBFeature_quals>
    </GBFeature>
    <GBFeature>
      <GBFeature_key>Site</GBFeature_key>
      <GBFeature_location>order(8,25,31,71,116,122,137)</GBFeature_location>
      <GBFeature_intervals>
        <GBInterval>
          <GBInterval_point>8</GBInterval_point>
          <GBInterval_accession>NP_034179.1</GBInterval_accession>
        </GBInterval>
        <GBInterval>
          <GBInterval_point>25</GBInterval_point>
          <GBInterval_accession>NP_034179.1</GBInterval_accession>
        </GBInterval>
        <GBInterval>
          <GBInterval_point>31</GBInterval_point>
          <GBInterval_accession>NP_034179.1</GBInterval_accession>
        </GBInterval>
        <GBInterval>
          <GBInterval_point>71</GBInterval_point>
          <GBInterval_accession>NP_034179.1</GBInterval_accession>
        </GBInterval>
        <GBInterval>
          <GBInterval_point>116</GBInterval_point>
          <GBInterval_accession>NP_034179.1</GBInterval_accession>
        </GBInterval>
        <GBInterval>
          <GBInterval_point>122</GBInterval_point>
          <GBInterval_accession>NP_034179.1</GBInterval_accession>
        </GBInterval>
        <GBInterval>
          <GBInterval_point>137</GBInterval_point>
          <GBInterval_accession>NP_034179.1</GBInterval_accession>
        </GBInterval>
      </GBFeature_intervals>
      <GBFeature_operator>order</GBFeature_operator>
      <GBFeature_quals>
        <GBQualifier>
          <GBQualifier_name>site_type</GBQualifier_name>
          <GBQualifier_value>other</GBQualifier_value>
        </GBQualifier>
        <GBQualifier>
          <GBQualifier_name>note</GBQualifier_name>
          <GBQualifier_value>folate binding site [chemical binding]</GBQualifier_value>
        </GBQualifier>
        <GBQualifier>
          <GBQualifier_name>db_xref</GBQualifier_name>
          <GBQualifier_value>CDD:238127</GBQualifier_value>
        </GBQualifier>
      </GBFeature_quals>
    </GBFeature>
    <GBFeature>
      <GBFeature_key>Site</GBFeature_key>
      <GBFeature_location>order(10,17,55..57,78,117..120)</GBFeature_location>
      <GBFeature_intervals>
        <GBInterval>
          <GBInterval_point>10</GBInterval_point>
          <GBInterval_accession>NP_034179.1</GBInterval_accession>
        </GBInterval>
        <GBInterval>
          <GBInterval_point>17</GBInterval_point>
          <GBInterval_accession>NP_034179.1</GBInterval_accession>
        </GBInterval>
        <GBInterval>
          <GBInterval_from>55</GBInterval_from>
          <GBInterval_to>57</GBInterval_to>
          <GBInterval_accession>NP_034179.1</GBInterval_accession>
        </GBInterval>
        <GBInterval>
          <GBInterval_point>78</GBInterval_point>
          <GBInterval_accession>NP_034179.1</GBInterval_accession>
        </GBInterval>
        <GBInterval>
          <GBInterval_from>117</GBInterval_from>
          <GBInterval_to>120</GBInterval_to>
          <GBInterval_accession>NP_034179.1</GBInterval_accession>
        </GBInterval>
      </GBFeature_intervals>
      <GBFeature_operator>order</GBFeature_operator>
      <GBFeature_quals>
        <GBQualifier>
          <GBQualifier_name>site_type</GBQualifier_name>
          <GBQualifier_value>other</GBQualifier_value>
        </GBQualifier>
        <GBQualifier>
          <GBQualifier_name>note</GBQualifier_name>
          <GBQualifier_value>NADP+ binding site [chemical binding]</GBQualifier_value>
        </GBQualifier>
        <GBQualifier>
          <GBQualifier_name>db_xref</GBQualifier_name>
          <GBQualifier_value>CDD:238127</GBQualifier_value>
        </GBQualifier>
      </GBFeature_quals>
    </GBFeature>
    <GBFeature>
      <GBFeature_key>Region</GBFeature_key>
      <GBFeature_location>31..36</GBFeature_location>
      <GBFeature_intervals>
        <GBInterval>
          <GBInterval_from>31</GBInterval_from>
          <GBInterval_to>36</GBInterval_to>
          <GBInterval_accession>NP_034179.1</GBInterval_accession>
        </GBInterval>
      </GBFeature_intervals>
      <GBFeature_quals>
        <GBQualifier>
          <GBQualifier_name>region_name</GBQualifier_name>
          <GBQualifier_value>Substrate binding</GBQualifier_value>
        </GBQualifier>
        <GBQualifier>
          <GBQualifier_name>experiment</GBQualifier_name>
          <GBQualifier_value>experimental evidence, no additional details recorded</GBQualifier_value>
        </GBQualifier>
        <GBQualifier>
          <GBQualifier_name>note</GBQualifier_name>
          <GBQualifier_value>propagated from UniProtKB/Swiss-Prot (P00375.3)</GBQualifier_value>
        </GBQualifier>
      </GBFeature_quals>
    </GBFeature>
    <GBFeature>
      <GBFeature_key>Site</GBFeature_key>
      <GBFeature_location>33</GBFeature_location>
      <GBFeature_intervals>
        <GBInterval>
          <GBInterval_point>33</GBInterval_point>
          <GBInterval_accession>NP_034179.1</GBInterval_accession>
        </GBInterval>
      </GBFeature_intervals>
      <GBFeature_quals>
        <GBQualifier>
          <GBQualifier_name>site_type</GBQualifier_name>
          <GBQualifier_value>acetylation</GBQualifier_value>
        </GBQualifier>
        <GBQualifier>
          <GBQualifier_name>experiment</GBQualifier_name>
          <GBQualifier_value>experimental evidence, no additional details recorded</GBQualifier_value>
        </GBQualifier>
        <GBQualifier>
          <GBQualifier_name>note</GBQualifier_name>
          <GBQualifier_value>N6-acetyllysine, alternate; propagated from UniProtKB/Swiss-Prot (P00375.3)</GBQualifier_value>
        </GBQualifier>
      </GBFeature_quals>
    </GBFeature>
    <GBFeature>
      <GBFeature_key>Site</GBFeature_key>
      <GBFeature_location>33</GBFeature_location>
      <GBFeature_intervals>
        <GBInterval>
          <GBInterval_point>33</GBInterval_point>
          <GBInterval_accession>NP_034179.1</GBInterval_accession>
        </GBInterval>
      </GBFeature_intervals>
      <GBFeature_quals>
        <GBQualifier>
          <GBQualifier_name>site_type</GBQualifier_name>
          <GBQualifier_value>modified</GBQualifier_value>
        </GBQualifier>
        <GBQualifier>
          <GBQualifier_name>experiment</GBQualifier_name>
          <GBQualifier_value>experimental evidence, no additional details recorded</GBQualifier_value>
        </GBQualifier>
        <GBQualifier>
          <GBQualifier_name>note</GBQualifier_name>
          <GBQualifier_value>N6-succinyllysine, alternate; propagated from UniProtKB/Swiss-Prot (P00375.3)</GBQualifier_value>
        </GBQualifier>
      </GBFeature_quals>
    </GBFeature>
    <GBFeature>
      <GBFeature_key>CDS</GBFeature_key>
      <GBFeature_location>1..187</GBFeature_location>
      <GBFeature_intervals>
        <GBInterval>
          <GBInterval_from>1</GBInterval_from>
          <GBInterval_to>187</GBInterval_to>
          <GBInterval_accession>NP_034179.1</GBInterval_accession>
        </GBInterval>
      </GBFeature_intervals>
      <GBFeature_quals>
        <GBQualifier>
          <GBQualifier_name>gene</GBQualifier_name>
          <GBQualifier_value>Dhfr</GBQualifier_value>
        </GBQualifier>
        <GBQualifier>
          <GBQualifier_name>gene_synonym</GBQualifier_name>
          <GBQualifier_value>8430436I03Rik; AA607882; AI662710; AW555094</GBQualifier_value>
        </GBQualifier>
        <GBQualifier>
          <GBQualifier_name>coded_by</GBQualifier_name>
          <GBQualifier_value>NM_010049.3:477..1040</GBQualifier_value>
        </GBQualifier>
        <GBQualifier>
          <GBQualifier_name>db_xref</GBQualifier_name>
          <GBQualifier_value>CCDS:CCDS26680.1</GBQualifier_value>
        </GBQualifier>
        <GBQualifier>
          <GBQualifier_name>db_xref</GBQualifier_name>
          <GBQualifier_value>GeneID:13361</GBQualifier_value>
        </GBQualifier>
        <GBQualifier>
          <GBQualifier_name>db_xref</GBQualifier_name>
          <GBQualifier_value>MGI:MGI:94890</GBQualifier_value>
        </GBQualifier>
      </GBFeature_quals>
    </GBFeature>
  </GBSeq_feature-table>
  <GBSeq_sequence>mvrplncivavsqnmgigkngdlpwpplrnefkyfqrmtttssvegkqnlvimgrktwfsipeknrplkdrinivlsrelkepprgahflakslddalrlieqpelaskvdmvwivggssvyqeamnqpghlrlfvtrimqefesdtffpeidlgkykllpeypgvlsevqeekgikykfevyekkd</GBSeq_sequence>
</GBSeq>

</GBSet>

