<?xml version="1.0" ?>
<!DOCTYPE GBSet PUBLIC "-//NCBI//NCBI GBSeq/EN" "https://www.ncbi.nlm.nih.gov/dtd/NCBI_GBSeq.dtd">
<GBSet>
<GBSeq>
  <GBSeq_locus>NP_001230993</GBSeq_locus>
  <GBSeq_length>187</GBSeq_length>
  <GBSeq_moltype>AA</GBSeq_moltype>
  <GBSeq_topology>linear</GBSeq_topology>
  <GBSeq_division>MAM</GBSeq_division>
  <GBSeq_update-date>18-OCT-2015</GBSeq_update-date>
  <GBSeq_create-date>12-SEP-2011</GBSeq_create-date>
  <GBSeq_definition>dihydrofolate reductase [Sus scrofa]</GBSeq_definition>
  <GBSeq_primary-accession>NP_001230993</GBSeq_primary-accession>
  <GBSeq_accession-version>NP_001230993.1</GBSeq_accession-version>
  <GBSeq_other-seqids>
    <GBSeqid>ref|NP_001230993.1|</GBSeqid>
    <GBSeqid>gi|346227214</GBSeqid>
  </GBSeq_other-seqids>
  <GBSeq_keywords>
    <GBKeyword>RefSeq</GBKeyword>
  </GBSeq_keywords>
  <GBSeq_source>Sus scrofa (pig)</GBSeq_source>
  <GBSeq_organism>Sus scrofa</GBSeq_organism>
  <GBSeq_taxonomy>Eukaryota; Metazoa; Chordata; Craniata; Vertebrata; Euteleostomi; Mammalia; Eutheria; Laurasiatheria; Cetartiodactyla; Suina; Suidae; Sus</GBSeq_taxonomy>
  <GBSeq_references>
    <GBReference>
      <GBReference_reference>1</GBReference_reference>
      <GBReference_position>1..187</GBReference_position>
      <GBReference_authors>
        <GBAuthor>Jorgensen,F.G.</GBAuthor>
        <GBAuthor>Hobolth,A.</GBAuthor>
        <GBAuthor>Hornshoj,H.</GBAuthor>
        <GBAuthor>Bendixen,C.</GBAuthor>
        <GBAuthor>Fredholm,M.</GBAuthor>
        <GBAuthor>Schierup,M.H.</GBAuthor>
      </GBReference_authors>
      <GBReference_title>Comparative analysis of protein coding sequences from human, mouse and the domesticated pig</GBReference_title>
      <GBReference_journal>BMC Biol. 3, 2 (2005)</GBReference_journal>
      <GBReference_xref>
        <GBXref>
          <GBXref_dbname>doi</GBXref_dbname>
          <GBXref_id>10.1186/1741-7007-3-2</GBXref_id>
        </GBXref>
      </GBReference_xref>
      <GBReference_pubmed>15679890</GBReference_pubmed>
      <GBReference_remark>Publication Status: Online-Only</GBReference_remark>
    </GBReference>
    <GBReference>
      <GBReference_reference>2</GBReference_reference>
      <GBReference_position>1..187</GBReference_position>
      <GBReference_authors>
        <GBAuthor>Uenishi,H.</GBAuthor>
        <GBAuthor>Eguchi,T.</GBAuthor>
        <GBAuthor>Suzuki,K.</GBAuthor>
        <GBAuthor>Sawazaki,T.</GBAuthor>
        <GBAuthor>Toki,D.</GBAuthor>
        <GBAuthor>Shinkai,H.</GBAuthor>
        <GBAuthor>Okumura,N.</GBAuthor>
        <GBAuthor>Hamasima,N.</GBAuthor>
        <GBAuthor>Awata,T.</GBAuthor>
      </GBReference_authors>
      <GBReference_title>PEDE (Pig EST Data Explorer): construction of a database for ESTs derived from porcine full-length cDNA libraries</GBReference_title>
      <GBReference_journal>Nucleic Acids Res. 32 (DATABASE ISSUE), D484-D488 (2004)</GBReference_journal>
      <GBReference_xref>
        <GBXref>
          <GBXref_dbname>doi</GBXref_dbname>
          <GBXref_id>10.1093/nar/gkh037</GBXref_id>
        </GBXref>
      </GBReference_xref>
      <GBReference_pubmed>14681463</GBReference_pubmed>
    </GBReference>
  </GBSeq_references>
  <GBSeq_comment>VALIDATED REFSEQ: This record has undergone validation or preliminary review. The reference sequence was derived from AK232978.1.; ##Evidence-Data-START## Transcript exon combination AK232978.1, BW973585.1 [ECO:0000332] RNAseq introns single sample supports all introns SAMN02584787 [ECO:0000348] ##Evidence-Data-END##</GBSeq_comment>
  <GBSeq_source-db>REFSEQ: accession NM_001244064.1</GBSeq_source-db>
  <GBSeq_feature-table>
    <GBFeature>
      <GBFeature_key>source</GBFeature_key>
      <GBFeature_location>1..187</GBFeature_location>
      <GBFeature_intervals>
        <GBInterval>
          <GBInterval_from>1</GBInterval_from>
          <GBInterval_to>187</GBInterval_to>
          <GBInterval_accession>NP_001230993.1</GBInterval_accession>
        </GBInterval>
      </GBFeature_intervals>
      <GBFeature_quals>
        <GBQualifier>
          <GBQualifier_name>organism</GBQualifier_name>
          <GBQualifier_value>Sus scrofa</GBQualifier_value>
        </GBQualifier>
        <GBQualifier>
          <GBQualifier_name>db_xref</GBQualifier_name>
          <GBQualifier_value>taxon:9823</GBQualifier_value>
        </GBQualifier>
        <GBQualifier>
          <GBQualifier_name>chromosome</GBQualifier_name>
          <GBQualifier_value>2</GBQualifier_value>
        </GBQualifier>
      </GBFeature_quals>
    </GBFeature>
    <GBFeature>
      <GBFeature_key>Protein</GBFeature_key>
      <GBFeature_location>1..187</GBFeature_location>
      <GBFeature_intervals>
        <GBInterval>
          <GBInterval_from>1</GBInterval_from>
          <GBInterval_to>187</GBInterval_to>
          <GBInterval_accession>NP_001230993.1</GBInterval_accession>
        </GBInterval>
      </GBFeature_intervals>
      <GBFeature_quals>
        <GBQualifier>
          <GBQualifier_name>product</GBQualifier_name>
          <GBQualifier_value>dihydrofolate reductase</GBQualifier_value>
        </GBQualifier>
        <GBQualifier>
          <GBQualifier_name>EC_number</GBQualifier_name>
          <GBQualifier_value>1.5.1.3</GBQualifier_value>
        </GBQualifier>
        <GBQualifier>
          <GBQualifier_name>calculated_mol_wt</GBQualifier_name>
          <GBQualifier_value>21406</GBQualifier_value>
        </GBQualifier>
      </GBFeature_quals>
    </GBFeature>
    <GBFeature>
      <GBFeature_key>Region</GBFeature_key>
      <GBFeature_location>5..184</GBFeature_location>
      <GBFeature_intervals>
        <GBInterval>
          <GBInterval_from>5</GBInterval_from>
          <GBInterval_to>184</GBInterval_to>
          <GBInterval_accession>NP_001230993.1</GBInterval_accession>
        </GBInterval>
      </GBFeature_intervals>
      <GBFeature_quals>
        <GBQualifier>
          <GBQualifier_name>region_name</GBQualifier_name>
          <GBQualifier_value>DHFR</GBQualifier_value>
        </GBQualifier>
        <GBQualifier>
          <GBQualifier_name>note</GBQualifier_name>
          <GBQualifier_value>Dihydrofolate reductase (DHFR). Reduces 7,8-dihydrofolate to 5,6,7,8-tetrahydrofolate with NADPH as a cofactor. This is an essential step in the biosynthesis of deoxythymidine phosphate since 5,6,7,8-tetrahydrofolate is required to regenerate 5; cd00209</GBQualifier_value>
        </GBQualifier>
        <GBQualifier>
          <GBQualifier_name>db_xref</GBQualifier_name>
          <GBQualifier_value>CDD:238127</GBQualifier_value>
        </GBQualifier>
      </GBFeature_quals>
    </GBFeature>
    <GBFeature>
      <GBFeature_key>Site</GBFeature_key>
      <GBFeature_location>order(8,25,31,71,116,122,137)</GBFeature_location>
      <GBFeature_intervals>
        <GBInterval>
          <GBInterval_point>8</GBInterval_point>
          <GBInterval_accession>NP_001230993.1</GBInterval_accession>
        </GBInterval>
        <GBInterval>
          <GBInterval_point>25</GBInterval_point>
          <GBInterval_accession>NP_001230993.1</GBInterval_accession>
        </GBInterval>
        <GBInterval>
          <GBInterval_point>31</GBInterval_point>
          <GBInterval_accession>NP_001230993.1</GBInterval_accession>
        </GBInterval>
        <GBInterval>
          <GBInterval_point>71</GBInterval_point>
          <GBInterval_accession>NP_001230993.1</GBInterval_accession>
        </GBInterval>
        <GBInterval>
          <GBInterval_point>116</GBInterval_point>
          <GBInterval_accession>NP_001230993.1</GBInterval_accession>
        </GBInterval>
        <GBInterval>
          <GBInterval_point>122</GBInterval_point>
          <GBInterval_accession>NP_001230993.1</GBInterval_accession>
        </GBInterval>
        <GBInterval>
          <GBInterval_point>137</GBInterval_point>
          <GBInterval_accession>NP_001230993.1</GBInterval_accession>
        </GBInterval>
      </GBFeature_intervals>
      <GBFeature_operator>order</GBFeature_operator>
      <GBFeature_quals>
        <GBQualifier>
          <GBQualifier_name>site_type</GBQualifier_name>
          <GBQualifier_value>other</GBQualifier_value>
        </GBQualifier>
        <GBQualifier>
          <GBQualifier_name>note</GBQualifier_name>
          <GBQualifier_value>folate binding site [chemical binding]</GBQualifier_value>
        </GBQualifier>
        <GBQualifier>
          <GBQualifier_name>db_xref</GBQualifier_name>
          <GBQualifier_value>CDD:238127</GBQualifier_value>
        </GBQualifier>
      </GBFeature_quals>
    </GBFeature>
    <GBFeature>
      <GBFeature_key>Site</GBFeature_key>
      <GBFeature_location>order(10,17,55..57,78,117..120)</GBFeature_location>
      <GBFeature_intervals>
        <GBInterval>
          <GBInterval_point>10</GBInterval_point>
          <GBInterval_accession>NP_001230993.1</GBInterval_accession>
        </GBInterval>
        <GBInterval>
          <GBInterval_point>17</GBInterval_point>
          <GBInterval_accession>NP_001230993.1</GBInterval_accession>
        </GBInterval>
        <GBInterval>
          <GBInterval_from>55</GBInterval_from>
          <GBInterval_to>57</GBInterval_to>
          <GBInterval_accession>NP_001230993.1</GBInterval_accession>
        </GBInterval>
        <GBInterval>
          <GBInterval_point>78</GBInterval_point>
          <GBInterval_accession>NP_001230993.1</GBInterval_accession>
        </GBInterval>
        <GBInterval>
          <GBInterval_from>117</GBInterval_from>
          <GBInterval_to>120</GBInterval_to>
          <GBInterval_accession>NP_001230993.1</GBInterval_accession>
        </GBInterval>
      </GBFeature_intervals>
      <GBFeature_operator>order</GBFeature_operator>
      <GBFeature_quals>
        <GBQualifier>
          <GBQualifier_name>site_type</GBQualifier_name>
          <GBQualifier_value>other</GBQualifier_value>
        </GBQualifier>
        <GBQualifier>
          <GBQualifier_name>note</GBQualifier_name>
          <GBQualifier_value>NADP+ binding site [chemical binding]</GBQualifier_value>
        </GBQualifier>
        <GBQualifier>
          <GBQualifier_name>db_xref</GBQualifier_name>
          <GBQualifier_value>CDD:238127</GBQualifier_value>
        </GBQualifier>
      </GBFeature_quals>
    </GBFeature>
    <GBFeature>
      <GBFeature_key>CDS</GBFeature_key>
      <GBFeature_location>1..187</GBFeature_location>
      <GBFeature_intervals>
        <GBInterval>
          <GBInterval_from>1</GBInterval_from>
          <GBInterval_to>187</GBInterval_to>
          <GBInterval_accession>NP_001230993.1</GBInterval_accession>
        </GBInterval>
      </GBFeature_intervals>
      <GBFeature_quals>
        <GBQualifier>
          <GBQualifier_name>gene</GBQualifier_name>
          <GBQualifier_value>DHFR</GBQualifier_value>
        </GBQualifier>
        <GBQualifier>
          <GBQualifier_name>coded_by</GBQualifier_name>
          <GBQualifier_value>NM_001244064.1:75..638</GBQualifier_value>
        </GBQualifier>
        <GBQualifier>
          <GBQualifier_name>db_xref</GBQualifier_name>
          <GBQualifier_value>GeneID:100525912</GBQualifier_value>
        </GBQualifier>
      </GBFeature_quals>
    </GBFeature>
  </GBSeq_feature-table>
  <GBSeq_sequence>mvrplncivavsqnlgigkngdlpwpplrneykyfqrmtttssvegkqnlvimgrktwfsipeknrplkdrinivlsrelkeppqgahflakslddalklteqpelknkvdmvwivggssvykeamnkpghirlfvtrimkefesdaffpeidlekykllsecsgvpsdvqeekgikykfevyeknn</GBSeq_sequence>
</GBSeq>

</GBSet>

