<?xml version="1.0" ?>
<!DOCTYPE GBSet PUBLIC "-//NCBI//NCBI GBSeq/EN" "https://www.ncbi.nlm.nih.gov/dtd/NCBI_GBSeq.dtd">
<GBSet>
<GBSeq>
  <GBSeq_locus>NP_249041</GBSeq_locus>
  <GBSeq_length>168</GBSeq_length>
  <GBSeq_moltype>AA</GBSeq_moltype>
  <GBSeq_topology>linear</GBSeq_topology>
  <GBSeq_division>CON</GBSeq_division>
  <GBSeq_update-date>03-AUG-2016</GBSeq_update-date>
  <GBSeq_create-date>10-SEP-2001</GBSeq_create-date>
  <GBSeq_definition>dihydrofolate reductase [Pseudomonas aeruginosa PAO1]</GBSeq_definition>
  <GBSeq_primary-accession>NP_249041</GBSeq_primary-accession>
  <GBSeq_accession-version>NP_249041.1</GBSeq_accession-version>
  <GBSeq_other-seqids>
    <GBSeqid>ref|NP_249041.1|</GBSeqid>
    <GBSeqid>gi|15595547</GBSeqid>
  </GBSeq_other-seqids>
  <GBSeq_project>PRJNA57945</GBSeq_project>
  <GBSeq_keywords>
    <GBKeyword>RefSeq</GBKeyword>
  </GBSeq_keywords>
  <GBSeq_source>Pseudomonas aeruginosa PAO1</GBSeq_source>
  <GBSeq_organism>Pseudomonas aeruginosa PAO1</GBSeq_organism>
  <GBSeq_taxonomy>Bacteria; Proteobacteria; Gammaproteobacteria; Pseudomonadales; Pseudomonadaceae; Pseudomonas</GBSeq_taxonomy>
  <GBSeq_references>
    <GBReference>
      <GBReference_reference>1</GBReference_reference>
      <GBReference_position>1..168</GBReference_position>
      <GBReference_authors>
        <GBAuthor>Winsor,G.L.</GBAuthor>
        <GBAuthor>Van Rossum,T.</GBAuthor>
        <GBAuthor>Lo,R.</GBAuthor>
        <GBAuthor>Khaira,B.</GBAuthor>
        <GBAuthor>Whiteside,M.D.</GBAuthor>
        <GBAuthor>Hancock,R.E.</GBAuthor>
        <GBAuthor>Brinkman,F.S.</GBAuthor>
      </GBReference_authors>
      <GBReference_title>Pseudomonas Genome Database: facilitating user-friendly, comprehensive comparisons of microbial genomes</GBReference_title>
      <GBReference_journal>Nucleic acids Res. 37 (DATABASE ISSUE), D483-D488 (2009)</GBReference_journal>
      <GBReference_xref>
        <GBXref>
          <GBXref_dbname>doi</GBXref_dbname>
          <GBXref_id>10.1093/nar/gkn861</GBXref_id>
        </GBXref>
      </GBReference_xref>
      <GBReference_pubmed>18978025</GBReference_pubmed>
    </GBReference>
    <GBReference>
      <GBReference_reference>2</GBReference_reference>
      <GBReference_position>1..168</GBReference_position>
      <GBReference_authors>
        <GBAuthor>Cirz,R.T.</GBAuthor>
        <GBAuthor>O&apos;Neill,B.M.</GBAuthor>
        <GBAuthor>Hammond,J.A.</GBAuthor>
        <GBAuthor>Head,S.R.</GBAuthor>
        <GBAuthor>Romesberg,F.E.</GBAuthor>
      </GBReference_authors>
      <GBReference_title>Defining the Pseudomonas aeruginosa SOS response and its role in the global response to the antibiotic ciprofloxacin</GBReference_title>
      <GBReference_journal>J. Bacteriol. 188 (20), 7101-7110 (2006)</GBReference_journal>
      <GBReference_xref>
        <GBXref>
          <GBXref_dbname>doi</GBXref_dbname>
          <GBXref_id>10.1128/JB.00807-06</GBXref_id>
        </GBXref>
      </GBReference_xref>
      <GBReference_pubmed>17015649</GBReference_pubmed>
    </GBReference>
    <GBReference>
      <GBReference_reference>3</GBReference_reference>
      <GBReference_position>1..168</GBReference_position>
      <GBReference_authors>
        <GBAuthor>Palmer,K.L.</GBAuthor>
        <GBAuthor>Mashburn,L.M.</GBAuthor>
        <GBAuthor>Singh,P.K.</GBAuthor>
        <GBAuthor>Whiteley,M.</GBAuthor>
      </GBReference_authors>
      <GBReference_title>Cystic fibrosis sputum supports growth and cues key aspects of Pseudomonas aeruginosa physiology</GBReference_title>
      <GBReference_journal>J. Bacteriol. 187 (15), 5267-5277 (2005)</GBReference_journal>
      <GBReference_xref>
        <GBXref>
          <GBXref_dbname>doi</GBXref_dbname>
          <GBXref_id>10.1128/JB.187.15.5267-5277.2005</GBXref_id>
        </GBXref>
      </GBReference_xref>
      <GBReference_pubmed>16030221</GBReference_pubmed>
    </GBReference>
    <GBReference>
      <GBReference_reference>4</GBReference_reference>
      <GBReference_position>1..168</GBReference_position>
      <GBReference_authors>
        <GBAuthor>Salunkhe,P.</GBAuthor>
        <GBAuthor>Smart,C.H.</GBAuthor>
        <GBAuthor>Morgan,J.A.</GBAuthor>
        <GBAuthor>Panagea,S.</GBAuthor>
        <GBAuthor>Walshaw,M.J.</GBAuthor>
        <GBAuthor>Hart,C.A.</GBAuthor>
        <GBAuthor>Geffers,R.</GBAuthor>
        <GBAuthor>Tummler,B.</GBAuthor>
        <GBAuthor>Winstanley,C.</GBAuthor>
      </GBReference_authors>
      <GBReference_title>A cystic fibrosis epidemic strain of Pseudomonas aeruginosa displays enhanced virulence and antimicrobial resistance</GBReference_title>
      <GBReference_journal>J. Bacteriol. 187 (14), 4908-4920 (2005)</GBReference_journal>
      <GBReference_xref>
        <GBXref>
          <GBXref_dbname>doi</GBXref_dbname>
          <GBXref_id>10.1128/JB.187.14.4908-4920.2005</GBXref_id>
        </GBXref>
      </GBReference_xref>
      <GBReference_pubmed>15995206</GBReference_pubmed>
    </GBReference>
    <GBReference>
      <GBReference_reference>5</GBReference_reference>
      <GBReference_position>1..168</GBReference_position>
      <GBReference_authors>
        <GBAuthor>Filiatrault,M.J.</GBAuthor>
        <GBAuthor>Wagner,V.E.</GBAuthor>
        <GBAuthor>Bushnell,D.</GBAuthor>
        <GBAuthor>Haidaris,C.G.</GBAuthor>
        <GBAuthor>Iglewski,B.H.</GBAuthor>
        <GBAuthor>Passador,L.</GBAuthor>
      </GBReference_authors>
      <GBReference_title>Effect of anaerobiosis and nitrate on gene expression in Pseudomonas aeruginosa</GBReference_title>
      <GBReference_journal>Infect. Immun. 73 (6), 3764-3772 (2005)</GBReference_journal>
      <GBReference_xref>
        <GBXref>
          <GBXref_dbname>doi</GBXref_dbname>
          <GBXref_id>10.1128/IAI.73.6.3764-3772.2005</GBXref_id>
        </GBXref>
      </GBReference_xref>
      <GBReference_pubmed>15908409</GBReference_pubmed>
    </GBReference>
    <GBReference>
      <GBReference_reference>6</GBReference_reference>
      <GBReference_position>1..168</GBReference_position>
      <GBReference_authors>
        <GBAuthor>Rasmussen,T.B.</GBAuthor>
        <GBAuthor>Bjarnsholt,T.</GBAuthor>
        <GBAuthor>Skindersoe,M.E.</GBAuthor>
        <GBAuthor>Hentzer,M.</GBAuthor>
        <GBAuthor>Kristoffersen,P.</GBAuthor>
        <GBAuthor>Kote,M.</GBAuthor>
        <GBAuthor>Nielsen,J.</GBAuthor>
        <GBAuthor>Eberl,L.</GBAuthor>
        <GBAuthor>Givskov,M.</GBAuthor>
      </GBReference_authors>
      <GBReference_title>Screening for quorum-sensing inhibitors (QSI) by use of a novel genetic system, the QSI selector</GBReference_title>
      <GBReference_journal>J. Bacteriol. 187 (5), 1799-1814 (2005)</GBReference_journal>
      <GBReference_xref>
        <GBXref>
          <GBXref_dbname>doi</GBXref_dbname>
          <GBXref_id>10.1128/JB.187.5.1799-1814.2005</GBXref_id>
        </GBXref>
      </GBReference_xref>
      <GBReference_pubmed>15716452</GBReference_pubmed>
    </GBReference>
    <GBReference>
      <GBReference_reference>7</GBReference_reference>
      <GBReference_position>1..168</GBReference_position>
      <GBReference_authors>
        <GBAuthor>Winsor,G.L.</GBAuthor>
        <GBAuthor>Lo,R.</GBAuthor>
        <GBAuthor>Sui,S.J.</GBAuthor>
        <GBAuthor>Ung,K.S.</GBAuthor>
        <GBAuthor>Huang,S.</GBAuthor>
        <GBAuthor>Cheng,D.</GBAuthor>
        <GBAuthor>Ching,W.K.</GBAuthor>
        <GBAuthor>Hancock,R.E.</GBAuthor>
        <GBAuthor>Brinkman,F.S.</GBAuthor>
      </GBReference_authors>
      <GBReference_title>Pseudomonas aeruginosa Genome Database and PseudoCap: facilitating community-based, continually updated, genome annotation</GBReference_title>
      <GBReference_journal>Nucleic acids Res. 33 (DATABASE ISSUE), D338-D343 (2005)</GBReference_journal>
      <GBReference_xref>
        <GBXref>
          <GBXref_dbname>doi</GBXref_dbname>
          <GBXref_id>10.1093/nar/gki047</GBXref_id>
        </GBXref>
      </GBReference_xref>
      <GBReference_pubmed>15608211</GBReference_pubmed>
    </GBReference>
    <GBReference>
      <GBReference_reference>8</GBReference_reference>
      <GBReference_position>1..168</GBReference_position>
      <GBReference_authors>
        <GBAuthor>Wagner,V.E.</GBAuthor>
        <GBAuthor>Bushnell,D.</GBAuthor>
        <GBAuthor>Passador,L.</GBAuthor>
        <GBAuthor>Brooks,A.I.</GBAuthor>
        <GBAuthor>Iglewski,B.H.</GBAuthor>
      </GBReference_authors>
      <GBReference_title>Microarray analysis of Pseudomonas aeruginosa quorum-sensing regulons: effects of growth phase and environment</GBReference_title>
      <GBReference_journal>J. Bacteriol. 185 (7), 2080-2095 (2003)</GBReference_journal>
      <GBReference_pubmed>12644477</GBReference_pubmed>
    </GBReference>
    <GBReference>
      <GBReference_reference>9</GBReference_reference>
      <GBReference_position>1..168</GBReference_position>
      <GBReference_authors>
        <GBAuthor>Schuster,M.</GBAuthor>
        <GBAuthor>Lostroh,C.P.</GBAuthor>
        <GBAuthor>Ogi,T.</GBAuthor>
        <GBAuthor>Greenberg,E.P.</GBAuthor>
      </GBReference_authors>
      <GBReference_title>Identification, timing, and signal specificity of Pseudomonas aeruginosa quorum-controlled genes: a transcriptome analysis</GBReference_title>
      <GBReference_journal>J. Bacteriol. 185 (7), 2066-2079 (2003)</GBReference_journal>
      <GBReference_pubmed>12644476</GBReference_pubmed>
    </GBReference>
    <GBReference>
      <GBReference_reference>10</GBReference_reference>
      <GBReference_position>1..168</GBReference_position>
      <GBReference_authors>
        <GBAuthor>Stover,C.K.</GBAuthor>
        <GBAuthor>Pham,X.Q.</GBAuthor>
        <GBAuthor>Erwin,A.L.</GBAuthor>
        <GBAuthor>Mizoguchi,S.D.</GBAuthor>
        <GBAuthor>Warrener,P.</GBAuthor>
        <GBAuthor>Hickey,M.J.</GBAuthor>
        <GBAuthor>Brinkman,F.S.</GBAuthor>
        <GBAuthor>Hufnagle,W.O.</GBAuthor>
        <GBAuthor>Kowalik,D.J.</GBAuthor>
        <GBAuthor>Lagrou,M.</GBAuthor>
        <GBAuthor>Garber,R.L.</GBAuthor>
        <GBAuthor>Goltry,L.</GBAuthor>
        <GBAuthor>Tolentino,E.</GBAuthor>
        <GBAuthor>Westbrock-Wadman,S.</GBAuthor>
        <GBAuthor>Yuan,Y.</GBAuthor>
        <GBAuthor>Brody,L.L.</GBAuthor>
        <GBAuthor>Coulter,S.N.</GBAuthor>
        <GBAuthor>Folger,K.R.</GBAuthor>
        <GBAuthor>Kas,A.</GBAuthor>
        <GBAuthor>Larbig,K.</GBAuthor>
        <GBAuthor>Lim,R.</GBAuthor>
        <GBAuthor>Smith,K.</GBAuthor>
        <GBAuthor>Spencer,D.</GBAuthor>
        <GBAuthor>Wong,G.K.</GBAuthor>
        <GBAuthor>Wu,Z.</GBAuthor>
        <GBAuthor>Paulsen,I.T.</GBAuthor>
        <GBAuthor>Reizer,J.</GBAuthor>
        <GBAuthor>Saier,M.H.</GBAuthor>
        <GBAuthor>Hancock,R.E.</GBAuthor>
        <GBAuthor>Lory,S.</GBAuthor>
        <GBAuthor>Olson,M.V.</GBAuthor>
      </GBReference_authors>
      <GBReference_title>Complete genome sequence of Pseudomonas aeruginosa PA01, an opportunistic pathogen</GBReference_title>
      <GBReference_journal>Nature 406 (6799), 959-964 (2000)</GBReference_journal>
      <GBReference_xref>
        <GBXref>
          <GBXref_dbname>doi</GBXref_dbname>
          <GBXref_id>10.1038/35023079</GBXref_id>
        </GBXref>
      </GBReference_xref>
      <GBReference_pubmed>10984043</GBReference_pubmed>
    </GBReference>
    <GBReference>
      <GBReference_reference>11</GBReference_reference>
      <GBReference_position>1..168</GBReference_position>
      <GBReference_consortium>NCBI Genome Project</GBReference_consortium>
      <GBReference_title>Direct Submission</GBReference_title>
      <GBReference_journal>Submitted (06-OCT-2010) National Center for Biotechnology Information, NIH, Bethesda, MD 20894, USA</GBReference_journal>
    </GBReference>
    <GBReference>
      <GBReference_reference>12</GBReference_reference>
      <GBReference_position>1..168</GBReference_position>
      <GBReference_authors>
        <GBAuthor>Winsor,G.L.</GBAuthor>
        <GBAuthor>Hancock,R.E.</GBAuthor>
        <GBAuthor>Brinkman,F.S.</GBAuthor>
      </GBReference_authors>
      <GBReference_consortium>Pseudomonas aeruginosa Community Annotation Project (PseudoCap)</GBReference_consortium>
      <GBReference_title>Direct Submission</GBReference_title>
      <GBReference_journal>Submitted (08-SEP-2010) Department of Molecular Biology and Biochemisry, Simon Fraser University, 8888 University Dr., Burnaby, British Columbia V5A 1S6, Canada</GBReference_journal>
      <GBReference_remark>protein update by submitter</GBReference_remark>
    </GBReference>
    <GBReference>
      <GBReference_reference>13</GBReference_reference>
      <GBReference_position>1..168</GBReference_position>
      <GBReference_authors>
        <GBAuthor>Winsor,G.L.</GBAuthor>
        <GBAuthor>Hancock,R.E.</GBAuthor>
        <GBAuthor>Brinkman,F.S.</GBAuthor>
      </GBReference_authors>
      <GBReference_consortium>Pseudomonas aeruginosa Community Annotation Project (PseudoCap)</GBReference_consortium>
      <GBReference_title>Direct Submission</GBReference_title>
      <GBReference_journal>Submitted (02-OCT-2008) Department of Molecular Biology and Biochemisry, Simon Fraser University, 8888 University Dr., Burnaby, British Columbia V5A 1S6, Canada</GBReference_journal>
      <GBReference_remark>protein update by submitter</GBReference_remark>
    </GBReference>
    <GBReference>
      <GBReference_reference>14</GBReference_reference>
      <GBReference_position>1..168</GBReference_position>
      <GBReference_authors>
        <GBAuthor>Winsor,G.L.</GBAuthor>
        <GBAuthor>Hancock,R.E.</GBAuthor>
        <GBAuthor>Brinkman,F.S.</GBAuthor>
      </GBReference_authors>
      <GBReference_consortium>Pseudomonas aeruginosa Community Annotation Project (PseudoCap)</GBReference_consortium>
      <GBReference_title>Direct Submission</GBReference_title>
      <GBReference_journal>Submitted (05-JUL-2006) Department of Molecular Biology and Biochemisry, Simon Fraser University, 8888 University Dr., Burnaby, British Columbia V5A 1S6, Canada</GBReference_journal>
      <GBReference_remark>Sequence update by submitter</GBReference_remark>
    </GBReference>
    <GBReference>
      <GBReference_reference>15</GBReference_reference>
      <GBReference_position>1..168</GBReference_position>
      <GBReference_authors>
        <GBAuthor>Ung,K.S.</GBAuthor>
        <GBAuthor>Hancock,R.E.</GBAuthor>
        <GBAuthor>Brinkman,F.S.</GBAuthor>
      </GBReference_authors>
      <GBReference_consortium>Pseudomonas aeruginosa Community Annotation Project (PseudoCap)</GBReference_consortium>
      <GBReference_title>Direct Submission</GBReference_title>
      <GBReference_journal>Submitted (04-FEB-2003) Department of Molecular Biology and Biochemistry, Simon Fraser University, 8888 University Dr., Burnaby, British Columbia V5A 1S6, Canada</GBReference_journal>
    </GBReference>
    <GBReference>
      <GBReference_reference>16</GBReference_reference>
      <GBReference_position>1..168</GBReference_position>
      <GBReference_authors>
        <GBAuthor>Stover,C.K.</GBAuthor>
        <GBAuthor>Pham,X.-Q.T.</GBAuthor>
        <GBAuthor>Erwin,A.L.</GBAuthor>
        <GBAuthor>Mizoguchi,S.D.</GBAuthor>
        <GBAuthor>Warrener,P.</GBAuthor>
        <GBAuthor>Hickey,M.J.</GBAuthor>
        <GBAuthor>Brinkman,F.S.L.</GBAuthor>
        <GBAuthor>Hufnagle,W.O.</GBAuthor>
        <GBAuthor>Kowalik,D.J.</GBAuthor>
        <GBAuthor>Lagrou,M.</GBAuthor>
        <GBAuthor>Garber,R.L.</GBAuthor>
        <GBAuthor>Goltry,L.</GBAuthor>
        <GBAuthor>Tolentino,E.</GBAuthor>
        <GBAuthor>Westbrock-Wadman,S.</GBAuthor>
        <GBAuthor>Yuan,Y.</GBAuthor>
        <GBAuthor>Brody,L.L.</GBAuthor>
        <GBAuthor>Coulter,S.N.</GBAuthor>
        <GBAuthor>Folger,K.R.</GBAuthor>
        <GBAuthor>Kas,A.</GBAuthor>
        <GBAuthor>Larbig,K.</GBAuthor>
        <GBAuthor>Lim,R.M.</GBAuthor>
        <GBAuthor>Smith,K.A.</GBAuthor>
        <GBAuthor>Spencer,D.H.</GBAuthor>
        <GBAuthor>Wong,G.K.-S.</GBAuthor>
        <GBAuthor>Wu,Z.</GBAuthor>
        <GBAuthor>Paulsen,I.T.</GBAuthor>
        <GBAuthor>Reizer,J.</GBAuthor>
        <GBAuthor>Saier,M.H.</GBAuthor>
        <GBAuthor>Hancock,R.E.W.</GBAuthor>
        <GBAuthor>Lory,S.</GBAuthor>
        <GBAuthor>Olson,M.V.</GBAuthor>
      </GBReference_authors>
      <GBReference_consortium>Pseudomonas aeruginosa Community Annotation Project (PseudoCap)</GBReference_consortium>
      <GBReference_title>Direct Submission</GBReference_title>
      <GBReference_journal>Submitted (16-MAY-2000) Department of Medicine and Genetics, University of Washington Genome Center, University Of Washington, Box 352145, Seattle, WA 98195, USA</GBReference_journal>
    </GBReference>
  </GBSeq_references>
  <GBSeq_comment>PROVISIONAL REFSEQ: This record has not yet been subject to final NCBI review. The reference sequence is identical to AAG03739.; Method: conceptual translation.</GBSeq_comment>
  <GBSeq_source-db>REFSEQ: accession NC_002516.2</GBSeq_source-db>
  <GBSeq_feature-table>
    <GBFeature>
      <GBFeature_key>source</GBFeature_key>
      <GBFeature_location>1..168</GBFeature_location>
      <GBFeature_intervals>
        <GBInterval>
          <GBInterval_from>1</GBInterval_from>
          <GBInterval_to>168</GBInterval_to>
          <GBInterval_accession>NP_249041.1</GBInterval_accession>
        </GBInterval>
      </GBFeature_intervals>
      <GBFeature_quals>
        <GBQualifier>
          <GBQualifier_name>organism</GBQualifier_name>
          <GBQualifier_value>Pseudomonas aeruginosa PAO1</GBQualifier_value>
        </GBQualifier>
        <GBQualifier>
          <GBQualifier_name>strain</GBQualifier_name>
          <GBQualifier_value>PAO1</GBQualifier_value>
        </GBQualifier>
        <GBQualifier>
          <GBQualifier_name>db_xref</GBQualifier_name>
          <GBQualifier_value>taxon:208964</GBQualifier_value>
        </GBQualifier>
      </GBFeature_quals>
    </GBFeature>
    <GBFeature>
      <GBFeature_key>Protein</GBFeature_key>
      <GBFeature_location>1..168</GBFeature_location>
      <GBFeature_intervals>
        <GBInterval>
          <GBInterval_from>1</GBInterval_from>
          <GBInterval_to>168</GBInterval_to>
          <GBInterval_accession>NP_249041.1</GBInterval_accession>
        </GBInterval>
      </GBFeature_intervals>
      <GBFeature_quals>
        <GBQualifier>
          <GBQualifier_name>product</GBQualifier_name>
          <GBQualifier_value>dihydrofolate reductase</GBQualifier_value>
        </GBQualifier>
        <GBQualifier>
          <GBQualifier_name>calculated_mol_wt</GBQualifier_name>
          <GBQualifier_value>18072</GBQualifier_value>
        </GBQualifier>
      </GBFeature_quals>
    </GBFeature>
    <GBFeature>
      <GBFeature_key>Region</GBFeature_key>
      <GBFeature_location>5..167</GBFeature_location>
      <GBFeature_intervals>
        <GBInterval>
          <GBInterval_from>5</GBInterval_from>
          <GBInterval_to>167</GBInterval_to>
          <GBInterval_accession>NP_249041.1</GBInterval_accession>
        </GBInterval>
      </GBFeature_intervals>
      <GBFeature_quals>
        <GBQualifier>
          <GBQualifier_name>region_name</GBQualifier_name>
          <GBQualifier_value>DHFR_1</GBQualifier_value>
        </GBQualifier>
        <GBQualifier>
          <GBQualifier_name>note</GBQualifier_name>
          <GBQualifier_value>Dihydrofolate reductase; pfam00186</GBQualifier_value>
        </GBQualifier>
        <GBQualifier>
          <GBQualifier_name>db_xref</GBQualifier_name>
          <GBQualifier_value>CDD:278610</GBQualifier_value>
        </GBQualifier>
      </GBFeature_quals>
    </GBFeature>
    <GBFeature>
      <GBFeature_key>Site</GBFeature_key>
      <GBFeature_location>order(8,25,30,60,104,110,123)</GBFeature_location>
      <GBFeature_intervals>
        <GBInterval>
          <GBInterval_point>8</GBInterval_point>
          <GBInterval_accession>NP_249041.1</GBInterval_accession>
        </GBInterval>
        <GBInterval>
          <GBInterval_point>25</GBInterval_point>
          <GBInterval_accession>NP_249041.1</GBInterval_accession>
        </GBInterval>
        <GBInterval>
          <GBInterval_point>30</GBInterval_point>
          <GBInterval_accession>NP_249041.1</GBInterval_accession>
        </GBInterval>
        <GBInterval>
          <GBInterval_point>60</GBInterval_point>
          <GBInterval_accession>NP_249041.1</GBInterval_accession>
        </GBInterval>
        <GBInterval>
          <GBInterval_point>104</GBInterval_point>
          <GBInterval_accession>NP_249041.1</GBInterval_accession>
        </GBInterval>
        <GBInterval>
          <GBInterval_point>110</GBInterval_point>
          <GBInterval_accession>NP_249041.1</GBInterval_accession>
        </GBInterval>
        <GBInterval>
          <GBInterval_point>123</GBInterval_point>
          <GBInterval_accession>NP_249041.1</GBInterval_accession>
        </GBInterval>
      </GBFeature_intervals>
      <GBFeature_operator>order</GBFeature_operator>
      <GBFeature_quals>
        <GBQualifier>
          <GBQualifier_name>site_type</GBQualifier_name>
          <GBQualifier_value>other</GBQualifier_value>
        </GBQualifier>
        <GBQualifier>
          <GBQualifier_name>note</GBQualifier_name>
          <GBQualifier_value>folate binding site [chemical binding]</GBQualifier_value>
        </GBQualifier>
        <GBQualifier>
          <GBQualifier_name>db_xref</GBQualifier_name>
          <GBQualifier_value>CDD:238127</GBQualifier_value>
        </GBQualifier>
      </GBFeature_quals>
    </GBFeature>
    <GBFeature>
      <GBFeature_key>Site</GBFeature_key>
      <GBFeature_location>order(10,17,47..49,67,105..108)</GBFeature_location>
      <GBFeature_intervals>
        <GBInterval>
          <GBInterval_point>10</GBInterval_point>
          <GBInterval_accession>NP_249041.1</GBInterval_accession>
        </GBInterval>
        <GBInterval>
          <GBInterval_point>17</GBInterval_point>
          <GBInterval_accession>NP_249041.1</GBInterval_accession>
        </GBInterval>
        <GBInterval>
          <GBInterval_from>47</GBInterval_from>
          <GBInterval_to>49</GBInterval_to>
          <GBInterval_accession>NP_249041.1</GBInterval_accession>
        </GBInterval>
        <GBInterval>
          <GBInterval_point>67</GBInterval_point>
          <GBInterval_accession>NP_249041.1</GBInterval_accession>
        </GBInterval>
        <GBInterval>
          <GBInterval_from>105</GBInterval_from>
          <GBInterval_to>108</GBInterval_to>
          <GBInterval_accession>NP_249041.1</GBInterval_accession>
        </GBInterval>
      </GBFeature_intervals>
      <GBFeature_operator>order</GBFeature_operator>
      <GBFeature_quals>
        <GBQualifier>
          <GBQualifier_name>site_type</GBQualifier_name>
          <GBQualifier_value>other</GBQualifier_value>
        </GBQualifier>
        <GBQualifier>
          <GBQualifier_name>note</GBQualifier_name>
          <GBQualifier_value>NADP+ binding site [chemical binding]</GBQualifier_value>
        </GBQualifier>
        <GBQualifier>
          <GBQualifier_name>db_xref</GBQualifier_name>
          <GBQualifier_value>CDD:238127</GBQualifier_value>
        </GBQualifier>
      </GBFeature_quals>
    </GBFeature>
    <GBFeature>
      <GBFeature_key>CDS</GBFeature_key>
      <GBFeature_location>1..168</GBFeature_location>
      <GBFeature_intervals>
        <GBInterval>
          <GBInterval_from>1</GBInterval_from>
          <GBInterval_to>168</GBInterval_to>
          <GBInterval_accession>NP_249041.1</GBInterval_accession>
        </GBInterval>
      </GBFeature_intervals>
      <GBFeature_quals>
        <GBQualifier>
          <GBQualifier_name>coded_by</GBQualifier_name>
          <GBQualifier_value>NC_002516.2:393308..393814</GBQualifier_value>
        </GBQualifier>
        <GBQualifier>
          <GBQualifier_name>note</GBQualifier_name>
          <GBQualifier_value>Product name confidence: class 2 (High similarity to functionally studied protein)</GBQualifier_value>
        </GBQualifier>
        <GBQualifier>
          <GBQualifier_name>transl_table</GBQualifier_name>
          <GBQualifier_value>11</GBQualifier_value>
        </GBQualifier>
      </GBFeature_quals>
    </GBFeature>
  </GBSeq_feature-table>
  <GBSeq_sequence>marplamiaalgenraigidnrlpwrlpadlkhfkamtlgkpvimgrktwdslgrplpgrlnlvvsrqaglalegaevfasldaalaraeawaqaedadelmliggaqlyaealpraarlyltrvglapegdaffpeidgaawrlassiehaaaddapayafevwerr</GBSeq_sequence>
  <GBSeq_contig>join(WP_003084430.1:1..168)</GBSeq_contig>
  <GBSeq_xrefs>
    <GBXref>
      <GBXref_dbname>BioProject</GBXref_dbname>
      <GBXref_id>PRJNA57945</GBXref_id>
    </GBXref>
    <GBXref>
      <GBXref_dbname>Assembly</GBXref_dbname>
      <GBXref_id>GCF_000006765.1</GBXref_id>
    </GBXref>
  </GBSeq_xrefs>
</GBSeq>

</GBSet>

