<?xml version="1.0" ?>
<!DOCTYPE GBSet PUBLIC "-//NCBI//NCBI GBSeq/EN" "https://www.ncbi.nlm.nih.gov/dtd/NCBI_GBSeq.dtd">
<GBSet>
<GBSeq>
  <GBSeq_locus>NP_296351</GBSeq_locus>
  <GBSeq_length>180</GBSeq_length>
  <GBSeq_moltype>AA</GBSeq_moltype>
  <GBSeq_topology>linear</GBSeq_topology>
  <GBSeq_division>CON</GBSeq_division>
  <GBSeq_update-date>03-AUG-2016</GBSeq_update-date>
  <GBSeq_create-date>28-SEP-2001</GBSeq_create-date>
  <GBSeq_definition>dihydrofolate reductase [Deinococcus radiodurans R1]</GBSeq_definition>
  <GBSeq_primary-accession>NP_296351</GBSeq_primary-accession>
  <GBSeq_accession-version>NP_296351.1</GBSeq_accession-version>
  <GBSeq_other-seqids>
    <GBSeqid>ref|NP_296351.1|</GBSeqid>
    <GBSeqid>gi|15807612</GBSeqid>
  </GBSeq_other-seqids>
  <GBSeq_project>PRJNA57665</GBSeq_project>
  <GBSeq_keywords>
    <GBKeyword>RefSeq</GBKeyword>
  </GBSeq_keywords>
  <GBSeq_source>Deinococcus radiodurans R1</GBSeq_source>
  <GBSeq_organism>Deinococcus radiodurans R1</GBSeq_organism>
  <GBSeq_taxonomy>Bacteria; Deinococcus-Thermus; Deinococci; Deinococcales; Deinococcaceae; Deinococcus</GBSeq_taxonomy>
  <GBSeq_references>
    <GBReference>
      <GBReference_reference>1</GBReference_reference>
      <GBReference_position>1..180</GBReference_position>
      <GBReference_authors>
        <GBAuthor>White,O.</GBAuthor>
        <GBAuthor>Eisen,J.A.</GBAuthor>
        <GBAuthor>Heidelberg,J.F.</GBAuthor>
        <GBAuthor>Hickey,E.K.</GBAuthor>
        <GBAuthor>Peterson,J.D.</GBAuthor>
        <GBAuthor>Dodson,R.J.</GBAuthor>
        <GBAuthor>Haft,D.H.</GBAuthor>
        <GBAuthor>Gwinn,M.L.</GBAuthor>
        <GBAuthor>Nelson,W.C.</GBAuthor>
        <GBAuthor>Richardson,D.L.</GBAuthor>
        <GBAuthor>Moffat,K.S.</GBAuthor>
        <GBAuthor>Qin,H.</GBAuthor>
        <GBAuthor>Jiang,L.</GBAuthor>
        <GBAuthor>Pamphile,W.</GBAuthor>
        <GBAuthor>Crosby,M.</GBAuthor>
        <GBAuthor>Shen,M.</GBAuthor>
        <GBAuthor>Vamathevan,J.J.</GBAuthor>
        <GBAuthor>Lam,P.</GBAuthor>
        <GBAuthor>McDonald,L.</GBAuthor>
        <GBAuthor>Utterback,T.</GBAuthor>
        <GBAuthor>Zalewski,C.</GBAuthor>
        <GBAuthor>Makarova,K.S.</GBAuthor>
        <GBAuthor>Aravind,L.</GBAuthor>
        <GBAuthor>Daly,M.J.</GBAuthor>
        <GBAuthor>Minton,K.W.</GBAuthor>
        <GBAuthor>Fleischmann,R.D.</GBAuthor>
        <GBAuthor>Ketchum,K.A.</GBAuthor>
        <GBAuthor>Nelson,K.E.</GBAuthor>
        <GBAuthor>Salzberg,S.</GBAuthor>
        <GBAuthor>Smith,H.O.</GBAuthor>
        <GBAuthor>Venter,J.C.</GBAuthor>
        <GBAuthor>Fraser,C.M.</GBAuthor>
      </GBReference_authors>
      <GBReference_title>Genome sequence of the radioresistant bacterium Deinococcus radiodurans R1</GBReference_title>
      <GBReference_journal>Science 286 (5444), 1571-1577 (1999)</GBReference_journal>
      <GBReference_pubmed>10567266</GBReference_pubmed>
    </GBReference>
    <GBReference>
      <GBReference_reference>2</GBReference_reference>
      <GBReference_position>1..180</GBReference_position>
      <GBReference_consortium>NCBI Genome Project</GBReference_consortium>
      <GBReference_title>Direct Submission</GBReference_title>
      <GBReference_journal>Submitted (28-SEP-2001) National Center for Biotechnology Information, NIH, Bethesda, MD 20894, USA</GBReference_journal>
    </GBReference>
    <GBReference>
      <GBReference_reference>3</GBReference_reference>
      <GBReference_position>1..180</GBReference_position>
      <GBReference_authors>
        <GBAuthor>White,O.</GBAuthor>
        <GBAuthor>Eisen,J.A.</GBAuthor>
        <GBAuthor>Heidelberg,J.F.</GBAuthor>
        <GBAuthor>Hickey,E.K.</GBAuthor>
        <GBAuthor>Peterson,J.D.</GBAuthor>
        <GBAuthor>Dodson,R.J.</GBAuthor>
        <GBAuthor>Haft,D.H.</GBAuthor>
        <GBAuthor>Gwinn,M.L.</GBAuthor>
        <GBAuthor>Nelson,W.C.</GBAuthor>
        <GBAuthor>Richardson,D.L.</GBAuthor>
        <GBAuthor>Moffat,K.S.</GBAuthor>
        <GBAuthor>Qin,H.</GBAuthor>
        <GBAuthor>Jiang,L.</GBAuthor>
        <GBAuthor>Pamphile,W.</GBAuthor>
        <GBAuthor>Crosby,M.</GBAuthor>
        <GBAuthor>Shen,M.</GBAuthor>
        <GBAuthor>Vamathevan,J.J.</GBAuthor>
        <GBAuthor>Lam,P.</GBAuthor>
        <GBAuthor>McDonald,L.</GBAuthor>
        <GBAuthor>Utterback,T.</GBAuthor>
        <GBAuthor>Zalewski,C.</GBAuthor>
        <GBAuthor>Makarova,K.S.</GBAuthor>
        <GBAuthor>Aravind,L.</GBAuthor>
        <GBAuthor>Daly,M.J.</GBAuthor>
        <GBAuthor>Minton,K.W.</GBAuthor>
        <GBAuthor>Fleischmann,R.D.</GBAuthor>
        <GBAuthor>Ketchum,K.A.</GBAuthor>
        <GBAuthor>Nelson,K.E.</GBAuthor>
        <GBAuthor>Salzberg,S.</GBAuthor>
        <GBAuthor>Smith,H.O.</GBAuthor>
        <GBAuthor>Venter,J.C.</GBAuthor>
        <GBAuthor>Fraser,C.M.</GBAuthor>
      </GBReference_authors>
      <GBReference_title>Direct Submission</GBReference_title>
      <GBReference_journal>Submitted (08-NOV-1999) The Institute for Genomic Research, 9712 Medical Center Dr, Rockville, MD 20850, USA</GBReference_journal>
    </GBReference>
  </GBSeq_references>
  <GBSeq_comment>REVIEWED REFSEQ: This record has been curated by NCBI staff. The reference sequence was derived from AAF12168.; RefSeq Category: Reference Genome TYS: Designated Type Strain UPR: UniProt Genome; Method: conceptual translation.</GBSeq_comment>
  <GBSeq_source-db>REFSEQ: accession NC_001263.1</GBSeq_source-db>
  <GBSeq_feature-table>
    <GBFeature>
      <GBFeature_key>source</GBFeature_key>
      <GBFeature_location>1..180</GBFeature_location>
      <GBFeature_intervals>
        <GBInterval>
          <GBInterval_from>1</GBInterval_from>
          <GBInterval_to>180</GBInterval_to>
          <GBInterval_accession>NP_296351.1</GBInterval_accession>
        </GBInterval>
      </GBFeature_intervals>
      <GBFeature_quals>
        <GBQualifier>
          <GBQualifier_name>organism</GBQualifier_name>
          <GBQualifier_value>Deinococcus radiodurans R1</GBQualifier_value>
        </GBQualifier>
        <GBQualifier>
          <GBQualifier_name>strain</GBQualifier_name>
          <GBQualifier_value>R1</GBQualifier_value>
        </GBQualifier>
        <GBQualifier>
          <GBQualifier_name>db_xref</GBQualifier_name>
          <GBQualifier_value>taxon:243230</GBQualifier_value>
        </GBQualifier>
        <GBQualifier>
          <GBQualifier_name>chromosome</GBQualifier_name>
          <GBQualifier_value>1</GBQualifier_value>
        </GBQualifier>
      </GBFeature_quals>
    </GBFeature>
    <GBFeature>
      <GBFeature_key>Protein</GBFeature_key>
      <GBFeature_location>1..180</GBFeature_location>
      <GBFeature_intervals>
        <GBInterval>
          <GBInterval_from>1</GBInterval_from>
          <GBInterval_to>180</GBInterval_to>
          <GBInterval_accession>NP_296351.1</GBInterval_accession>
        </GBInterval>
      </GBFeature_intervals>
      <GBFeature_quals>
        <GBQualifier>
          <GBQualifier_name>product</GBQualifier_name>
          <GBQualifier_value>dihydrofolate reductase</GBQualifier_value>
        </GBQualifier>
        <GBQualifier>
          <GBQualifier_name>calculated_mol_wt</GBQualifier_name>
          <GBQualifier_value>20269</GBQualifier_value>
        </GBQualifier>
      </GBFeature_quals>
    </GBFeature>
    <GBFeature>
      <GBFeature_key>Region</GBFeature_key>
      <GBFeature_location>16..174</GBFeature_location>
      <GBFeature_intervals>
        <GBInterval>
          <GBInterval_from>16</GBInterval_from>
          <GBInterval_to>174</GBInterval_to>
          <GBInterval_accession>NP_296351.1</GBInterval_accession>
        </GBInterval>
      </GBFeature_intervals>
      <GBFeature_quals>
        <GBQualifier>
          <GBQualifier_name>region_name</GBQualifier_name>
          <GBQualifier_value>DHFR_1</GBQualifier_value>
        </GBQualifier>
        <GBQualifier>
          <GBQualifier_name>note</GBQualifier_name>
          <GBQualifier_value>Dihydrofolate reductase; pfam00186</GBQualifier_value>
        </GBQualifier>
        <GBQualifier>
          <GBQualifier_name>db_xref</GBQualifier_name>
          <GBQualifier_value>CDD:278610</GBQualifier_value>
        </GBQualifier>
      </GBFeature_quals>
    </GBFeature>
    <GBFeature>
      <GBFeature_key>Site</GBFeature_key>
      <GBFeature_location>order(20,37,42,73,111,117,130)</GBFeature_location>
      <GBFeature_intervals>
        <GBInterval>
          <GBInterval_point>20</GBInterval_point>
          <GBInterval_accession>NP_296351.1</GBInterval_accession>
        </GBInterval>
        <GBInterval>
          <GBInterval_point>37</GBInterval_point>
          <GBInterval_accession>NP_296351.1</GBInterval_accession>
        </GBInterval>
        <GBInterval>
          <GBInterval_point>42</GBInterval_point>
          <GBInterval_accession>NP_296351.1</GBInterval_accession>
        </GBInterval>
        <GBInterval>
          <GBInterval_point>73</GBInterval_point>
          <GBInterval_accession>NP_296351.1</GBInterval_accession>
        </GBInterval>
        <GBInterval>
          <GBInterval_point>111</GBInterval_point>
          <GBInterval_accession>NP_296351.1</GBInterval_accession>
        </GBInterval>
        <GBInterval>
          <GBInterval_point>117</GBInterval_point>
          <GBInterval_accession>NP_296351.1</GBInterval_accession>
        </GBInterval>
        <GBInterval>
          <GBInterval_point>130</GBInterval_point>
          <GBInterval_accession>NP_296351.1</GBInterval_accession>
        </GBInterval>
      </GBFeature_intervals>
      <GBFeature_operator>order</GBFeature_operator>
      <GBFeature_quals>
        <GBQualifier>
          <GBQualifier_name>site_type</GBQualifier_name>
          <GBQualifier_value>other</GBQualifier_value>
        </GBQualifier>
        <GBQualifier>
          <GBQualifier_name>note</GBQualifier_name>
          <GBQualifier_value>folate binding site [chemical binding]</GBQualifier_value>
        </GBQualifier>
        <GBQualifier>
          <GBQualifier_name>db_xref</GBQualifier_name>
          <GBQualifier_value>CDD:238127</GBQualifier_value>
        </GBQualifier>
      </GBFeature_quals>
    </GBFeature>
    <GBFeature>
      <GBFeature_key>Site</GBFeature_key>
      <GBFeature_location>order(22,29,59..61,80,112..115)</GBFeature_location>
      <GBFeature_intervals>
        <GBInterval>
          <GBInterval_point>22</GBInterval_point>
          <GBInterval_accession>NP_296351.1</GBInterval_accession>
        </GBInterval>
        <GBInterval>
          <GBInterval_point>29</GBInterval_point>
          <GBInterval_accession>NP_296351.1</GBInterval_accession>
        </GBInterval>
        <GBInterval>
          <GBInterval_from>59</GBInterval_from>
          <GBInterval_to>61</GBInterval_to>
          <GBInterval_accession>NP_296351.1</GBInterval_accession>
        </GBInterval>
        <GBInterval>
          <GBInterval_point>80</GBInterval_point>
          <GBInterval_accession>NP_296351.1</GBInterval_accession>
        </GBInterval>
        <GBInterval>
          <GBInterval_from>112</GBInterval_from>
          <GBInterval_to>115</GBInterval_to>
          <GBInterval_accession>NP_296351.1</GBInterval_accession>
        </GBInterval>
      </GBFeature_intervals>
      <GBFeature_operator>order</GBFeature_operator>
      <GBFeature_quals>
        <GBQualifier>
          <GBQualifier_name>site_type</GBQualifier_name>
          <GBQualifier_value>other</GBQualifier_value>
        </GBQualifier>
        <GBQualifier>
          <GBQualifier_name>note</GBQualifier_name>
          <GBQualifier_value>NADP+ binding site [chemical binding]</GBQualifier_value>
        </GBQualifier>
        <GBQualifier>
          <GBQualifier_name>db_xref</GBQualifier_name>
          <GBQualifier_value>CDD:238127</GBQualifier_value>
        </GBQualifier>
      </GBFeature_quals>
    </GBFeature>
    <GBFeature>
      <GBFeature_key>CDS</GBFeature_key>
      <GBFeature_location>1..180</GBFeature_location>
      <GBFeature_intervals>
        <GBInterval>
          <GBInterval_from>1</GBInterval_from>
          <GBInterval_to>180</GBInterval_to>
          <GBInterval_accession>NP_296351.1</GBInterval_accession>
        </GBInterval>
      </GBFeature_intervals>
      <GBFeature_quals>
        <GBQualifier>
          <GBQualifier_name>locus_tag</GBQualifier_name>
          <GBQualifier_value>DR_2632</GBQualifier_value>
        </GBQualifier>
        <GBQualifier>
          <GBQualifier_name>coded_by</GBQualifier_name>
          <GBQualifier_value>NC_001263.1:2642723..2643265</GBQualifier_value>
        </GBQualifier>
        <GBQualifier>
          <GBQualifier_name>note</GBQualifier_name>
          <GBQualifier_value>similar to GB:L42023 SP:P43791 PID:1005999 PID:1221004 PID:665647 percent identity: 68.92; identified by sequence similarity; putative</GBQualifier_value>
        </GBQualifier>
        <GBQualifier>
          <GBQualifier_name>transl_table</GBQualifier_name>
          <GBQualifier_value>11</GBQualifier_value>
        </GBQualifier>
        <GBQualifier>
          <GBQualifier_name>db_xref</GBQualifier_name>
          <GBQualifier_value>GeneID:1798344</GBQualifier_value>
        </GBQualifier>
      </GBFeature_quals>
    </GBFeature>
  </GBSeq_feature-table>
  <GBSeq_sequence>mssqaalcgtvpsrqdivaiaaqtenrvigrdggmpwhlpadfahfralsvgkpnimgrkvfdtlrrkplpervnivltrnenlkfdgcliahspeealqlagdapeiaiiggeeiyrlywdrltrlemtlihaeldgdtffpeigpewelaqetfrpadeknrydltfqtwrrrgsgqp</GBSeq_sequence>
  <GBSeq_contig>join(WP_010889256.1:1..180)</GBSeq_contig>
  <GBSeq_xrefs>
    <GBXref>
      <GBXref_dbname>BioProject</GBXref_dbname>
      <GBXref_id>PRJNA57665</GBXref_id>
    </GBXref>
    <GBXref>
      <GBXref_dbname>Assembly</GBXref_dbname>
      <GBXref_id>GCF_000008565.1</GBXref_id>
    </GBXref>
  </GBSeq_xrefs>
</GBSeq>

</GBSet>

