<?xml version="1.0" ?>
<!DOCTYPE GBSet PUBLIC "-//NCBI//NCBI GBSeq/EN" "https://www.ncbi.nlm.nih.gov/dtd/NCBI_GBSeq.dtd">
<GBSet>
<GBSeq>
  <GBSeq_locus>NP_229441</GBSeq_locus>
  <GBSeq_length>172</GBSeq_length>
  <GBSeq_moltype>AA</GBSeq_moltype>
  <GBSeq_topology>linear</GBSeq_topology>
  <GBSeq_division>CON</GBSeq_division>
  <GBSeq_update-date>03-AUG-2016</GBSeq_update-date>
  <GBSeq_create-date>10-SEP-2001</GBSeq_create-date>
  <GBSeq_definition>dihydrofolate reductase [Thermotoga maritima MSB8]</GBSeq_definition>
  <GBSeq_primary-accession>NP_229441</GBSeq_primary-accession>
  <GBSeq_accession-version>NP_229441.1</GBSeq_accession-version>
  <GBSeq_other-seqids>
    <GBSeqid>ref|NP_229441.1|</GBSeqid>
    <GBSeqid>gi|15644389</GBSeqid>
  </GBSeq_other-seqids>
  <GBSeq_project>PRJNA57723</GBSeq_project>
  <GBSeq_keywords>
    <GBKeyword>RefSeq</GBKeyword>
  </GBSeq_keywords>
  <GBSeq_source>Thermotoga maritima MSB8</GBSeq_source>
  <GBSeq_organism>Thermotoga maritima MSB8</GBSeq_organism>
  <GBSeq_taxonomy>Bacteria; Thermotogae; Thermotogales; Thermotogaceae; Thermotoga</GBSeq_taxonomy>
  <GBSeq_references>
    <GBReference>
      <GBReference_reference>1</GBReference_reference>
      <GBReference_position>1..172</GBReference_position>
      <GBReference_authors>
        <GBAuthor>Nelson,K.E.</GBAuthor>
        <GBAuthor>Clayton,R.A.</GBAuthor>
        <GBAuthor>Gill,S.R.</GBAuthor>
        <GBAuthor>Gwinn,M.L.</GBAuthor>
        <GBAuthor>Dodson,R.J.</GBAuthor>
        <GBAuthor>Haft,D.H.</GBAuthor>
        <GBAuthor>Hickey,E.K.</GBAuthor>
        <GBAuthor>Peterson,J.D.</GBAuthor>
        <GBAuthor>Nelson,W.C.</GBAuthor>
        <GBAuthor>Ketchum,K.A.</GBAuthor>
        <GBAuthor>McDonald,L.</GBAuthor>
        <GBAuthor>Utterback,T.R.</GBAuthor>
        <GBAuthor>Malek,J.A.</GBAuthor>
        <GBAuthor>Linher,K.D.</GBAuthor>
        <GBAuthor>Garrett,M.M.</GBAuthor>
        <GBAuthor>Stewart,A.M.</GBAuthor>
        <GBAuthor>Cotton,M.D.</GBAuthor>
        <GBAuthor>Pratt,M.S.</GBAuthor>
        <GBAuthor>Phillips,C.A.</GBAuthor>
        <GBAuthor>Richardson,D.</GBAuthor>
        <GBAuthor>Heidelberg,J.</GBAuthor>
        <GBAuthor>Sutton,G.G.</GBAuthor>
        <GBAuthor>Fleischmann,R.D.</GBAuthor>
        <GBAuthor>White,O.</GBAuthor>
        <GBAuthor>Salzberg,S.L.</GBAuthor>
        <GBAuthor>Smith,H.O.</GBAuthor>
        <GBAuthor>Venter,J.C.</GBAuthor>
        <GBAuthor>Fraser,C.M.</GBAuthor>
      </GBReference_authors>
      <GBReference_title>Evidence for lateral gene transfer between Archaea and bacteria from genome sequence of Thermotoga maritima</GBReference_title>
      <GBReference_journal>Nature 399 (6734), 323-329 (1999)</GBReference_journal>
      <GBReference_pubmed>10360571</GBReference_pubmed>
    </GBReference>
    <GBReference>
      <GBReference_reference>2</GBReference_reference>
      <GBReference_position>1..172</GBReference_position>
      <GBReference_consortium>NCBI Genome Project</GBReference_consortium>
      <GBReference_title>Direct Submission</GBReference_title>
      <GBReference_journal>Submitted (18-SEP-2001) National Center for Biotechnology Information, NIH, Bethesda, MD 20894, USA</GBReference_journal>
    </GBReference>
    <GBReference>
      <GBReference_reference>3</GBReference_reference>
      <GBReference_position>1..172</GBReference_position>
      <GBReference_authors>
        <GBAuthor>Nelson,K.E.</GBAuthor>
        <GBAuthor>Clayton,R.A.</GBAuthor>
        <GBAuthor>Gill,S.R.</GBAuthor>
        <GBAuthor>Gwinn,M.L.</GBAuthor>
        <GBAuthor>Dodson,R.J.</GBAuthor>
        <GBAuthor>Haft,D.H.</GBAuthor>
        <GBAuthor>Hickey,E.K.</GBAuthor>
        <GBAuthor>Peterson,J.D.</GBAuthor>
        <GBAuthor>Nelson,W.C.</GBAuthor>
        <GBAuthor>Ketchum,K.A.</GBAuthor>
        <GBAuthor>McDonald,L.</GBAuthor>
        <GBAuthor>Utterback,T.R.</GBAuthor>
        <GBAuthor>Malek,J.A.</GBAuthor>
        <GBAuthor>Linher,K.D.</GBAuthor>
        <GBAuthor>Garrett,M.M.</GBAuthor>
        <GBAuthor>Stewart,A.M.</GBAuthor>
        <GBAuthor>Cotton,M.D.</GBAuthor>
        <GBAuthor>Pratt,M.S.</GBAuthor>
        <GBAuthor>Phillips,C.A.</GBAuthor>
        <GBAuthor>Richardson,D.</GBAuthor>
        <GBAuthor>Heidelberg,J.</GBAuthor>
        <GBAuthor>Sutton,G.G.</GBAuthor>
        <GBAuthor>Fleischmann,R.D.</GBAuthor>
        <GBAuthor>White,O.</GBAuthor>
        <GBAuthor>Salzberg,S.L.</GBAuthor>
        <GBAuthor>Smith,H.O.</GBAuthor>
        <GBAuthor>Venter,J.C.</GBAuthor>
        <GBAuthor>Fraser,C.M.</GBAuthor>
      </GBReference_authors>
      <GBReference_title>Direct Submission</GBReference_title>
      <GBReference_journal>Submitted (01-JUN-1999) The Institute for Genomic Research, 9712 Medical Center Dr, Rockville, MD 20850, USA</GBReference_journal>
    </GBReference>
  </GBSeq_references>
  <GBSeq_comment>REVIEWED REFSEQ: This record has been curated by NCBI staff. The reference sequence was derived from AAD36708.; RefSeq Category: Reference Genome TYS: Designated Type Strain UPR: UniProt Genome; Method: conceptual translation.</GBSeq_comment>
  <GBSeq_source-db>REFSEQ: accession NC_000853.1</GBSeq_source-db>
  <GBSeq_feature-table>
    <GBFeature>
      <GBFeature_key>source</GBFeature_key>
      <GBFeature_location>1..172</GBFeature_location>
      <GBFeature_intervals>
        <GBInterval>
          <GBInterval_from>1</GBInterval_from>
          <GBInterval_to>172</GBInterval_to>
          <GBInterval_accession>NP_229441.1</GBInterval_accession>
        </GBInterval>
      </GBFeature_intervals>
      <GBFeature_quals>
        <GBQualifier>
          <GBQualifier_name>organism</GBQualifier_name>
          <GBQualifier_value>Thermotoga maritima MSB8</GBQualifier_value>
        </GBQualifier>
        <GBQualifier>
          <GBQualifier_name>strain</GBQualifier_name>
          <GBQualifier_value>MSB8</GBQualifier_value>
        </GBQualifier>
        <GBQualifier>
          <GBQualifier_name>db_xref</GBQualifier_name>
          <GBQualifier_value>taxon:243274</GBQualifier_value>
        </GBQualifier>
      </GBFeature_quals>
    </GBFeature>
    <GBFeature>
      <GBFeature_key>Protein</GBFeature_key>
      <GBFeature_location>1..172</GBFeature_location>
      <GBFeature_intervals>
        <GBInterval>
          <GBInterval_from>1</GBInterval_from>
          <GBInterval_to>172</GBInterval_to>
          <GBInterval_accession>NP_229441.1</GBInterval_accession>
        </GBInterval>
      </GBFeature_intervals>
      <GBFeature_quals>
        <GBQualifier>
          <GBQualifier_name>product</GBQualifier_name>
          <GBQualifier_value>dihydrofolate reductase</GBQualifier_value>
        </GBQualifier>
        <GBQualifier>
          <GBQualifier_name>calculated_mol_wt</GBQualifier_name>
          <GBQualifier_value>19552</GBQualifier_value>
        </GBQualifier>
      </GBFeature_quals>
    </GBFeature>
    <GBFeature>
      <GBFeature_key>Region</GBFeature_key>
      <GBFeature_location>6..169</GBFeature_location>
      <GBFeature_intervals>
        <GBInterval>
          <GBInterval_from>6</GBInterval_from>
          <GBInterval_to>169</GBInterval_to>
          <GBInterval_accession>NP_229441.1</GBInterval_accession>
        </GBInterval>
      </GBFeature_intervals>
      <GBFeature_quals>
        <GBQualifier>
          <GBQualifier_name>region_name</GBQualifier_name>
          <GBQualifier_value>FolA</GBQualifier_value>
        </GBQualifier>
        <GBQualifier>
          <GBQualifier_name>note</GBQualifier_name>
          <GBQualifier_value>Dihydrofolate reductase [Coenzyme transport and metabolism]; COG0262</GBQualifier_value>
        </GBQualifier>
        <GBQualifier>
          <GBQualifier_name>db_xref</GBQualifier_name>
          <GBQualifier_value>CDD:223340</GBQualifier_value>
        </GBQualifier>
      </GBFeature_quals>
    </GBFeature>
    <GBFeature>
      <GBFeature_key>Site</GBFeature_key>
      <GBFeature_location>order(10,26,31,62,104,110,125)</GBFeature_location>
      <GBFeature_intervals>
        <GBInterval>
          <GBInterval_point>10</GBInterval_point>
          <GBInterval_accession>NP_229441.1</GBInterval_accession>
        </GBInterval>
        <GBInterval>
          <GBInterval_point>26</GBInterval_point>
          <GBInterval_accession>NP_229441.1</GBInterval_accession>
        </GBInterval>
        <GBInterval>
          <GBInterval_point>31</GBInterval_point>
          <GBInterval_accession>NP_229441.1</GBInterval_accession>
        </GBInterval>
        <GBInterval>
          <GBInterval_point>62</GBInterval_point>
          <GBInterval_accession>NP_229441.1</GBInterval_accession>
        </GBInterval>
        <GBInterval>
          <GBInterval_point>104</GBInterval_point>
          <GBInterval_accession>NP_229441.1</GBInterval_accession>
        </GBInterval>
        <GBInterval>
          <GBInterval_point>110</GBInterval_point>
          <GBInterval_accession>NP_229441.1</GBInterval_accession>
        </GBInterval>
        <GBInterval>
          <GBInterval_point>125</GBInterval_point>
          <GBInterval_accession>NP_229441.1</GBInterval_accession>
        </GBInterval>
      </GBFeature_intervals>
      <GBFeature_operator>order</GBFeature_operator>
      <GBFeature_quals>
        <GBQualifier>
          <GBQualifier_name>site_type</GBQualifier_name>
          <GBQualifier_value>other</GBQualifier_value>
        </GBQualifier>
        <GBQualifier>
          <GBQualifier_name>note</GBQualifier_name>
          <GBQualifier_value>folate binding site [chemical binding]</GBQualifier_value>
        </GBQualifier>
        <GBQualifier>
          <GBQualifier_name>db_xref</GBQualifier_name>
          <GBQualifier_value>CDD:238127</GBQualifier_value>
        </GBQualifier>
      </GBFeature_quals>
    </GBFeature>
    <GBFeature>
      <GBFeature_key>Site</GBFeature_key>
      <GBFeature_location>order(12,19,49..51,69,105..108)</GBFeature_location>
      <GBFeature_intervals>
        <GBInterval>
          <GBInterval_point>12</GBInterval_point>
          <GBInterval_accession>NP_229441.1</GBInterval_accession>
        </GBInterval>
        <GBInterval>
          <GBInterval_point>19</GBInterval_point>
          <GBInterval_accession>NP_229441.1</GBInterval_accession>
        </GBInterval>
        <GBInterval>
          <GBInterval_from>49</GBInterval_from>
          <GBInterval_to>51</GBInterval_to>
          <GBInterval_accession>NP_229441.1</GBInterval_accession>
        </GBInterval>
        <GBInterval>
          <GBInterval_point>69</GBInterval_point>
          <GBInterval_accession>NP_229441.1</GBInterval_accession>
        </GBInterval>
        <GBInterval>
          <GBInterval_from>105</GBInterval_from>
          <GBInterval_to>108</GBInterval_to>
          <GBInterval_accession>NP_229441.1</GBInterval_accession>
        </GBInterval>
      </GBFeature_intervals>
      <GBFeature_operator>order</GBFeature_operator>
      <GBFeature_quals>
        <GBQualifier>
          <GBQualifier_name>site_type</GBQualifier_name>
          <GBQualifier_value>other</GBQualifier_value>
        </GBQualifier>
        <GBQualifier>
          <GBQualifier_name>note</GBQualifier_name>
          <GBQualifier_value>NADP+ binding site [chemical binding]</GBQualifier_value>
        </GBQualifier>
        <GBQualifier>
          <GBQualifier_name>db_xref</GBQualifier_name>
          <GBQualifier_value>CDD:238127</GBQualifier_value>
        </GBQualifier>
      </GBFeature_quals>
    </GBFeature>
    <GBFeature>
      <GBFeature_key>CDS</GBFeature_key>
      <GBFeature_location>1..172</GBFeature_location>
      <GBFeature_intervals>
        <GBInterval>
          <GBInterval_from>1</GBInterval_from>
          <GBInterval_to>172</GBInterval_to>
          <GBInterval_accession>NP_229441.1</GBInterval_accession>
        </GBInterval>
      </GBFeature_intervals>
      <GBFeature_quals>
        <GBQualifier>
          <GBQualifier_name>locus_tag</GBQualifier_name>
          <GBQualifier_value>TM1641</GBQualifier_value>
        </GBQualifier>
        <GBQualifier>
          <GBQualifier_name>coded_by</GBQualifier_name>
          <GBQualifier_value>NC_000853.1:1629572..1630090</GBQualifier_value>
        </GBQualifier>
        <GBQualifier>
          <GBQualifier_name>note</GBQualifier_name>
          <GBQualifier_value>similar to PID:1835266 GB:AE000512 percent identity: 100.00; identified by sequence similarity</GBQualifier_value>
        </GBQualifier>
        <GBQualifier>
          <GBQualifier_name>transl_table</GBQualifier_name>
          <GBQualifier_value>11</GBQualifier_value>
        </GBQualifier>
        <GBQualifier>
          <GBQualifier_name>db_xref</GBQualifier_name>
          <GBQualifier_value>GeneID:896828</GBQualifier_value>
        </GBQualifier>
      </GBFeature_quals>
    </GBFeature>
  </GBSeq_feature-table>
  <GBSeq_sequence>mesvakvifvlamdvsgkiassveswssfedrknfrkitteignvvmgritfeeigrplperlnvvltrrpktsnnpslvffngspadvvkflegkgyervaviggktvfteflreklvdelfvtvepyvfgkgipffdefegyfplkllemrrlnergtlflkysvekshr</GBSeq_sequence>
  <GBSeq_contig>join(WP_010865375.1:1..172)</GBSeq_contig>
  <GBSeq_xrefs>
    <GBXref>
      <GBXref_dbname>BioProject</GBXref_dbname>
      <GBXref_id>PRJNA57723</GBXref_id>
    </GBXref>
    <GBXref>
      <GBXref_dbname>Assembly</GBXref_dbname>
      <GBXref_id>GCF_000008545.1</GBXref_id>
    </GBXref>
  </GBSeq_xrefs>
</GBSeq>

</GBSet>

