<?xml version="1.0" ?>
<!DOCTYPE GBSet PUBLIC "-//NCBI//NCBI GBSeq/EN" "https://www.ncbi.nlm.nih.gov/dtd/NCBI_GBSeq.dtd">
<GBSet>
<GBSeq>
  <GBSeq_locus>NP_230094</GBSeq_locus>
  <GBSeq_length>165</GBSeq_length>
  <GBSeq_moltype>AA</GBSeq_moltype>
  <GBSeq_topology>linear</GBSeq_topology>
  <GBSeq_division>CON</GBSeq_division>
  <GBSeq_update-date>03-AUG-2016</GBSeq_update-date>
  <GBSeq_create-date>10-SEP-2001</GBSeq_create-date>
  <GBSeq_definition>dihydrofolate reductase [Vibrio cholerae O1 biovar El Tor str. N16961]</GBSeq_definition>
  <GBSeq_primary-accession>NP_230094</GBSeq_primary-accession>
  <GBSeq_accession-version>NP_230094.1</GBSeq_accession-version>
  <GBSeq_other-seqids>
    <GBSeqid>ref|NP_230094.1|</GBSeqid>
    <GBSeqid>gi|15640467</GBSeqid>
  </GBSeq_other-seqids>
  <GBSeq_project>PRJNA57623</GBSeq_project>
  <GBSeq_keywords>
    <GBKeyword>RefSeq</GBKeyword>
  </GBSeq_keywords>
  <GBSeq_source>Vibrio cholerae O1 biovar El Tor str. N16961</GBSeq_source>
  <GBSeq_organism>Vibrio cholerae O1 biovar El Tor str. N16961</GBSeq_organism>
  <GBSeq_taxonomy>Bacteria; Proteobacteria; Gammaproteobacteria; Vibrionales; Vibrionaceae; Vibrio</GBSeq_taxonomy>
  <GBSeq_references>
    <GBReference>
      <GBReference_reference>1</GBReference_reference>
      <GBReference_position>1..165</GBReference_position>
      <GBReference_authors>
        <GBAuthor>Heidelberg,J.F.</GBAuthor>
        <GBAuthor>Eisen,J.A.</GBAuthor>
        <GBAuthor>Nelson,W.C.</GBAuthor>
        <GBAuthor>Clayton,R.A.</GBAuthor>
        <GBAuthor>Gwinn,M.L.</GBAuthor>
        <GBAuthor>Dodson,R.J.</GBAuthor>
        <GBAuthor>Haft,D.H.</GBAuthor>
        <GBAuthor>Hickey,E.K.</GBAuthor>
        <GBAuthor>Peterson,J.D.</GBAuthor>
        <GBAuthor>Umayam,L.A.</GBAuthor>
        <GBAuthor>Gill,S.R.</GBAuthor>
        <GBAuthor>Nelson,K.E.</GBAuthor>
        <GBAuthor>Read,T.D.</GBAuthor>
        <GBAuthor>Tettelin,H.</GBAuthor>
        <GBAuthor>Richardson,D.</GBAuthor>
        <GBAuthor>Ermolaeva,M.D.</GBAuthor>
        <GBAuthor>Vamathevan,J.</GBAuthor>
        <GBAuthor>Bass,S.</GBAuthor>
        <GBAuthor>Qin,H.</GBAuthor>
        <GBAuthor>Dragoi,I.</GBAuthor>
        <GBAuthor>Sellers,P.</GBAuthor>
        <GBAuthor>McDonald,L.</GBAuthor>
        <GBAuthor>Utterback,T.</GBAuthor>
        <GBAuthor>Fleishmann,R.D.</GBAuthor>
        <GBAuthor>Nierman,W.C.</GBAuthor>
        <GBAuthor>White,O.</GBAuthor>
        <GBAuthor>Salzberg,S.L.</GBAuthor>
        <GBAuthor>Smith,H.O.</GBAuthor>
        <GBAuthor>Colwell,R.R.</GBAuthor>
        <GBAuthor>Mekalanos,J.J.</GBAuthor>
        <GBAuthor>Venter,J.C.</GBAuthor>
        <GBAuthor>Fraser,C.M.</GBAuthor>
      </GBReference_authors>
      <GBReference_title>DNA sequence of both chromosomes of the cholera pathogen Vibrio cholerae</GBReference_title>
      <GBReference_journal>Nature 406 (6795), 477-483 (2000)</GBReference_journal>
      <GBReference_pubmed>10952301</GBReference_pubmed>
    </GBReference>
    <GBReference>
      <GBReference_reference>2</GBReference_reference>
      <GBReference_position>1..165</GBReference_position>
      <GBReference_consortium>NCBI Genome Project</GBReference_consortium>
      <GBReference_title>Direct Submission</GBReference_title>
      <GBReference_journal>Submitted (18-SEP-2001) National Center for Biotechnology Information, NIH, Bethesda, MD 20894, USA</GBReference_journal>
    </GBReference>
    <GBReference>
      <GBReference_reference>3</GBReference_reference>
      <GBReference_position>1..165</GBReference_position>
      <GBReference_authors>
        <GBAuthor>Heidelberg,J.F.</GBAuthor>
        <GBAuthor>Eisen,J.A.</GBAuthor>
        <GBAuthor>Nelson,W.C.</GBAuthor>
        <GBAuthor>Clayton,R.A.</GBAuthor>
        <GBAuthor>Gwinn,M.L.</GBAuthor>
        <GBAuthor>Dodson,R.J.</GBAuthor>
        <GBAuthor>Haft,D.H.</GBAuthor>
        <GBAuthor>Hickey,E.K.</GBAuthor>
        <GBAuthor>Peterson,J.D.</GBAuthor>
        <GBAuthor>Umayam,L.A.</GBAuthor>
        <GBAuthor>Gill,S.R.</GBAuthor>
        <GBAuthor>Nelson,K.E.</GBAuthor>
        <GBAuthor>Read,T.D.</GBAuthor>
        <GBAuthor>Tettelin,H.</GBAuthor>
        <GBAuthor>Richardson,D.</GBAuthor>
        <GBAuthor>Ermolaeva,M.D.</GBAuthor>
        <GBAuthor>Vamathevan,J.</GBAuthor>
        <GBAuthor>Bass,S.</GBAuthor>
        <GBAuthor>Qin,H.</GBAuthor>
        <GBAuthor>Dragoi,I.</GBAuthor>
        <GBAuthor>Sellers,P.</GBAuthor>
        <GBAuthor>McDonald,L.</GBAuthor>
        <GBAuthor>Utterback,T.</GBAuthor>
        <GBAuthor>Fleishmann,R.D.</GBAuthor>
        <GBAuthor>Nierman,W.C.</GBAuthor>
        <GBAuthor>White,O.</GBAuthor>
        <GBAuthor>Salzberg,S.L.</GBAuthor>
        <GBAuthor>Smith,H.O.</GBAuthor>
        <GBAuthor>Colwell,R.R.</GBAuthor>
        <GBAuthor>Mekalanos,J.J.</GBAuthor>
        <GBAuthor>Venter,J.C.</GBAuthor>
        <GBAuthor>Fraser,C.M.</GBAuthor>
      </GBReference_authors>
      <GBReference_title>Direct Submission</GBReference_title>
      <GBReference_journal>Submitted (14-JUN-2000) The Institute for Genomic Research, 9712 Medical Center Dr, Rockville, MD 20850, USA</GBReference_journal>
    </GBReference>
  </GBSeq_references>
  <GBSeq_comment>REVIEWED REFSEQ: This record has been curated by NCBI staff. The reference sequence is identical to AAF93613.; RefSeq Category: Reference Genome CLI: Clinical Isolate FGS: First Genome sequenced UPR: UniProt Genome; Method: conceptual translation.</GBSeq_comment>
  <GBSeq_source-db>REFSEQ: accession NC_002505.1</GBSeq_source-db>
  <GBSeq_feature-table>
    <GBFeature>
      <GBFeature_key>source</GBFeature_key>
      <GBFeature_location>1..165</GBFeature_location>
      <GBFeature_intervals>
        <GBInterval>
          <GBInterval_from>1</GBInterval_from>
          <GBInterval_to>165</GBInterval_to>
          <GBInterval_accession>NP_230094.1</GBInterval_accession>
        </GBInterval>
      </GBFeature_intervals>
      <GBFeature_quals>
        <GBQualifier>
          <GBQualifier_name>organism</GBQualifier_name>
          <GBQualifier_value>Vibrio cholerae O1 biovar El Tor str. N16961</GBQualifier_value>
        </GBQualifier>
        <GBQualifier>
          <GBQualifier_name>strain</GBQualifier_name>
          <GBQualifier_value>N16961</GBQualifier_value>
        </GBQualifier>
        <GBQualifier>
          <GBQualifier_name>serotype</GBQualifier_name>
          <GBQualifier_value>O1</GBQualifier_value>
        </GBQualifier>
        <GBQualifier>
          <GBQualifier_name>db_xref</GBQualifier_name>
          <GBQualifier_value>taxon:243277</GBQualifier_value>
        </GBQualifier>
        <GBQualifier>
          <GBQualifier_name>chromosome</GBQualifier_name>
          <GBQualifier_value>I</GBQualifier_value>
        </GBQualifier>
        <GBQualifier>
          <GBQualifier_name>biotype</GBQualifier_name>
          <GBQualifier_value>El Tor</GBQualifier_value>
        </GBQualifier>
      </GBFeature_quals>
    </GBFeature>
    <GBFeature>
      <GBFeature_key>Protein</GBFeature_key>
      <GBFeature_location>1..165</GBFeature_location>
      <GBFeature_intervals>
        <GBInterval>
          <GBInterval_from>1</GBInterval_from>
          <GBInterval_to>165</GBInterval_to>
          <GBInterval_accession>NP_230094.1</GBInterval_accession>
        </GBInterval>
      </GBFeature_intervals>
      <GBFeature_quals>
        <GBQualifier>
          <GBQualifier_name>product</GBQualifier_name>
          <GBQualifier_value>dihydrofolate reductase</GBQualifier_value>
        </GBQualifier>
        <GBQualifier>
          <GBQualifier_name>calculated_mol_wt</GBQualifier_name>
          <GBQualifier_value>18393</GBQualifier_value>
        </GBQualifier>
      </GBFeature_quals>
    </GBFeature>
    <GBFeature>
      <GBFeature_key>Region</GBFeature_key>
      <GBFeature_location>2..159</GBFeature_location>
      <GBFeature_intervals>
        <GBInterval>
          <GBInterval_from>2</GBInterval_from>
          <GBInterval_to>159</GBInterval_to>
          <GBInterval_accession>NP_230094.1</GBInterval_accession>
        </GBInterval>
      </GBFeature_intervals>
      <GBFeature_quals>
        <GBQualifier>
          <GBQualifier_name>region_name</GBQualifier_name>
          <GBQualifier_value>DHFR_1</GBQualifier_value>
        </GBQualifier>
        <GBQualifier>
          <GBQualifier_name>note</GBQualifier_name>
          <GBQualifier_value>Dihydrofolate reductase; pfam00186</GBQualifier_value>
        </GBQualifier>
        <GBQualifier>
          <GBQualifier_name>db_xref</GBQualifier_name>
          <GBQualifier_value>CDD:278610</GBQualifier_value>
        </GBQualifier>
      </GBFeature_quals>
    </GBFeature>
    <GBFeature>
      <GBFeature_key>Site</GBFeature_key>
      <GBFeature_location>order(6,23,28,58,96,102,115)</GBFeature_location>
      <GBFeature_intervals>
        <GBInterval>
          <GBInterval_point>6</GBInterval_point>
          <GBInterval_accession>NP_230094.1</GBInterval_accession>
        </GBInterval>
        <GBInterval>
          <GBInterval_point>23</GBInterval_point>
          <GBInterval_accession>NP_230094.1</GBInterval_accession>
        </GBInterval>
        <GBInterval>
          <GBInterval_point>28</GBInterval_point>
          <GBInterval_accession>NP_230094.1</GBInterval_accession>
        </GBInterval>
        <GBInterval>
          <GBInterval_point>58</GBInterval_point>
          <GBInterval_accession>NP_230094.1</GBInterval_accession>
        </GBInterval>
        <GBInterval>
          <GBInterval_point>96</GBInterval_point>
          <GBInterval_accession>NP_230094.1</GBInterval_accession>
        </GBInterval>
        <GBInterval>
          <GBInterval_point>102</GBInterval_point>
          <GBInterval_accession>NP_230094.1</GBInterval_accession>
        </GBInterval>
        <GBInterval>
          <GBInterval_point>115</GBInterval_point>
          <GBInterval_accession>NP_230094.1</GBInterval_accession>
        </GBInterval>
      </GBFeature_intervals>
      <GBFeature_operator>order</GBFeature_operator>
      <GBFeature_quals>
        <GBQualifier>
          <GBQualifier_name>site_type</GBQualifier_name>
          <GBQualifier_value>other</GBQualifier_value>
        </GBQualifier>
        <GBQualifier>
          <GBQualifier_name>note</GBQualifier_name>
          <GBQualifier_value>folate binding site [chemical binding]</GBQualifier_value>
        </GBQualifier>
        <GBQualifier>
          <GBQualifier_name>db_xref</GBQualifier_name>
          <GBQualifier_value>CDD:238127</GBQualifier_value>
        </GBQualifier>
      </GBFeature_quals>
    </GBFeature>
    <GBFeature>
      <GBFeature_key>Site</GBFeature_key>
      <GBFeature_location>order(8,15,45..47,65,97..100)</GBFeature_location>
      <GBFeature_intervals>
        <GBInterval>
          <GBInterval_point>8</GBInterval_point>
          <GBInterval_accession>NP_230094.1</GBInterval_accession>
        </GBInterval>
        <GBInterval>
          <GBInterval_point>15</GBInterval_point>
          <GBInterval_accession>NP_230094.1</GBInterval_accession>
        </GBInterval>
        <GBInterval>
          <GBInterval_from>45</GBInterval_from>
          <GBInterval_to>47</GBInterval_to>
          <GBInterval_accession>NP_230094.1</GBInterval_accession>
        </GBInterval>
        <GBInterval>
          <GBInterval_point>65</GBInterval_point>
          <GBInterval_accession>NP_230094.1</GBInterval_accession>
        </GBInterval>
        <GBInterval>
          <GBInterval_from>97</GBInterval_from>
          <GBInterval_to>100</GBInterval_to>
          <GBInterval_accession>NP_230094.1</GBInterval_accession>
        </GBInterval>
      </GBFeature_intervals>
      <GBFeature_operator>order</GBFeature_operator>
      <GBFeature_quals>
        <GBQualifier>
          <GBQualifier_name>site_type</GBQualifier_name>
          <GBQualifier_value>other</GBQualifier_value>
        </GBQualifier>
        <GBQualifier>
          <GBQualifier_name>note</GBQualifier_name>
          <GBQualifier_value>NADP+ binding site [chemical binding]</GBQualifier_value>
        </GBQualifier>
        <GBQualifier>
          <GBQualifier_name>db_xref</GBQualifier_name>
          <GBQualifier_value>CDD:238127</GBQualifier_value>
        </GBQualifier>
      </GBFeature_quals>
    </GBFeature>
    <GBFeature>
      <GBFeature_key>CDS</GBFeature_key>
      <GBFeature_location>1..165</GBFeature_location>
      <GBFeature_intervals>
        <GBInterval>
          <GBInterval_from>1</GBInterval_from>
          <GBInterval_to>165</GBInterval_to>
          <GBInterval_accession>NP_230094.1</GBInterval_accession>
        </GBInterval>
      </GBFeature_intervals>
      <GBFeature_quals>
        <GBQualifier>
          <GBQualifier_name>coded_by</GBQualifier_name>
          <GBQualifier_value>NC_002505.1:469805..470302</GBQualifier_value>
        </GBQualifier>
        <GBQualifier>
          <GBQualifier_name>note</GBQualifier_name>
          <GBQualifier_value>similar to SP:P12833 PID:150520; identified by sequence similarity</GBQualifier_value>
        </GBQualifier>
        <GBQualifier>
          <GBQualifier_name>transl_table</GBQualifier_name>
          <GBQualifier_value>11</GBQualifier_value>
        </GBQualifier>
      </GBFeature_quals>
    </GBFeature>
  </GBSeq_feature-table>
  <GBSeq_sequence>mmismiaamadqriigkdnqmpwhlpadfawfkrctlgkpvvmgrktyqsigrplpgrhnivisrdaslqiegvdvvtsieaalakagevdevmiigggslyaaclpmahklyiteihakldgdtqfpewgsdwlersrehypadeknaygmdfviferqyplpt</GBSeq_sequence>
  <GBSeq_contig>join(WP_000973535.1:1..165)</GBSeq_contig>
  <GBSeq_xrefs>
    <GBXref>
      <GBXref_dbname>BioProject</GBXref_dbname>
      <GBXref_id>PRJNA57623</GBXref_id>
    </GBXref>
    <GBXref>
      <GBXref_dbname>Assembly</GBXref_dbname>
      <GBXref_id>GCF_000006745.1</GBXref_id>
    </GBXref>
  </GBSeq_xrefs>
</GBSeq>

</GBSet>

