<?xml version="1.0" ?>
<!DOCTYPE GBSet PUBLIC "-//NCBI//NCBI GBSeq/EN" "https://www.ncbi.nlm.nih.gov/dtd/NCBI_GBSeq.dtd">
<GBSet>
<GBSeq>
  <GBSeq_locus>NP_308078</GBSeq_locus>
  <GBSeq_length>159</GBSeq_length>
  <GBSeq_moltype>AA</GBSeq_moltype>
  <GBSeq_topology>linear</GBSeq_topology>
  <GBSeq_division>CON</GBSeq_division>
  <GBSeq_update-date>28-AUG-2016</GBSeq_update-date>
  <GBSeq_create-date>07-MAR-2001</GBSeq_create-date>
  <GBSeq_definition>dihydrofolate reductase [Escherichia coli O157:H7 str. Sakai]</GBSeq_definition>
  <GBSeq_primary-accession>NP_308078</GBSeq_primary-accession>
  <GBSeq_accession-version>NP_308078.1</GBSeq_accession-version>
  <GBSeq_other-seqids>
    <GBSeqid>ref|NP_308078.1|</GBSeqid>
    <GBSeqid>gi|15829305</GBSeqid>
  </GBSeq_other-seqids>
  <GBSeq_project>PRJNA57781</GBSeq_project>
  <GBSeq_keywords>
    <GBKeyword>RefSeq</GBKeyword>
  </GBSeq_keywords>
  <GBSeq_source>Escherichia coli O157:H7 str. Sakai</GBSeq_source>
  <GBSeq_organism>Escherichia coli O157:H7 str. Sakai</GBSeq_organism>
  <GBSeq_taxonomy>Bacteria; Proteobacteria; Gammaproteobacteria; Enterobacteriales; Enterobacteriaceae; Escherichia</GBSeq_taxonomy>
  <GBSeq_references>
    <GBReference>
      <GBReference_reference>1</GBReference_reference>
      <GBReference_position>1..159</GBReference_position>
      <GBReference_authors>
        <GBAuthor>Bergholz,T.M.</GBAuthor>
        <GBAuthor>Wick,L.M.</GBAuthor>
        <GBAuthor>Qi,W.</GBAuthor>
        <GBAuthor>Riordan,J.T.</GBAuthor>
        <GBAuthor>Ouellette,L.M.</GBAuthor>
        <GBAuthor>Whittam,T.S.</GBAuthor>
      </GBReference_authors>
      <GBReference_title>Global transcriptional response of Escherichia coli O157:H7 to growth transitions in glucose minimal medium</GBReference_title>
      <GBReference_journal>BMC Microbiol. 7, 97 (2007)</GBReference_journal>
      <GBReference_xref>
        <GBXref>
          <GBXref_dbname>doi</GBXref_dbname>
          <GBXref_id>10.1186/1471-2180-7-97</GBXref_id>
        </GBXref>
      </GBReference_xref>
      <GBReference_pubmed>17967175</GBReference_pubmed>
      <GBReference_remark>Publication Status: Online-Only</GBReference_remark>
    </GBReference>
    <GBReference>
      <GBReference_reference>2</GBReference_reference>
      <GBReference_position>sites</GBReference_position>
      <GBReference_authors>
        <GBAuthor>Hayashi,T.</GBAuthor>
        <GBAuthor>Makino,K.</GBAuthor>
        <GBAuthor>Ohnishi,M.</GBAuthor>
        <GBAuthor>Kurokawa,K.</GBAuthor>
        <GBAuthor>Ishii,K.</GBAuthor>
        <GBAuthor>Yokoyama,K.</GBAuthor>
        <GBAuthor>Han,C.G.</GBAuthor>
        <GBAuthor>Ohtsubo,E.</GBAuthor>
        <GBAuthor>Nakayama,K.</GBAuthor>
        <GBAuthor>Murata,T.</GBAuthor>
        <GBAuthor>Tanaka,M.</GBAuthor>
        <GBAuthor>Tobe,T.</GBAuthor>
        <GBAuthor>Iida,T.</GBAuthor>
        <GBAuthor>Takami,H.</GBAuthor>
        <GBAuthor>Honda,T.</GBAuthor>
        <GBAuthor>Sasakawa,C.</GBAuthor>
        <GBAuthor>Ogasawara,N.</GBAuthor>
        <GBAuthor>Yasunaga,T.</GBAuthor>
        <GBAuthor>Kuhara,S.</GBAuthor>
        <GBAuthor>Shiba,T.</GBAuthor>
        <GBAuthor>Hattori,M.</GBAuthor>
        <GBAuthor>Shinagawa,H.</GBAuthor>
      </GBReference_authors>
      <GBReference_title>Complete genome sequence of enterohemorrhagic Escherichia coli O157:H7 and genomic comparison with a laboratory strain K-12</GBReference_title>
      <GBReference_journal>DNA Res. 8 (1), 11-22 (2001)</GBReference_journal>
      <GBReference_pubmed>11258796</GBReference_pubmed>
      <GBReference_remark>Erratum:[DNA Res 2001 Apr 27;8(2):96]</GBReference_remark>
    </GBReference>
    <GBReference>
      <GBReference_reference>3</GBReference_reference>
      <GBReference_position>sites</GBReference_position>
      <GBReference_authors>
        <GBAuthor>Yokoyama,K.</GBAuthor>
        <GBAuthor>Makino,K.</GBAuthor>
        <GBAuthor>Kubota,Y.</GBAuthor>
        <GBAuthor>Watanabe,M.</GBAuthor>
        <GBAuthor>Kimura,S.</GBAuthor>
        <GBAuthor>Yutsudo,C.H.</GBAuthor>
        <GBAuthor>Kurokawa,K.</GBAuthor>
        <GBAuthor>Ishii,K.</GBAuthor>
        <GBAuthor>Hattori,M.</GBAuthor>
        <GBAuthor>Tatsuno,I.</GBAuthor>
        <GBAuthor>Abe,H.</GBAuthor>
        <GBAuthor>Yoh,M.</GBAuthor>
        <GBAuthor>Iida,T.</GBAuthor>
        <GBAuthor>Ohnishi,M.</GBAuthor>
        <GBAuthor>Hayashi,T.</GBAuthor>
        <GBAuthor>Yasunaga,T.</GBAuthor>
        <GBAuthor>Honda,T.</GBAuthor>
        <GBAuthor>Sasakawa,C.</GBAuthor>
        <GBAuthor>Shinagawa,H.</GBAuthor>
      </GBReference_authors>
      <GBReference_title>Complete nucleotide sequence of the prophage VT1-Sakai carrying the Shiga toxin 1 genes of the enterohemorrhagic Escherichia coli O157:H7 strain derived from the Sakai outbreak</GBReference_title>
      <GBReference_journal>Gene 258 (1-2), 127-139 (2000)</GBReference_journal>
      <GBReference_pubmed>11111050</GBReference_pubmed>
    </GBReference>
    <GBReference>
      <GBReference_reference>4</GBReference_reference>
      <GBReference_position>sites</GBReference_position>
      <GBReference_authors>
        <GBAuthor>Ohnishi,M.</GBAuthor>
        <GBAuthor>Murata,T.</GBAuthor>
        <GBAuthor>Nakayama,K.</GBAuthor>
        <GBAuthor>Kuhara,S.</GBAuthor>
        <GBAuthor>Hattori,M.</GBAuthor>
        <GBAuthor>Kurokawa,K.</GBAuthor>
        <GBAuthor>Yasunaga,T.</GBAuthor>
        <GBAuthor>Yokoyama,K.</GBAuthor>
        <GBAuthor>Makino,K.</GBAuthor>
        <GBAuthor>Shinagawa,H.</GBAuthor>
        <GBAuthor>Hayashi,T.</GBAuthor>
      </GBReference_authors>
      <GBReference_title>Comparative analysis of the whole set of rRNA operons between an enterohemorrhagic Escherichia coli O157:H7 Sakai strain and an Escherichia coli K-12 strain MG1655</GBReference_title>
      <GBReference_journal>Syst. Appl. Microbiol. 23 (3), 315-324 (2000)</GBReference_journal>
      <GBReference_pubmed>11108008</GBReference_pubmed>
    </GBReference>
    <GBReference>
      <GBReference_reference>5</GBReference_reference>
      <GBReference_position>sites</GBReference_position>
      <GBReference_authors>
        <GBAuthor>Makino,K.</GBAuthor>
        <GBAuthor>Yokoyama,K.</GBAuthor>
        <GBAuthor>Kubota,Y.</GBAuthor>
        <GBAuthor>Yutsudo,C.H.</GBAuthor>
        <GBAuthor>Kimura,S.</GBAuthor>
        <GBAuthor>Kurokawa,K.</GBAuthor>
        <GBAuthor>Ishii,K.</GBAuthor>
        <GBAuthor>Hattori,M.</GBAuthor>
        <GBAuthor>Tatsuno,I.</GBAuthor>
        <GBAuthor>Abe,H.</GBAuthor>
        <GBAuthor>Iida,T.</GBAuthor>
        <GBAuthor>Yamamoto,K.</GBAuthor>
        <GBAuthor>Onishi,M.</GBAuthor>
        <GBAuthor>Hayashi,T.</GBAuthor>
        <GBAuthor>Yasunaga,T.</GBAuthor>
        <GBAuthor>Honda,T.</GBAuthor>
        <GBAuthor>Sasakawa,C.</GBAuthor>
        <GBAuthor>Shinagawa,H.</GBAuthor>
      </GBReference_authors>
      <GBReference_title>Complete nucleotide sequence of the prophage VT2-Sakai carrying the verotoxin 2 genes of the enterohemorrhagic Escherichia coli O157:H7 derived from the Sakai outbreak</GBReference_title>
      <GBReference_journal>Genes Genet. Syst. 74 (5), 227-239 (1999)</GBReference_journal>
      <GBReference_pubmed>10734605</GBReference_pubmed>
    </GBReference>
    <GBReference>
      <GBReference_reference>6</GBReference_reference>
      <GBReference_position>1..159</GBReference_position>
      <GBReference_consortium>NCBI Genome Project</GBReference_consortium>
      <GBReference_title>Direct Submission</GBReference_title>
      <GBReference_journal>Submitted (10-SEP-2004) National Center for Biotechnology Information, NIH, Bethesda, MD 20894, USA</GBReference_journal>
    </GBReference>
    <GBReference>
      <GBReference_reference>7</GBReference_reference>
      <GBReference_position>1..159</GBReference_position>
      <GBReference_consortium>NCBI Microbial Genomes Annotation Project</GBReference_consortium>
      <GBReference_title>Direct Submission</GBReference_title>
      <GBReference_journal>Submitted (25-JUN-2001) National Center for Biotechnology Information, NIH, Bethesda, MD 20894, USA</GBReference_journal>
    </GBReference>
  </GBSeq_references>
  <GBSeq_comment>REVIEWED REFSEQ: This record has been curated by NCBI staff. The reference sequence was derived from BAB33474.; RefSeq Category: Reference Genome CLI: Clinical Isolate PHY: Based on Phylogenetics; Method: conceptual translation.</GBSeq_comment>
  <GBSeq_source-db>REFSEQ: accession NC_002695.1</GBSeq_source-db>
  <GBSeq_feature-table>
    <GBFeature>
      <GBFeature_key>source</GBFeature_key>
      <GBFeature_location>1..159</GBFeature_location>
      <GBFeature_intervals>
        <GBInterval>
          <GBInterval_from>1</GBInterval_from>
          <GBInterval_to>159</GBInterval_to>
          <GBInterval_accession>NP_308078.1</GBInterval_accession>
        </GBInterval>
      </GBFeature_intervals>
      <GBFeature_quals>
        <GBQualifier>
          <GBQualifier_name>organism</GBQualifier_name>
          <GBQualifier_value>Escherichia coli O157:H7 str. Sakai</GBQualifier_value>
        </GBQualifier>
        <GBQualifier>
          <GBQualifier_name>strain</GBQualifier_name>
          <GBQualifier_value>Sakai</GBQualifier_value>
        </GBQualifier>
        <GBQualifier>
          <GBQualifier_name>sub_strain</GBQualifier_name>
          <GBQualifier_value>RIMD 0509952</GBQualifier_value>
        </GBQualifier>
        <GBQualifier>
          <GBQualifier_name>serovar</GBQualifier_name>
          <GBQualifier_value>O157:H7</GBQualifier_value>
        </GBQualifier>
        <GBQualifier>
          <GBQualifier_name>db_xref</GBQualifier_name>
          <GBQualifier_value>taxon:386585</GBQualifier_value>
        </GBQualifier>
      </GBFeature_quals>
    </GBFeature>
    <GBFeature>
      <GBFeature_key>Protein</GBFeature_key>
      <GBFeature_location>1..159</GBFeature_location>
      <GBFeature_intervals>
        <GBInterval>
          <GBInterval_from>1</GBInterval_from>
          <GBInterval_to>159</GBInterval_to>
          <GBInterval_accession>NP_308078.1</GBInterval_accession>
        </GBInterval>
      </GBFeature_intervals>
      <GBFeature_quals>
        <GBQualifier>
          <GBQualifier_name>product</GBQualifier_name>
          <GBQualifier_value>dihydrofolate reductase</GBQualifier_value>
        </GBQualifier>
        <GBQualifier>
          <GBQualifier_name>EC_number</GBQualifier_name>
          <GBQualifier_value>1.5.1.3</GBQualifier_value>
        </GBQualifier>
        <GBQualifier>
          <GBQualifier_name>function</GBQualifier_name>
          <GBQualifier_value>trimethoprim resistance</GBQualifier_value>
        </GBQualifier>
        <GBQualifier>
          <GBQualifier_name>calculated_mol_wt</GBQualifier_name>
          <GBQualifier_value>17838</GBQualifier_value>
        </GBQualifier>
      </GBFeature_quals>
    </GBFeature>
    <GBFeature>
      <GBFeature_key>Region</GBFeature_key>
      <GBFeature_location>2..157</GBFeature_location>
      <GBFeature_intervals>
        <GBInterval>
          <GBInterval_from>2</GBInterval_from>
          <GBInterval_to>157</GBInterval_to>
          <GBInterval_accession>NP_308078.1</GBInterval_accession>
        </GBInterval>
      </GBFeature_intervals>
      <GBFeature_quals>
        <GBQualifier>
          <GBQualifier_name>region_name</GBQualifier_name>
          <GBQualifier_value>DHFR</GBQualifier_value>
        </GBQualifier>
        <GBQualifier>
          <GBQualifier_name>note</GBQualifier_name>
          <GBQualifier_value>Dihydrofolate reductase (DHFR). Reduces 7,8-dihydrofolate to 5,6,7,8-tetrahydrofolate with NADPH as a cofactor. This is an essential step in the biosynthesis of deoxythymidine phosphate since 5,6,7,8-tetrahydrofolate is required to regenerate 5; cd00209</GBQualifier_value>
        </GBQualifier>
        <GBQualifier>
          <GBQualifier_name>db_xref</GBQualifier_name>
          <GBQualifier_value>CDD:238127</GBQualifier_value>
        </GBQualifier>
      </GBFeature_quals>
    </GBFeature>
    <GBFeature>
      <GBFeature_key>Site</GBFeature_key>
      <GBFeature_location>order(5,22,27,57,94,100,113)</GBFeature_location>
      <GBFeature_intervals>
        <GBInterval>
          <GBInterval_point>5</GBInterval_point>
          <GBInterval_accession>NP_308078.1</GBInterval_accession>
        </GBInterval>
        <GBInterval>
          <GBInterval_point>22</GBInterval_point>
          <GBInterval_accession>NP_308078.1</GBInterval_accession>
        </GBInterval>
        <GBInterval>
          <GBInterval_point>27</GBInterval_point>
          <GBInterval_accession>NP_308078.1</GBInterval_accession>
        </GBInterval>
        <GBInterval>
          <GBInterval_point>57</GBInterval_point>
          <GBInterval_accession>NP_308078.1</GBInterval_accession>
        </GBInterval>
        <GBInterval>
          <GBInterval_point>94</GBInterval_point>
          <GBInterval_accession>NP_308078.1</GBInterval_accession>
        </GBInterval>
        <GBInterval>
          <GBInterval_point>100</GBInterval_point>
          <GBInterval_accession>NP_308078.1</GBInterval_accession>
        </GBInterval>
        <GBInterval>
          <GBInterval_point>113</GBInterval_point>
          <GBInterval_accession>NP_308078.1</GBInterval_accession>
        </GBInterval>
      </GBFeature_intervals>
      <GBFeature_operator>order</GBFeature_operator>
      <GBFeature_quals>
        <GBQualifier>
          <GBQualifier_name>site_type</GBQualifier_name>
          <GBQualifier_value>other</GBQualifier_value>
        </GBQualifier>
        <GBQualifier>
          <GBQualifier_name>note</GBQualifier_name>
          <GBQualifier_value>folate binding site [chemical binding]</GBQualifier_value>
        </GBQualifier>
        <GBQualifier>
          <GBQualifier_name>db_xref</GBQualifier_name>
          <GBQualifier_value>CDD:238127</GBQualifier_value>
        </GBQualifier>
      </GBFeature_quals>
    </GBFeature>
    <GBFeature>
      <GBFeature_key>Site</GBFeature_key>
      <GBFeature_location>order(7,14,44..46,64,95..98)</GBFeature_location>
      <GBFeature_intervals>
        <GBInterval>
          <GBInterval_point>7</GBInterval_point>
          <GBInterval_accession>NP_308078.1</GBInterval_accession>
        </GBInterval>
        <GBInterval>
          <GBInterval_point>14</GBInterval_point>
          <GBInterval_accession>NP_308078.1</GBInterval_accession>
        </GBInterval>
        <GBInterval>
          <GBInterval_from>44</GBInterval_from>
          <GBInterval_to>46</GBInterval_to>
          <GBInterval_accession>NP_308078.1</GBInterval_accession>
        </GBInterval>
        <GBInterval>
          <GBInterval_point>64</GBInterval_point>
          <GBInterval_accession>NP_308078.1</GBInterval_accession>
        </GBInterval>
        <GBInterval>
          <GBInterval_from>95</GBInterval_from>
          <GBInterval_to>98</GBInterval_to>
          <GBInterval_accession>NP_308078.1</GBInterval_accession>
        </GBInterval>
      </GBFeature_intervals>
      <GBFeature_operator>order</GBFeature_operator>
      <GBFeature_quals>
        <GBQualifier>
          <GBQualifier_name>site_type</GBQualifier_name>
          <GBQualifier_value>other</GBQualifier_value>
        </GBQualifier>
        <GBQualifier>
          <GBQualifier_name>note</GBQualifier_name>
          <GBQualifier_value>NADP+ binding site [chemical binding]</GBQualifier_value>
        </GBQualifier>
        <GBQualifier>
          <GBQualifier_name>db_xref</GBQualifier_name>
          <GBQualifier_value>CDD:238127</GBQualifier_value>
        </GBQualifier>
      </GBFeature_quals>
    </GBFeature>
    <GBFeature>
      <GBFeature_key>CDS</GBFeature_key>
      <GBFeature_location>1..159</GBFeature_location>
      <GBFeature_intervals>
        <GBInterval>
          <GBInterval_from>1</GBInterval_from>
          <GBInterval_to>159</GBInterval_to>
          <GBInterval_accession>NP_308078.1</GBInterval_accession>
        </GBInterval>
      </GBFeature_intervals>
      <GBFeature_quals>
        <GBQualifier>
          <GBQualifier_name>coded_by</GBQualifier_name>
          <GBQualifier_value>NC_002695.1:54237..54716</GBQualifier_value>
        </GBQualifier>
        <GBQualifier>
          <GBQualifier_name>note</GBQualifier_name>
          <GBQualifier_value>catalyzes the reduction of dihydrofolate to tetrahydrofolate</GBQualifier_value>
        </GBQualifier>
        <GBQualifier>
          <GBQualifier_name>transl_table</GBQualifier_name>
          <GBQualifier_value>11</GBQualifier_value>
        </GBQualifier>
      </GBFeature_quals>
    </GBFeature>
  </GBSeq_feature-table>
  <GBSeq_sequence>misliaalavdrvigmenampwnlpadlawfkrntlnkpvimgrhtresigrplpgrkniilssqpgtddrvtwvksvdeaiaacgdvpeimvigggrvyeqflpkaqklylthidaevegdthfpdyepddwesvfsefhdadaqnshsycfeilerr</GBSeq_sequence>
  <GBSeq_contig>join(WP_000624372.1:1..159)</GBSeq_contig>
  <GBSeq_xrefs>
    <GBXref>
      <GBXref_dbname>BioProject</GBXref_dbname>
      <GBXref_id>PRJNA57781</GBXref_id>
    </GBXref>
    <GBXref>
      <GBXref_dbname>Assembly</GBXref_dbname>
      <GBXref_id>GCF_000008865.1</GBXref_id>
    </GBXref>
  </GBSeq_xrefs>
</GBSeq>

</GBSet>

