<?xml version="1.0" ?>
<!DOCTYPE GBSet PUBLIC "-//NCBI//NCBI GBSeq/EN" "https://www.ncbi.nlm.nih.gov/dtd/NCBI_GBSeq.dtd">
<GBSet>
<GBSeq>
  <GBSeq_locus>NP_349605</GBSeq_locus>
  <GBSeq_length>153</GBSeq_length>
  <GBSeq_moltype>AA</GBSeq_moltype>
  <GBSeq_topology>linear</GBSeq_topology>
  <GBSeq_division>CON</GBSeq_division>
  <GBSeq_update-date>03-AUG-2016</GBSeq_update-date>
  <GBSeq_create-date>27-JUL-2001</GBSeq_create-date>
  <GBSeq_definition>dihydrofolate reductase [Clostridium acetobutylicum ATCC 824]</GBSeq_definition>
  <GBSeq_primary-accession>NP_349605</GBSeq_primary-accession>
  <GBSeq_accession-version>NP_349605.1</GBSeq_accession-version>
  <GBSeq_other-seqids>
    <GBSeqid>ref|NP_349605.1|</GBSeqid>
    <GBSeqid>gi|15896256</GBSeqid>
  </GBSeq_other-seqids>
  <GBSeq_project>PRJNA57677</GBSeq_project>
  <GBSeq_keywords>
    <GBKeyword>RefSeq</GBKeyword>
  </GBSeq_keywords>
  <GBSeq_source>Clostridium acetobutylicum ATCC 824</GBSeq_source>
  <GBSeq_organism>Clostridium acetobutylicum ATCC 824</GBSeq_organism>
  <GBSeq_taxonomy>Bacteria; Firmicutes; Clostridia; Clostridiales; Clostridiaceae; Clostridium</GBSeq_taxonomy>
  <GBSeq_references>
    <GBReference>
      <GBReference_reference>1</GBReference_reference>
      <GBReference_position>1..153</GBReference_position>
      <GBReference_authors>
        <GBAuthor>Nolling,J.</GBAuthor>
        <GBAuthor>Breton,G.</GBAuthor>
        <GBAuthor>Omelchenko,M.V.</GBAuthor>
        <GBAuthor>Markarova,K.S.</GBAuthor>
        <GBAuthor>Zeng,Q.</GBAuthor>
        <GBAuthor>Gibson,R.</GBAuthor>
        <GBAuthor>Lee,H.M.</GBAuthor>
        <GBAuthor>Dubois,J.</GBAuthor>
        <GBAuthor>Qiu,D.</GBAuthor>
        <GBAuthor>Hitti,J.</GBAuthor>
        <GBAuthor>Wolf,Y.I.</GBAuthor>
        <GBAuthor>Tatusov,R.L.</GBAuthor>
        <GBAuthor>Sabathe,F.</GBAuthor>
        <GBAuthor>Doucette-Stamm,L.</GBAuthor>
        <GBAuthor>Soucaille,P.</GBAuthor>
        <GBAuthor>Daly,M.J.</GBAuthor>
        <GBAuthor>Bennett,G.N.</GBAuthor>
        <GBAuthor>Koonin,E.V.</GBAuthor>
        <GBAuthor>Smith,D.R.</GBAuthor>
      </GBReference_authors>
      <GBReference_title>Genome sequence and comparative analysis of the solvent-producing bacterium Clostridium acetobutylicum</GBReference_title>
      <GBReference_journal>J. Bacteriol. 183 (16), 4823-4838 (2001)</GBReference_journal>
      <GBReference_pubmed>11466286</GBReference_pubmed>
    </GBReference>
    <GBReference>
      <GBReference_reference>2</GBReference_reference>
      <GBReference_position>1..153</GBReference_position>
      <GBReference_consortium>NCBI Genome Project</GBReference_consortium>
      <GBReference_title>Direct Submission</GBReference_title>
      <GBReference_journal>Submitted (03-OCT-2001) National Center for Biotechnology Information, NIH, Bethesda, MD 20894, USA</GBReference_journal>
    </GBReference>
    <GBReference>
      <GBReference_reference>3</GBReference_reference>
      <GBReference_position>1..153</GBReference_position>
      <GBReference_authors>
        <GBAuthor>Childress,D.</GBAuthor>
        <GBAuthor>Zeng,Q.</GBAuthor>
        <GBAuthor>Smith,D.R.</GBAuthor>
      </GBReference_authors>
      <GBReference_title>Direct Submission</GBReference_title>
      <GBReference_journal>Submitted (24-JUL-2001) GTC Sequencing Center Production, Finishing, and Bioinformatics teams, Genome Therapeutics Corp., 100 Beaver Street, Waltham, MA 02453-8443, USA</GBReference_journal>
    </GBReference>
  </GBSeq_references>
  <GBSeq_comment>REVIEWED REFSEQ: This record has been curated by NCBI staff. The reference sequence was derived from AAK80945.; RefSeq Category: Reference Genome MOD: Model Organism TYS: Designated Type Strain UPR: UniProt Genome; Method: conceptual translation.</GBSeq_comment>
  <GBSeq_source-db>REFSEQ: accession NC_003030.1</GBSeq_source-db>
  <GBSeq_feature-table>
    <GBFeature>
      <GBFeature_key>source</GBFeature_key>
      <GBFeature_location>1..153</GBFeature_location>
      <GBFeature_intervals>
        <GBInterval>
          <GBInterval_from>1</GBInterval_from>
          <GBInterval_to>153</GBInterval_to>
          <GBInterval_accession>NP_349605.1</GBInterval_accession>
        </GBInterval>
      </GBFeature_intervals>
      <GBFeature_quals>
        <GBQualifier>
          <GBQualifier_name>organism</GBQualifier_name>
          <GBQualifier_value>Clostridium acetobutylicum ATCC 824</GBQualifier_value>
        </GBQualifier>
        <GBQualifier>
          <GBQualifier_name>strain</GBQualifier_name>
          <GBQualifier_value>ATCC 824</GBQualifier_value>
        </GBQualifier>
        <GBQualifier>
          <GBQualifier_name>db_xref</GBQualifier_name>
          <GBQualifier_value>ATCC:824</GBQualifier_value>
        </GBQualifier>
        <GBQualifier>
          <GBQualifier_name>db_xref</GBQualifier_name>
          <GBQualifier_value>taxon:272562</GBQualifier_value>
        </GBQualifier>
      </GBFeature_quals>
    </GBFeature>
    <GBFeature>
      <GBFeature_key>Protein</GBFeature_key>
      <GBFeature_location>1..153</GBFeature_location>
      <GBFeature_intervals>
        <GBInterval>
          <GBInterval_from>1</GBInterval_from>
          <GBInterval_to>153</GBInterval_to>
          <GBInterval_accession>NP_349605.1</GBInterval_accession>
        </GBInterval>
      </GBFeature_intervals>
      <GBFeature_quals>
        <GBQualifier>
          <GBQualifier_name>product</GBQualifier_name>
          <GBQualifier_value>dihydrofolate reductase</GBQualifier_value>
        </GBQualifier>
        <GBQualifier>
          <GBQualifier_name>calculated_mol_wt</GBQualifier_name>
          <GBQualifier_value>17511</GBQualifier_value>
        </GBQualifier>
      </GBFeature_quals>
    </GBFeature>
    <GBFeature>
      <GBFeature_key>Region</GBFeature_key>
      <GBFeature_location>1..152</GBFeature_location>
      <GBFeature_intervals>
        <GBInterval>
          <GBInterval_from>1</GBInterval_from>
          <GBInterval_to>152</GBInterval_to>
          <GBInterval_accession>NP_349605.1</GBInterval_accession>
        </GBInterval>
      </GBFeature_intervals>
      <GBFeature_quals>
        <GBQualifier>
          <GBQualifier_name>region_name</GBQualifier_name>
          <GBQualifier_value>DHFR_1</GBQualifier_value>
        </GBQualifier>
        <GBQualifier>
          <GBQualifier_name>note</GBQualifier_name>
          <GBQualifier_value>Dihydrofolate reductase; pfam00186</GBQualifier_value>
        </GBQualifier>
        <GBQualifier>
          <GBQualifier_name>db_xref</GBQualifier_name>
          <GBQualifier_value>CDD:278610</GBQualifier_value>
        </GBQualifier>
      </GBFeature_quals>
    </GBFeature>
    <GBFeature>
      <GBFeature_key>Site</GBFeature_key>
      <GBFeature_location>order(5,22,27,57,95,101,114)</GBFeature_location>
      <GBFeature_intervals>
        <GBInterval>
          <GBInterval_point>5</GBInterval_point>
          <GBInterval_accession>NP_349605.1</GBInterval_accession>
        </GBInterval>
        <GBInterval>
          <GBInterval_point>22</GBInterval_point>
          <GBInterval_accession>NP_349605.1</GBInterval_accession>
        </GBInterval>
        <GBInterval>
          <GBInterval_point>27</GBInterval_point>
          <GBInterval_accession>NP_349605.1</GBInterval_accession>
        </GBInterval>
        <GBInterval>
          <GBInterval_point>57</GBInterval_point>
          <GBInterval_accession>NP_349605.1</GBInterval_accession>
        </GBInterval>
        <GBInterval>
          <GBInterval_point>95</GBInterval_point>
          <GBInterval_accession>NP_349605.1</GBInterval_accession>
        </GBInterval>
        <GBInterval>
          <GBInterval_point>101</GBInterval_point>
          <GBInterval_accession>NP_349605.1</GBInterval_accession>
        </GBInterval>
        <GBInterval>
          <GBInterval_point>114</GBInterval_point>
          <GBInterval_accession>NP_349605.1</GBInterval_accession>
        </GBInterval>
      </GBFeature_intervals>
      <GBFeature_operator>order</GBFeature_operator>
      <GBFeature_quals>
        <GBQualifier>
          <GBQualifier_name>site_type</GBQualifier_name>
          <GBQualifier_value>other</GBQualifier_value>
        </GBQualifier>
        <GBQualifier>
          <GBQualifier_name>note</GBQualifier_name>
          <GBQualifier_value>folate binding site [chemical binding]</GBQualifier_value>
        </GBQualifier>
        <GBQualifier>
          <GBQualifier_name>db_xref</GBQualifier_name>
          <GBQualifier_value>CDD:238127</GBQualifier_value>
        </GBQualifier>
      </GBFeature_quals>
    </GBFeature>
    <GBFeature>
      <GBFeature_key>Site</GBFeature_key>
      <GBFeature_location>order(7,14,44..46,64,96..99)</GBFeature_location>
      <GBFeature_intervals>
        <GBInterval>
          <GBInterval_point>7</GBInterval_point>
          <GBInterval_accession>NP_349605.1</GBInterval_accession>
        </GBInterval>
        <GBInterval>
          <GBInterval_point>14</GBInterval_point>
          <GBInterval_accession>NP_349605.1</GBInterval_accession>
        </GBInterval>
        <GBInterval>
          <GBInterval_from>44</GBInterval_from>
          <GBInterval_to>46</GBInterval_to>
          <GBInterval_accession>NP_349605.1</GBInterval_accession>
        </GBInterval>
        <GBInterval>
          <GBInterval_point>64</GBInterval_point>
          <GBInterval_accession>NP_349605.1</GBInterval_accession>
        </GBInterval>
        <GBInterval>
          <GBInterval_from>96</GBInterval_from>
          <GBInterval_to>99</GBInterval_to>
          <GBInterval_accession>NP_349605.1</GBInterval_accession>
        </GBInterval>
      </GBFeature_intervals>
      <GBFeature_operator>order</GBFeature_operator>
      <GBFeature_quals>
        <GBQualifier>
          <GBQualifier_name>site_type</GBQualifier_name>
          <GBQualifier_value>other</GBQualifier_value>
        </GBQualifier>
        <GBQualifier>
          <GBQualifier_name>note</GBQualifier_name>
          <GBQualifier_value>NADP+ binding site [chemical binding]</GBQualifier_value>
        </GBQualifier>
        <GBQualifier>
          <GBQualifier_name>db_xref</GBQualifier_name>
          <GBQualifier_value>CDD:238127</GBQualifier_value>
        </GBQualifier>
      </GBFeature_quals>
    </GBFeature>
    <GBFeature>
      <GBFeature_key>CDS</GBFeature_key>
      <GBFeature_location>1..153</GBFeature_location>
      <GBFeature_intervals>
        <GBInterval>
          <GBInterval_from>1</GBInterval_from>
          <GBInterval_to>153</GBInterval_to>
          <GBInterval_accession>NP_349605.1</GBInterval_accession>
        </GBInterval>
      </GBFeature_intervals>
      <GBFeature_quals>
        <GBQualifier>
          <GBQualifier_name>coded_by</GBQualifier_name>
          <GBQualifier_value>NC_003030.1:3141761..3142222</GBQualifier_value>
        </GBQualifier>
        <GBQualifier>
          <GBQualifier_name>transl_table</GBQualifier_name>
          <GBQualifier_value>11</GBQualifier_value>
        </GBQualifier>
      </GBFeature_quals>
    </GBFeature>
  </GBSeq_feature-table>
  <GBSeq_sequence>mlsiiaalnenyvignenkliwhisddlkrfkklttgktiimgrktfeslpgvlpnrkhivitknlnysrenvsivhsideiielkdtteenfiigggeiyralipycsilyltkvhsnqtgdaffpkfdendysiiatekhgdydfvtfkrr</GBSeq_sequence>
  <GBSeq_contig>join(WP_010966286.1:1..153)</GBSeq_contig>
  <GBSeq_xrefs>
    <GBXref>
      <GBXref_dbname>BioProject</GBXref_dbname>
      <GBXref_id>PRJNA57677</GBXref_id>
    </GBXref>
    <GBXref>
      <GBXref_dbname>Assembly</GBXref_dbname>
      <GBXref_id>GCF_000008765.1</GBXref_id>
    </GBXref>
  </GBSeq_xrefs>
</GBSeq>

</GBSet>

