<?xml version="1.0" ?>
<!DOCTYPE GBSet PUBLIC "-//NCBI//NCBI GBSeq/EN" "https://www.ncbi.nlm.nih.gov/dtd/NCBI_GBSeq.dtd">
<GBSet>
<GBSeq>
  <GBSeq_locus>NP_386231</GBSeq_locus>
  <GBSeq_length>180</GBSeq_length>
  <GBSeq_moltype>AA</GBSeq_moltype>
  <GBSeq_topology>linear</GBSeq_topology>
  <GBSeq_division>CON</GBSeq_division>
  <GBSeq_update-date>28-AUG-2016</GBSeq_update-date>
  <GBSeq_create-date>05-OCT-2001</GBSeq_create-date>
  <GBSeq_definition>dihydrofolate reductase [Sinorhizobium meliloti 1021]</GBSeq_definition>
  <GBSeq_primary-accession>NP_386231</GBSeq_primary-accession>
  <GBSeq_accession-version>NP_386231.1</GBSeq_accession-version>
  <GBSeq_other-seqids>
    <GBSeqid>ref|NP_386231.1|</GBSeqid>
    <GBSeqid>gi|15965878</GBSeqid>
  </GBSeq_other-seqids>
  <GBSeq_project>PRJNA57603</GBSeq_project>
  <GBSeq_keywords>
    <GBKeyword>RefSeq</GBKeyword>
  </GBSeq_keywords>
  <GBSeq_source>Sinorhizobium meliloti 1021</GBSeq_source>
  <GBSeq_organism>Sinorhizobium meliloti 1021</GBSeq_organism>
  <GBSeq_taxonomy>Bacteria; Proteobacteria; Alphaproteobacteria; Rhizobiales; Rhizobiaceae; Sinorhizobium/Ensifer group; Sinorhizobium</GBSeq_taxonomy>
  <GBSeq_references>
    <GBReference>
      <GBReference_reference>1</GBReference_reference>
      <GBReference_position>1..180</GBReference_position>
      <GBReference_authors>
        <GBAuthor>Capela,D.</GBAuthor>
        <GBAuthor>Barloy-Hubler,F.</GBAuthor>
        <GBAuthor>Gouzy,J.</GBAuthor>
        <GBAuthor>Bothe,G.</GBAuthor>
        <GBAuthor>Ampe,F.</GBAuthor>
        <GBAuthor>Batut,J.</GBAuthor>
        <GBAuthor>Boistard,P.</GBAuthor>
        <GBAuthor>Becker,A.</GBAuthor>
        <GBAuthor>Boutry,M.</GBAuthor>
        <GBAuthor>Cadieu,E.</GBAuthor>
        <GBAuthor>Dreano,S.</GBAuthor>
        <GBAuthor>Gloux,S.</GBAuthor>
        <GBAuthor>Godrie,T.</GBAuthor>
        <GBAuthor>Goffeau,A.</GBAuthor>
        <GBAuthor>Kahn,D.</GBAuthor>
        <GBAuthor>Kiss,E.</GBAuthor>
        <GBAuthor>Lelaure,V.</GBAuthor>
        <GBAuthor>Masuy,D.</GBAuthor>
        <GBAuthor>Pohl,T.</GBAuthor>
        <GBAuthor>Portetelle,D.</GBAuthor>
        <GBAuthor>Puehler,A.</GBAuthor>
        <GBAuthor>Purnelle,B.</GBAuthor>
        <GBAuthor>Ramsperger,U.</GBAuthor>
        <GBAuthor>Renard,C.</GBAuthor>
        <GBAuthor>Thebault,P.</GBAuthor>
        <GBAuthor>Vandenbol,M.</GBAuthor>
        <GBAuthor>Weidner,S.</GBAuthor>
        <GBAuthor>Galibert,F.</GBAuthor>
      </GBReference_authors>
      <GBReference_title>Analysis of the chromosome sequence of the legume symbiont Sinorhizobium meliloti strain 1021</GBReference_title>
      <GBReference_journal>Proc. Natl. Acad. Sci. U.S.A. 98 (17), 9877-9882 (2001)</GBReference_journal>
      <GBReference_pubmed>11481430</GBReference_pubmed>
    </GBReference>
    <GBReference>
      <GBReference_reference>2</GBReference_reference>
      <GBReference_position>1..180</GBReference_position>
      <GBReference_authors>
        <GBAuthor>Galibert,F.</GBAuthor>
        <GBAuthor>Finan,T.M.</GBAuthor>
        <GBAuthor>Long,S.R.</GBAuthor>
        <GBAuthor>Puhler,A.</GBAuthor>
        <GBAuthor>Abola,P.</GBAuthor>
        <GBAuthor>Ampe,F.</GBAuthor>
        <GBAuthor>Barloy-Hubler,F.</GBAuthor>
        <GBAuthor>Barnett,M.J.</GBAuthor>
        <GBAuthor>Becker,A.</GBAuthor>
        <GBAuthor>Boistard,P.</GBAuthor>
        <GBAuthor>Bothe,G.</GBAuthor>
        <GBAuthor>Boutry,M.</GBAuthor>
        <GBAuthor>Bowser,L.</GBAuthor>
        <GBAuthor>Buhrmester,J.</GBAuthor>
        <GBAuthor>Cadieu,E.</GBAuthor>
        <GBAuthor>Capela,D.</GBAuthor>
        <GBAuthor>Chain,P.</GBAuthor>
        <GBAuthor>Cowie,A.</GBAuthor>
        <GBAuthor>Davis,R.W.</GBAuthor>
        <GBAuthor>Dreano,S.</GBAuthor>
        <GBAuthor>Federspiel,N.A.</GBAuthor>
        <GBAuthor>Fisher,R.F.</GBAuthor>
        <GBAuthor>Gloux,S.</GBAuthor>
        <GBAuthor>Godrie,T.</GBAuthor>
        <GBAuthor>Goffeau,A.</GBAuthor>
        <GBAuthor>Golding,B.</GBAuthor>
        <GBAuthor>Gouzy,J.</GBAuthor>
        <GBAuthor>Gurjal,M.</GBAuthor>
        <GBAuthor>Hernandez-Lucas,I.</GBAuthor>
        <GBAuthor>Hong,A.</GBAuthor>
        <GBAuthor>Huizar,L.</GBAuthor>
        <GBAuthor>Hyman,R.W.</GBAuthor>
        <GBAuthor>Jones,T.</GBAuthor>
        <GBAuthor>Kahn,D.</GBAuthor>
        <GBAuthor>Kahn,M.L.</GBAuthor>
        <GBAuthor>Kalman,S.</GBAuthor>
        <GBAuthor>Keating,D.H.</GBAuthor>
        <GBAuthor>Kiss,E.</GBAuthor>
        <GBAuthor>Komp,C.</GBAuthor>
        <GBAuthor>Lelaure,V.</GBAuthor>
        <GBAuthor>Masuy,D.</GBAuthor>
        <GBAuthor>Palm,C.</GBAuthor>
        <GBAuthor>Peck,M.C.</GBAuthor>
        <GBAuthor>Pohl,T.M.</GBAuthor>
        <GBAuthor>Portetelle,D.</GBAuthor>
        <GBAuthor>Purnelle,B.</GBAuthor>
        <GBAuthor>Ramsperger,U.</GBAuthor>
        <GBAuthor>Surzycki,R.</GBAuthor>
        <GBAuthor>Thebault,P.</GBAuthor>
        <GBAuthor>Vandenbol,M.</GBAuthor>
        <GBAuthor>Vorholter,F.J.</GBAuthor>
        <GBAuthor>Weidner,S.</GBAuthor>
        <GBAuthor>Wells,D.H.</GBAuthor>
        <GBAuthor>Wong,K.</GBAuthor>
        <GBAuthor>Yeh,K.C.</GBAuthor>
        <GBAuthor>Batut,J.</GBAuthor>
      </GBReference_authors>
      <GBReference_title>The composite genome of the legume symbiont Sinorhizobium meliloti</GBReference_title>
      <GBReference_journal>Science 293 (5530), 668-672 (2001)</GBReference_journal>
      <GBReference_pubmed>11474104</GBReference_pubmed>
    </GBReference>
    <GBReference>
      <GBReference_reference>3</GBReference_reference>
      <GBReference_position>1..180</GBReference_position>
      <GBReference_consortium>NCBI Genome Project</GBReference_consortium>
      <GBReference_title>Direct Submission</GBReference_title>
      <GBReference_journal>Submitted (05-OCT-2001) National Center for Biotechnology Information, NIH, Bethesda, MD 20894, USA</GBReference_journal>
    </GBReference>
    <GBReference>
      <GBReference_reference>4</GBReference_reference>
      <GBReference_position>1..180</GBReference_position>
      <GBReference_authors>
        <GBAuthor>Gouzy,J.</GBAuthor>
      </GBReference_authors>
      <GBReference_consortium>MELILO EU Consortium</GBReference_consortium>
      <GBReference_title>Direct Submission</GBReference_title>
      <GBReference_journal>Submitted (26-JUL-2001) MELILO EU Consortium</GBReference_journal>
    </GBReference>
  </GBSeq_references>
  <GBSeq_comment>PROVISIONAL REFSEQ: This record has not yet been subject to final NCBI review. The reference sequence is identical to CAC46704.; RefSeq Category: Reference Genome COM: Community Selected UPR: UniProt Genome; Method: conceptual translation.</GBSeq_comment>
  <GBSeq_source-db>REFSEQ: accession NC_003047.1</GBSeq_source-db>
  <GBSeq_feature-table>
    <GBFeature>
      <GBFeature_key>source</GBFeature_key>
      <GBFeature_location>1..180</GBFeature_location>
      <GBFeature_intervals>
        <GBInterval>
          <GBInterval_from>1</GBInterval_from>
          <GBInterval_to>180</GBInterval_to>
          <GBInterval_accession>NP_386231.1</GBInterval_accession>
        </GBInterval>
      </GBFeature_intervals>
      <GBFeature_quals>
        <GBQualifier>
          <GBQualifier_name>organism</GBQualifier_name>
          <GBQualifier_value>Sinorhizobium meliloti 1021</GBQualifier_value>
        </GBQualifier>
        <GBQualifier>
          <GBQualifier_name>strain</GBQualifier_name>
          <GBQualifier_value>1021</GBQualifier_value>
        </GBQualifier>
        <GBQualifier>
          <GBQualifier_name>db_xref</GBQualifier_name>
          <GBQualifier_value>taxon:266834</GBQualifier_value>
        </GBQualifier>
      </GBFeature_quals>
    </GBFeature>
    <GBFeature>
      <GBFeature_key>Protein</GBFeature_key>
      <GBFeature_location>1..180</GBFeature_location>
      <GBFeature_intervals>
        <GBInterval>
          <GBInterval_from>1</GBInterval_from>
          <GBInterval_to>180</GBInterval_to>
          <GBInterval_accession>NP_386231.1</GBInterval_accession>
        </GBInterval>
      </GBFeature_intervals>
      <GBFeature_quals>
        <GBQualifier>
          <GBQualifier_name>product</GBQualifier_name>
          <GBQualifier_value>dihydrofolate reductase</GBQualifier_value>
        </GBQualifier>
        <GBQualifier>
          <GBQualifier_name>EC_number</GBQualifier_name>
          <GBQualifier_value>1.5.1.3</GBQualifier_value>
        </GBQualifier>
        <GBQualifier>
          <GBQualifier_name>function</GBQualifier_name>
          <GBQualifier_value>small molecule metabolism; biosynthesis of cofactors, carriers; folic acid</GBQualifier_value>
        </GBQualifier>
        <GBQualifier>
          <GBQualifier_name>calculated_mol_wt</GBQualifier_name>
          <GBQualifier_value>19406</GBQualifier_value>
        </GBQualifier>
      </GBFeature_quals>
    </GBFeature>
    <GBFeature>
      <GBFeature_key>Region</GBFeature_key>
      <GBFeature_location>7..169</GBFeature_location>
      <GBFeature_intervals>
        <GBInterval>
          <GBInterval_from>7</GBInterval_from>
          <GBInterval_to>169</GBInterval_to>
          <GBInterval_accession>NP_386231.1</GBInterval_accession>
        </GBInterval>
      </GBFeature_intervals>
      <GBFeature_quals>
        <GBQualifier>
          <GBQualifier_name>region_name</GBQualifier_name>
          <GBQualifier_value>DHFR</GBQualifier_value>
        </GBQualifier>
        <GBQualifier>
          <GBQualifier_name>note</GBQualifier_name>
          <GBQualifier_value>Dihydrofolate reductase (DHFR). Reduces 7,8-dihydrofolate to 5,6,7,8-tetrahydrofolate with NADPH as a cofactor. This is an essential step in the biosynthesis of deoxythymidine phosphate since 5,6,7,8-tetrahydrofolate is required to regenerate 5; cd00209</GBQualifier_value>
        </GBQualifier>
        <GBQualifier>
          <GBQualifier_name>db_xref</GBQualifier_name>
          <GBQualifier_value>CDD:238127</GBQualifier_value>
        </GBQualifier>
      </GBFeature_quals>
    </GBFeature>
    <GBFeature>
      <GBFeature_key>Site</GBFeature_key>
      <GBFeature_location>order(10,27,32,62,106,112,125)</GBFeature_location>
      <GBFeature_intervals>
        <GBInterval>
          <GBInterval_point>10</GBInterval_point>
          <GBInterval_accession>NP_386231.1</GBInterval_accession>
        </GBInterval>
        <GBInterval>
          <GBInterval_point>27</GBInterval_point>
          <GBInterval_accession>NP_386231.1</GBInterval_accession>
        </GBInterval>
        <GBInterval>
          <GBInterval_point>32</GBInterval_point>
          <GBInterval_accession>NP_386231.1</GBInterval_accession>
        </GBInterval>
        <GBInterval>
          <GBInterval_point>62</GBInterval_point>
          <GBInterval_accession>NP_386231.1</GBInterval_accession>
        </GBInterval>
        <GBInterval>
          <GBInterval_point>106</GBInterval_point>
          <GBInterval_accession>NP_386231.1</GBInterval_accession>
        </GBInterval>
        <GBInterval>
          <GBInterval_point>112</GBInterval_point>
          <GBInterval_accession>NP_386231.1</GBInterval_accession>
        </GBInterval>
        <GBInterval>
          <GBInterval_point>125</GBInterval_point>
          <GBInterval_accession>NP_386231.1</GBInterval_accession>
        </GBInterval>
      </GBFeature_intervals>
      <GBFeature_operator>order</GBFeature_operator>
      <GBFeature_quals>
        <GBQualifier>
          <GBQualifier_name>site_type</GBQualifier_name>
          <GBQualifier_value>other</GBQualifier_value>
        </GBQualifier>
        <GBQualifier>
          <GBQualifier_name>note</GBQualifier_name>
          <GBQualifier_value>folate binding site [chemical binding]</GBQualifier_value>
        </GBQualifier>
        <GBQualifier>
          <GBQualifier_name>db_xref</GBQualifier_name>
          <GBQualifier_value>CDD:238127</GBQualifier_value>
        </GBQualifier>
      </GBFeature_quals>
    </GBFeature>
    <GBFeature>
      <GBFeature_key>Site</GBFeature_key>
      <GBFeature_location>order(12,19,49..51,69,107..110)</GBFeature_location>
      <GBFeature_intervals>
        <GBInterval>
          <GBInterval_point>12</GBInterval_point>
          <GBInterval_accession>NP_386231.1</GBInterval_accession>
        </GBInterval>
        <GBInterval>
          <GBInterval_point>19</GBInterval_point>
          <GBInterval_accession>NP_386231.1</GBInterval_accession>
        </GBInterval>
        <GBInterval>
          <GBInterval_from>49</GBInterval_from>
          <GBInterval_to>51</GBInterval_to>
          <GBInterval_accession>NP_386231.1</GBInterval_accession>
        </GBInterval>
        <GBInterval>
          <GBInterval_point>69</GBInterval_point>
          <GBInterval_accession>NP_386231.1</GBInterval_accession>
        </GBInterval>
        <GBInterval>
          <GBInterval_from>107</GBInterval_from>
          <GBInterval_to>110</GBInterval_to>
          <GBInterval_accession>NP_386231.1</GBInterval_accession>
        </GBInterval>
      </GBFeature_intervals>
      <GBFeature_operator>order</GBFeature_operator>
      <GBFeature_quals>
        <GBQualifier>
          <GBQualifier_name>site_type</GBQualifier_name>
          <GBQualifier_value>other</GBQualifier_value>
        </GBQualifier>
        <GBQualifier>
          <GBQualifier_name>note</GBQualifier_name>
          <GBQualifier_value>NADP+ binding site [chemical binding]</GBQualifier_value>
        </GBQualifier>
        <GBQualifier>
          <GBQualifier_name>db_xref</GBQualifier_name>
          <GBQualifier_value>CDD:238127</GBQualifier_value>
        </GBQualifier>
      </GBFeature_quals>
    </GBFeature>
    <GBFeature>
      <GBFeature_key>CDS</GBFeature_key>
      <GBFeature_location>1..180</GBFeature_location>
      <GBFeature_intervals>
        <GBInterval>
          <GBInterval_from>1</GBInterval_from>
          <GBInterval_to>180</GBInterval_to>
          <GBInterval_accession>NP_386231.1</GBInterval_accession>
        </GBInterval>
      </GBFeature_intervals>
      <GBFeature_quals>
        <GBQualifier>
          <GBQualifier_name>coded_by</GBQualifier_name>
          <GBQualifier_value>complement(NC_003047.1:2286901..2287443)</GBQualifier_value>
        </GBQualifier>
        <GBQualifier>
          <GBQualifier_name>note</GBQualifier_name>
          <GBQualifier_value>Product confidence : probable; Gene name confidence : probable; predicted by Codon_usage; predicted by Homology; predicted by FrameD</GBQualifier_value>
        </GBQualifier>
        <GBQualifier>
          <GBQualifier_name>transl_table</GBQualifier_name>
          <GBQualifier_value>11</GBQualifier_value>
        </GBQualifier>
      </GBFeature_quals>
    </GBFeature>
  </GBSeq_feature-table>
  <GBSeq_sequence>mttrpkivfvvavaangiigregdlpwrlstdlkrfkaltigkpvvmgrktwaslgrplpgrpnivisrnpdfeapgaevapsletaltiareraaavgadeiciigggeiyrqsigmadvlhvtevqaevdgdtrfpsidpatfekvmeedlprsekdshamhfvtwrrrtpppegaga</GBSeq_sequence>
  <GBSeq_contig>join(WP_010969713.1:1..180)</GBSeq_contig>
  <GBSeq_xrefs>
    <GBXref>
      <GBXref_dbname>BioProject</GBXref_dbname>
      <GBXref_id>PRJNA57603</GBXref_id>
    </GBXref>
    <GBXref>
      <GBXref_dbname>Assembly</GBXref_dbname>
      <GBXref_id>GCF_000006965.1</GBXref_id>
    </GBXref>
  </GBSeq_xrefs>
</GBSeq>

</GBSet>

