<?xml version="1.0" ?>
<!DOCTYPE GBSet PUBLIC "-//NCBI//NCBI GBSeq/EN" "https://www.ncbi.nlm.nih.gov/dtd/NCBI_GBSeq.dtd">
<GBSet>
<GBSeq>
  <GBSeq_locus>NP_302063</GBSeq_locus>
  <GBSeq_length>165</GBSeq_length>
  <GBSeq_moltype>AA</GBSeq_moltype>
  <GBSeq_topology>linear</GBSeq_topology>
  <GBSeq_division>CON</GBSeq_division>
  <GBSeq_update-date>28-AUG-2016</GBSeq_update-date>
  <GBSeq_create-date>02-OCT-2001</GBSeq_create-date>
  <GBSeq_definition>dihydrofolate reductase [Mycobacterium leprae TN]</GBSeq_definition>
  <GBSeq_primary-accession>NP_302063</GBSeq_primary-accession>
  <GBSeq_accession-version>NP_302063.1</GBSeq_accession-version>
  <GBSeq_other-seqids>
    <GBSeqid>ref|NP_302063.1|</GBSeqid>
    <GBSeqid>gi|15827800</GBSeqid>
  </GBSeq_other-seqids>
  <GBSeq_project>PRJNA57697</GBSeq_project>
  <GBSeq_keywords>
    <GBKeyword>RefSeq</GBKeyword>
  </GBSeq_keywords>
  <GBSeq_source>Mycobacterium leprae TN</GBSeq_source>
  <GBSeq_organism>Mycobacterium leprae TN</GBSeq_organism>
  <GBSeq_taxonomy>Bacteria; Actinobacteria; Corynebacteriales; Mycobacteriaceae; Mycobacterium</GBSeq_taxonomy>
  <GBSeq_references>
    <GBReference>
      <GBReference_reference>1</GBReference_reference>
      <GBReference_position>1..165</GBReference_position>
      <GBReference_authors>
        <GBAuthor>Cole,S.T.</GBAuthor>
        <GBAuthor>Eiglmeier,K.</GBAuthor>
        <GBAuthor>Parkhill,J.</GBAuthor>
        <GBAuthor>James,K.D.</GBAuthor>
        <GBAuthor>Thomson,N.R.</GBAuthor>
        <GBAuthor>Wheeler,P.R.</GBAuthor>
        <GBAuthor>Honore,N.</GBAuthor>
        <GBAuthor>Ganier,T.</GBAuthor>
        <GBAuthor>Churcher,C.</GBAuthor>
        <GBAuthor>Harris,D.</GBAuthor>
        <GBAuthor>Mungall,K.</GBAuthor>
        <GBAuthor>Basham,D.</GBAuthor>
        <GBAuthor>Brown,D.</GBAuthor>
        <GBAuthor>Chillingworth,T.</GBAuthor>
        <GBAuthor>Connor,R.</GBAuthor>
        <GBAuthor>Davies,R.M.</GBAuthor>
        <GBAuthor>Devlin,K.</GBAuthor>
        <GBAuthor>Duthoy,S.</GBAuthor>
        <GBAuthor>Feltwell,T.</GBAuthor>
        <GBAuthor>Fraser,A.</GBAuthor>
        <GBAuthor>Hamlin,N.</GBAuthor>
        <GBAuthor>Holroyd,S.</GBAuthor>
        <GBAuthor>Hornsby,T.</GBAuthor>
        <GBAuthor>Jagels,K.</GBAuthor>
        <GBAuthor>Lacroix,C.</GBAuthor>
        <GBAuthor>Maclean,J.</GBAuthor>
        <GBAuthor>Moule,S.</GBAuthor>
        <GBAuthor>Murphy,L.</GBAuthor>
        <GBAuthor>Oliver</GBAuthor>
        <GBAuthor>Quail,M.A.</GBAuthor>
        <GBAuthor>Rajandream,M.-A.</GBAuthor>
        <GBAuthor>Rutherford,K.M.</GBAuthor>
        <GBAuthor>Rutter,S.</GBAuthor>
        <GBAuthor>Seeger,K.</GBAuthor>
        <GBAuthor>Simon,S.</GBAuthor>
        <GBAuthor>Simmonds,M.</GBAuthor>
        <GBAuthor>Skelton,J.</GBAuthor>
        <GBAuthor>Squares,R.</GBAuthor>
        <GBAuthor>Squares,S.</GBAuthor>
        <GBAuthor>Stevens,K.</GBAuthor>
        <GBAuthor>Taylor,K.</GBAuthor>
        <GBAuthor>Whitehead,S.</GBAuthor>
        <GBAuthor>Woodward,J.R.</GBAuthor>
        <GBAuthor>Barrell,B.G.</GBAuthor>
      </GBReference_authors>
      <GBReference_title>Massive gene decay in the leprosy bacillus</GBReference_title>
      <GBReference_journal>Nature 409 (6823), 1007-1011 (2001)</GBReference_journal>
      <GBReference_pubmed>11234002</GBReference_pubmed>
    </GBReference>
    <GBReference>
      <GBReference_reference>2</GBReference_reference>
      <GBReference_position>1..165</GBReference_position>
      <GBReference_authors>
        <GBAuthor>Eiglmeier,K.</GBAuthor>
        <GBAuthor>Honore,N.</GBAuthor>
        <GBAuthor>Woods,S.A.</GBAuthor>
        <GBAuthor>Caudron,B.</GBAuthor>
        <GBAuthor>Cole,S.T.</GBAuthor>
      </GBReference_authors>
      <GBReference_title>Use of an ordered cosmid library to deduce the genomic organization of Mycobacterium leprae</GBReference_title>
      <GBReference_journal>Mol. Microbiol. 7 (2), 197-206 (1993)</GBReference_journal>
      <GBReference_pubmed>8446027</GBReference_pubmed>
    </GBReference>
    <GBReference>
      <GBReference_reference>3</GBReference_reference>
      <GBReference_position>1..165</GBReference_position>
      <GBReference_consortium>NCBI Genome Project</GBReference_consortium>
      <GBReference_title>Direct Submission</GBReference_title>
      <GBReference_journal>Submitted (02-OCT-2001) National Center for Biotechnology Information, NIH, Bethesda, MD 20894, USA</GBReference_journal>
    </GBReference>
    <GBReference>
      <GBReference_reference>4</GBReference_reference>
      <GBReference_position>1..165</GBReference_position>
      <GBReference_authors>
        <GBAuthor>Parkhill,J.</GBAuthor>
      </GBReference_authors>
      <GBReference_consortium>NCBI Microbial Genomes Annotation Project</GBReference_consortium>
      <GBReference_title>Direct Submission</GBReference_title>
      <GBReference_journal>Submitted (20-FEB-2001) The Sanger Centre, Wellcome Trust Genome Campus, Hinxton, Cambridge CB10 1SA, United Kingdom</GBReference_journal>
    </GBReference>
  </GBSeq_references>
  <GBSeq_comment>PROVISIONAL REFSEQ: This record has not yet been subject to final NCBI review. The reference sequence is identical to CAC30469.; Method: conceptual translation.</GBSeq_comment>
  <GBSeq_source-db>REFSEQ: accession NC_002677.1</GBSeq_source-db>
  <GBSeq_feature-table>
    <GBFeature>
      <GBFeature_key>source</GBFeature_key>
      <GBFeature_location>1..165</GBFeature_location>
      <GBFeature_intervals>
        <GBInterval>
          <GBInterval_from>1</GBInterval_from>
          <GBInterval_to>165</GBInterval_to>
          <GBInterval_accession>NP_302063.1</GBInterval_accession>
        </GBInterval>
      </GBFeature_intervals>
      <GBFeature_quals>
        <GBQualifier>
          <GBQualifier_name>organism</GBQualifier_name>
          <GBQualifier_value>Mycobacterium leprae TN</GBQualifier_value>
        </GBQualifier>
        <GBQualifier>
          <GBQualifier_name>strain</GBQualifier_name>
          <GBQualifier_value>TN</GBQualifier_value>
        </GBQualifier>
        <GBQualifier>
          <GBQualifier_name>db_xref</GBQualifier_name>
          <GBQualifier_value>taxon:272631</GBQualifier_value>
        </GBQualifier>
      </GBFeature_quals>
    </GBFeature>
    <GBFeature>
      <GBFeature_key>Protein</GBFeature_key>
      <GBFeature_location>1..165</GBFeature_location>
      <GBFeature_intervals>
        <GBInterval>
          <GBInterval_from>1</GBInterval_from>
          <GBInterval_to>165</GBInterval_to>
          <GBInterval_accession>NP_302063.1</GBInterval_accession>
        </GBInterval>
      </GBFeature_intervals>
      <GBFeature_quals>
        <GBQualifier>
          <GBQualifier_name>product</GBQualifier_name>
          <GBQualifier_value>dihydrofolate reductase</GBQualifier_value>
        </GBQualifier>
        <GBQualifier>
          <GBQualifier_name>calculated_mol_wt</GBQualifier_name>
          <GBQualifier_value>18378</GBQualifier_value>
        </GBQualifier>
      </GBFeature_quals>
    </GBFeature>
    <GBFeature>
      <GBFeature_key>Region</GBFeature_key>
      <GBFeature_location>4..141</GBFeature_location>
      <GBFeature_intervals>
        <GBInterval>
          <GBInterval_from>4</GBInterval_from>
          <GBInterval_to>141</GBInterval_to>
          <GBInterval_accession>NP_302063.1</GBInterval_accession>
        </GBInterval>
      </GBFeature_intervals>
      <GBFeature_quals>
        <GBQualifier>
          <GBQualifier_name>region_name</GBQualifier_name>
          <GBQualifier_value>DHFR_1</GBQualifier_value>
        </GBQualifier>
        <GBQualifier>
          <GBQualifier_name>note</GBQualifier_name>
          <GBQualifier_value>Dihydrofolate reductase; pfam00186</GBQualifier_value>
        </GBQualifier>
        <GBQualifier>
          <GBQualifier_name>db_xref</GBQualifier_name>
          <GBQualifier_value>CDD:278610</GBQualifier_value>
        </GBQualifier>
      </GBFeature_quals>
    </GBFeature>
    <GBFeature>
      <GBFeature_key>Site</GBFeature_key>
      <GBFeature_location>order(7,24,29,62,100,106,119)</GBFeature_location>
      <GBFeature_intervals>
        <GBInterval>
          <GBInterval_point>7</GBInterval_point>
          <GBInterval_accession>NP_302063.1</GBInterval_accession>
        </GBInterval>
        <GBInterval>
          <GBInterval_point>24</GBInterval_point>
          <GBInterval_accession>NP_302063.1</GBInterval_accession>
        </GBInterval>
        <GBInterval>
          <GBInterval_point>29</GBInterval_point>
          <GBInterval_accession>NP_302063.1</GBInterval_accession>
        </GBInterval>
        <GBInterval>
          <GBInterval_point>62</GBInterval_point>
          <GBInterval_accession>NP_302063.1</GBInterval_accession>
        </GBInterval>
        <GBInterval>
          <GBInterval_point>100</GBInterval_point>
          <GBInterval_accession>NP_302063.1</GBInterval_accession>
        </GBInterval>
        <GBInterval>
          <GBInterval_point>106</GBInterval_point>
          <GBInterval_accession>NP_302063.1</GBInterval_accession>
        </GBInterval>
        <GBInterval>
          <GBInterval_point>119</GBInterval_point>
          <GBInterval_accession>NP_302063.1</GBInterval_accession>
        </GBInterval>
      </GBFeature_intervals>
      <GBFeature_operator>order</GBFeature_operator>
      <GBFeature_quals>
        <GBQualifier>
          <GBQualifier_name>site_type</GBQualifier_name>
          <GBQualifier_value>other</GBQualifier_value>
        </GBQualifier>
        <GBQualifier>
          <GBQualifier_name>note</GBQualifier_name>
          <GBQualifier_value>folate binding site [chemical binding]</GBQualifier_value>
        </GBQualifier>
        <GBQualifier>
          <GBQualifier_name>db_xref</GBQualifier_name>
          <GBQualifier_value>CDD:238127</GBQualifier_value>
        </GBQualifier>
      </GBFeature_quals>
    </GBFeature>
    <GBFeature>
      <GBFeature_key>Site</GBFeature_key>
      <GBFeature_location>order(9,16,46..48,69,101..104)</GBFeature_location>
      <GBFeature_intervals>
        <GBInterval>
          <GBInterval_point>9</GBInterval_point>
          <GBInterval_accession>NP_302063.1</GBInterval_accession>
        </GBInterval>
        <GBInterval>
          <GBInterval_point>16</GBInterval_point>
          <GBInterval_accession>NP_302063.1</GBInterval_accession>
        </GBInterval>
        <GBInterval>
          <GBInterval_from>46</GBInterval_from>
          <GBInterval_to>48</GBInterval_to>
          <GBInterval_accession>NP_302063.1</GBInterval_accession>
        </GBInterval>
        <GBInterval>
          <GBInterval_point>69</GBInterval_point>
          <GBInterval_accession>NP_302063.1</GBInterval_accession>
        </GBInterval>
        <GBInterval>
          <GBInterval_from>101</GBInterval_from>
          <GBInterval_to>104</GBInterval_to>
          <GBInterval_accession>NP_302063.1</GBInterval_accession>
        </GBInterval>
      </GBFeature_intervals>
      <GBFeature_operator>order</GBFeature_operator>
      <GBFeature_quals>
        <GBQualifier>
          <GBQualifier_name>site_type</GBQualifier_name>
          <GBQualifier_value>other</GBQualifier_value>
        </GBQualifier>
        <GBQualifier>
          <GBQualifier_name>note</GBQualifier_name>
          <GBQualifier_value>NADP+ binding site [chemical binding]</GBQualifier_value>
        </GBQualifier>
        <GBQualifier>
          <GBQualifier_name>db_xref</GBQualifier_name>
          <GBQualifier_value>CDD:238127</GBQualifier_value>
        </GBQualifier>
      </GBFeature_quals>
    </GBFeature>
    <GBFeature>
      <GBFeature_key>CDS</GBFeature_key>
      <GBFeature_location>1..165</GBFeature_location>
      <GBFeature_intervals>
        <GBInterval>
          <GBInterval_from>1</GBInterval_from>
          <GBInterval_to>165</GBInterval_to>
          <GBInterval_accession>NP_302063.1</GBInterval_accession>
        </GBInterval>
      </GBFeature_intervals>
      <GBFeature_quals>
        <GBQualifier>
          <GBQualifier_name>gene</GBQualifier_name>
          <GBQualifier_value>folA</GBQualifier_value>
        </GBQualifier>
        <GBQualifier>
          <GBQualifier_name>locus_tag</GBQualifier_name>
          <GBQualifier_value>ML1518</GBQualifier_value>
        </GBQualifier>
        <GBQualifier>
          <GBQualifier_name>coded_by</GBQualifier_name>
          <GBQualifier_value>complement(NC_002677.1:1832476..1832973)</GBQualifier_value>
        </GBQualifier>
        <GBQualifier>
          <GBQualifier_name>transl_table</GBQualifier_name>
          <GBQualifier_value>11</GBQualifier_value>
        </GBQualifier>
        <GBQualifier>
          <GBQualifier_name>db_xref</GBQualifier_name>
          <GBQualifier_value>GeneID:909551</GBQualifier_value>
        </GBQualifier>
      </GBFeature_quals>
    </GBFeature>
  </GBSeq_feature-table>
  <GBSeq_sequence>mtvvgliwaqsttgvigrdggmpwrvpedltrfkqltmghpvvmgrrtwdslpvgvrplpgrrnivlsrqidfmaegaevfgsleetisnletepemwviggeqiyrlalplatrcgvtevdtyllhedddvlapvlddtwvgvtgewlvscsglryrlhsyhrs</GBSeq_sequence>
  <GBSeq_contig>join(WP_010908384.1:1..165)</GBSeq_contig>
  <GBSeq_xrefs>
    <GBXref>
      <GBXref_dbname>BioProject</GBXref_dbname>
      <GBXref_id>PRJNA57697</GBXref_id>
    </GBXref>
    <GBXref>
      <GBXref_dbname>Assembly</GBXref_dbname>
      <GBXref_id>GCF_000195855.1</GBXref_id>
    </GBXref>
  </GBSeq_xrefs>
</GBSeq>

</GBSet>

