<?xml version="1.0" ?>
<!DOCTYPE GBSet PUBLIC "-//NCBI//NCBI GBSeq/EN" "https://www.ncbi.nlm.nih.gov/dtd/NCBI_GBSeq.dtd">
<GBSet>
<GBSeq>
  <GBSeq_locus>NP_355014</GBSeq_locus>
  <GBSeq_length>175</GBSeq_length>
  <GBSeq_moltype>AA</GBSeq_moltype>
  <GBSeq_topology>linear</GBSeq_topology>
  <GBSeq_division>CON</GBSeq_division>
  <GBSeq_update-date>03-AUG-2016</GBSeq_update-date>
  <GBSeq_create-date>03-OCT-2001</GBSeq_create-date>
  <GBSeq_definition>dihydrofolate reductase [Agrobacterium fabrum str. C58]</GBSeq_definition>
  <GBSeq_primary-accession>NP_355014</GBSeq_primary-accession>
  <GBSeq_accession-version>NP_355014.1</GBSeq_accession-version>
  <GBSeq_other-seqids>
    <GBSeqid>ref|NP_355014.1|</GBSeqid>
    <GBSeqid>gi|15889333</GBSeqid>
  </GBSeq_other-seqids>
  <GBSeq_project>PRJNA57865</GBSeq_project>
  <GBSeq_keywords>
    <GBKeyword>RefSeq</GBKeyword>
  </GBSeq_keywords>
  <GBSeq_source>Agrobacterium fabrum str. C58</GBSeq_source>
  <GBSeq_organism>Agrobacterium fabrum str. C58</GBSeq_organism>
  <GBSeq_taxonomy>Bacteria; Proteobacteria; Alphaproteobacteria; Rhizobiales; Rhizobiaceae; Rhizobium/Agrobacterium group; Agrobacterium; Agrobacterium tumefaciens complex</GBSeq_taxonomy>
  <GBSeq_references>
    <GBReference>
      <GBReference_reference>1</GBReference_reference>
      <GBReference_position>1..175</GBReference_position>
      <GBReference_authors>
        <GBAuthor>Goodner,B.</GBAuthor>
        <GBAuthor>Hinkle,G.</GBAuthor>
        <GBAuthor>Gattung,S.</GBAuthor>
        <GBAuthor>Miller,N.</GBAuthor>
        <GBAuthor>Blanchard,M.</GBAuthor>
        <GBAuthor>Qurollo,B.</GBAuthor>
        <GBAuthor>Goldman,B.S.</GBAuthor>
        <GBAuthor>Cao,Y.</GBAuthor>
        <GBAuthor>Askenazi,M.</GBAuthor>
        <GBAuthor>Halling,C.</GBAuthor>
        <GBAuthor>Mullin,L.</GBAuthor>
        <GBAuthor>Houmiel,K.</GBAuthor>
        <GBAuthor>Gordon,J.</GBAuthor>
        <GBAuthor>Vaudin,M.</GBAuthor>
        <GBAuthor>Iartchouk,O.</GBAuthor>
        <GBAuthor>Epp,A.</GBAuthor>
        <GBAuthor>Liu,F.</GBAuthor>
        <GBAuthor>Wollam,C.</GBAuthor>
        <GBAuthor>Allinger,M.</GBAuthor>
        <GBAuthor>Doughty,D.</GBAuthor>
        <GBAuthor>Scott,C.</GBAuthor>
        <GBAuthor>Lappas,C.</GBAuthor>
        <GBAuthor>Markelz,B.</GBAuthor>
        <GBAuthor>Flanagan,C.</GBAuthor>
        <GBAuthor>Crowell,C.</GBAuthor>
        <GBAuthor>Gurson,J.</GBAuthor>
        <GBAuthor>Lomo,C.</GBAuthor>
        <GBAuthor>Sear,C.</GBAuthor>
        <GBAuthor>Strub,G.</GBAuthor>
        <GBAuthor>Cielo,C.</GBAuthor>
        <GBAuthor>Slater,S.</GBAuthor>
      </GBReference_authors>
      <GBReference_title>Genome sequence of the plant pathogen and biotechnology agent Agrobacterium tumefaciens C58</GBReference_title>
      <GBReference_journal>Science 294 (5550), 2323-2328 (2001)</GBReference_journal>
      <GBReference_xref>
        <GBXref>
          <GBXref_dbname>doi</GBXref_dbname>
          <GBXref_id>10.1126/science.1066803</GBXref_id>
        </GBXref>
      </GBReference_xref>
      <GBReference_pubmed>11743194</GBReference_pubmed>
    </GBReference>
    <GBReference>
      <GBReference_reference>2</GBReference_reference>
      <GBReference_position>1..175</GBReference_position>
      <GBReference_authors>
        <GBAuthor>Wood,D.W.</GBAuthor>
        <GBAuthor>Setubal,J.C.</GBAuthor>
        <GBAuthor>Kaul,R.</GBAuthor>
        <GBAuthor>Monks,D.E.</GBAuthor>
        <GBAuthor>Kitajima,J.P.</GBAuthor>
        <GBAuthor>Okura,V.K.</GBAuthor>
        <GBAuthor>Zhou,Y.</GBAuthor>
        <GBAuthor>Chen,L.</GBAuthor>
        <GBAuthor>Wood,G.E.</GBAuthor>
        <GBAuthor>Almeida,N.F. Jr.</GBAuthor>
        <GBAuthor>Woo,L.</GBAuthor>
        <GBAuthor>Chen,Y.</GBAuthor>
        <GBAuthor>Paulsen,I.T.</GBAuthor>
        <GBAuthor>Eisen,J.A.</GBAuthor>
        <GBAuthor>Karp,P.D.</GBAuthor>
        <GBAuthor>Bovee,D. Sr.</GBAuthor>
        <GBAuthor>Chapman,P.</GBAuthor>
        <GBAuthor>Clendenning,J.</GBAuthor>
        <GBAuthor>Deatherage,G.</GBAuthor>
        <GBAuthor>Gillet,W.</GBAuthor>
        <GBAuthor>Grant,C.</GBAuthor>
        <GBAuthor>Kutyavin,T.</GBAuthor>
        <GBAuthor>Levy,R.</GBAuthor>
        <GBAuthor>Li,M.J.</GBAuthor>
        <GBAuthor>McClelland,E.</GBAuthor>
        <GBAuthor>Palmieri,A.</GBAuthor>
        <GBAuthor>Raymond,C.</GBAuthor>
        <GBAuthor>Rouse,G.</GBAuthor>
        <GBAuthor>Saenphimmachak,C.</GBAuthor>
        <GBAuthor>Wu,Z.</GBAuthor>
        <GBAuthor>Romero,P.</GBAuthor>
        <GBAuthor>Gordon,D.</GBAuthor>
        <GBAuthor>Zhang,S.</GBAuthor>
        <GBAuthor>Yoo,H.</GBAuthor>
        <GBAuthor>Tao,Y.</GBAuthor>
        <GBAuthor>Biddle,P.</GBAuthor>
        <GBAuthor>Jung,M.</GBAuthor>
        <GBAuthor>Krespan,W.</GBAuthor>
        <GBAuthor>Perry,M.</GBAuthor>
        <GBAuthor>Gordon-Kamm,B.</GBAuthor>
        <GBAuthor>Liao,L.</GBAuthor>
        <GBAuthor>Kim,S.</GBAuthor>
        <GBAuthor>Hendrick,C.</GBAuthor>
        <GBAuthor>Zhao,Z.Y.</GBAuthor>
        <GBAuthor>Dolan,M.</GBAuthor>
        <GBAuthor>Chumley,F.</GBAuthor>
        <GBAuthor>Tingey,S.V.</GBAuthor>
        <GBAuthor>Tomb,J.F.</GBAuthor>
        <GBAuthor>Gordon,M.P.</GBAuthor>
        <GBAuthor>Olson,M.V.</GBAuthor>
        <GBAuthor>Nester,E.W.</GBAuthor>
      </GBReference_authors>
      <GBReference_title>The genome of the natural genetic engineer Agrobacterium tumefaciens C58</GBReference_title>
      <GBReference_journal>Science 294 (5550), 2317-2323 (2001)</GBReference_journal>
      <GBReference_xref>
        <GBXref>
          <GBXref_dbname>doi</GBXref_dbname>
          <GBXref_id>10.1126/science.1066804</GBXref_id>
        </GBXref>
      </GBReference_xref>
      <GBReference_pubmed>11743193</GBReference_pubmed>
    </GBReference>
    <GBReference>
      <GBReference_reference>3</GBReference_reference>
      <GBReference_position>1..175</GBReference_position>
      <GBReference_authors>
        <GBAuthor>Hinkle,G.</GBAuthor>
        <GBAuthor>Slater,S.C.</GBAuthor>
        <GBAuthor>Goodner,B.</GBAuthor>
      </GBReference_authors>
      <GBReference_title>Complete Genome Sequence of Agrobacterium tumefaciens C58 (Rhizobium radiobacter C58), the Causative Agent of Crown Gall Disease in Plants</GBReference_title>
      <GBReference_journal>Unpublished</GBReference_journal>
    </GBReference>
    <GBReference>
      <GBReference_reference>4</GBReference_reference>
      <GBReference_position>1..175</GBReference_position>
      <GBReference_consortium>NCBI Genome Project</GBReference_consortium>
      <GBReference_title>Direct Submission</GBReference_title>
      <GBReference_journal>Submitted (03-DEC-2012) National Center for Biotechnology Information, NIH, Bethesda, MD 20894, USA</GBReference_journal>
    </GBReference>
    <GBReference>
      <GBReference_reference>5</GBReference_reference>
      <GBReference_position>1..175</GBReference_position>
      <GBReference_authors>
        <GBAuthor>Slater,S.C.</GBAuthor>
        <GBAuthor>Setubal,J.C.</GBAuthor>
        <GBAuthor>Zhao,Y.</GBAuthor>
        <GBAuthor>Goodner,B.</GBAuthor>
        <GBAuthor>Houmiel,K.</GBAuthor>
        <GBAuthor>Sun,J.</GBAuthor>
        <GBAuthor>Kaul,R.</GBAuthor>
        <GBAuthor>Goldman,B.</GBAuthor>
        <GBAuthor>Chen,Q.</GBAuthor>
        <GBAuthor>Huang,W.Mun.</GBAuthor>
        <GBAuthor>Casjens,S.</GBAuthor>
        <GBAuthor>Farrand,S.</GBAuthor>
        <GBAuthor>Burr,T.</GBAuthor>
        <GBAuthor>Nester,E.</GBAuthor>
        <GBAuthor>Kadoi,R.</GBAuthor>
        <GBAuthor>Ostheimer,T.</GBAuthor>
        <GBAuthor>Pride,N.</GBAuthor>
        <GBAuthor>Sabo,A.</GBAuthor>
        <GBAuthor>Henry,E.</GBAuthor>
        <GBAuthor>Telepak,E.</GBAuthor>
        <GBAuthor>Wood,D.</GBAuthor>
      </GBReference_authors>
      <GBReference_consortium>agrobacterium.org</GBReference_consortium>
      <GBReference_title>Direct Submission</GBReference_title>
      <GBReference_journal>Submitted (30-OCT-2007) Virginia Bioinformatics institute, Virginia Polytechnic Institute and State University, Washington Street Box 0477, Blacksburg, VA 24060, USA</GBReference_journal>
      <GBReference_remark>Sequence update by submitter</GBReference_remark>
    </GBReference>
    <GBReference>
      <GBReference_reference>6</GBReference_reference>
      <GBReference_position>1..175</GBReference_position>
      <GBReference_authors>
        <GBAuthor>Hinkle,G.</GBAuthor>
        <GBAuthor>Slater,S.C.</GBAuthor>
        <GBAuthor>Goodner,B.</GBAuthor>
      </GBReference_authors>
      <GBReference_title>Direct Submission</GBReference_title>
      <GBReference_journal>Submitted (14-AUG-2001) Cereon Genomics, 45 Sidney Street, Cambridge, MA 02139, USA</GBReference_journal>
    </GBReference>
  </GBSeq_references>
  <GBSeq_comment>REVIEWED REFSEQ: This record has been curated by NCBI staff. The reference sequence is identical to AAK87799.; RefSeq Category: Reference Genome TYS: Designated Type Strain UPR: UniProt Genome; Method: conceptual translation.</GBSeq_comment>
  <GBSeq_source-db>REFSEQ: accession NC_003062.2</GBSeq_source-db>
  <GBSeq_feature-table>
    <GBFeature>
      <GBFeature_key>source</GBFeature_key>
      <GBFeature_location>1..175</GBFeature_location>
      <GBFeature_intervals>
        <GBInterval>
          <GBInterval_from>1</GBInterval_from>
          <GBInterval_to>175</GBInterval_to>
          <GBInterval_accession>NP_355014.1</GBInterval_accession>
        </GBInterval>
      </GBFeature_intervals>
      <GBFeature_quals>
        <GBQualifier>
          <GBQualifier_name>organism</GBQualifier_name>
          <GBQualifier_value>Agrobacterium fabrum str. C58</GBQualifier_value>
        </GBQualifier>
        <GBQualifier>
          <GBQualifier_name>strain</GBQualifier_name>
          <GBQualifier_value>C58</GBQualifier_value>
        </GBQualifier>
        <GBQualifier>
          <GBQualifier_name>culture_collection</GBQualifier_name>
          <GBQualifier_value>ATCC:33970</GBQualifier_value>
        </GBQualifier>
        <GBQualifier>
          <GBQualifier_name>db_xref</GBQualifier_name>
          <GBQualifier_value>taxon:176299</GBQualifier_value>
        </GBQualifier>
        <GBQualifier>
          <GBQualifier_name>chromosome</GBQualifier_name>
          <GBQualifier_value>circular</GBQualifier_value>
        </GBQualifier>
      </GBFeature_quals>
    </GBFeature>
    <GBFeature>
      <GBFeature_key>Protein</GBFeature_key>
      <GBFeature_location>1..175</GBFeature_location>
      <GBFeature_intervals>
        <GBInterval>
          <GBInterval_from>1</GBInterval_from>
          <GBInterval_to>175</GBInterval_to>
          <GBInterval_accession>NP_355014.1</GBInterval_accession>
        </GBInterval>
      </GBFeature_intervals>
      <GBFeature_quals>
        <GBQualifier>
          <GBQualifier_name>product</GBQualifier_name>
          <GBQualifier_value>dihydrofolate reductase</GBQualifier_value>
        </GBQualifier>
        <GBQualifier>
          <GBQualifier_name>calculated_mol_wt</GBQualifier_name>
          <GBQualifier_value>19066</GBQualifier_value>
        </GBQualifier>
      </GBFeature_quals>
    </GBFeature>
    <GBFeature>
      <GBFeature_key>Region</GBFeature_key>
      <GBFeature_location>5..170</GBFeature_location>
      <GBFeature_intervals>
        <GBInterval>
          <GBInterval_from>5</GBInterval_from>
          <GBInterval_to>170</GBInterval_to>
          <GBInterval_accession>NP_355014.1</GBInterval_accession>
        </GBInterval>
      </GBFeature_intervals>
      <GBFeature_quals>
        <GBQualifier>
          <GBQualifier_name>region_name</GBQualifier_name>
          <GBQualifier_value>DHFR_1</GBQualifier_value>
        </GBQualifier>
        <GBQualifier>
          <GBQualifier_name>note</GBQualifier_name>
          <GBQualifier_value>Dihydrofolate reductase; pfam00186</GBQualifier_value>
        </GBQualifier>
        <GBQualifier>
          <GBQualifier_name>db_xref</GBQualifier_name>
          <GBQualifier_value>CDD:278610</GBQualifier_value>
        </GBQualifier>
      </GBFeature_quals>
    </GBFeature>
    <GBFeature>
      <GBFeature_key>Site</GBFeature_key>
      <GBFeature_location>order(9,26,31,62,106,112,125)</GBFeature_location>
      <GBFeature_intervals>
        <GBInterval>
          <GBInterval_point>9</GBInterval_point>
          <GBInterval_accession>NP_355014.1</GBInterval_accession>
        </GBInterval>
        <GBInterval>
          <GBInterval_point>26</GBInterval_point>
          <GBInterval_accession>NP_355014.1</GBInterval_accession>
        </GBInterval>
        <GBInterval>
          <GBInterval_point>31</GBInterval_point>
          <GBInterval_accession>NP_355014.1</GBInterval_accession>
        </GBInterval>
        <GBInterval>
          <GBInterval_point>62</GBInterval_point>
          <GBInterval_accession>NP_355014.1</GBInterval_accession>
        </GBInterval>
        <GBInterval>
          <GBInterval_point>106</GBInterval_point>
          <GBInterval_accession>NP_355014.1</GBInterval_accession>
        </GBInterval>
        <GBInterval>
          <GBInterval_point>112</GBInterval_point>
          <GBInterval_accession>NP_355014.1</GBInterval_accession>
        </GBInterval>
        <GBInterval>
          <GBInterval_point>125</GBInterval_point>
          <GBInterval_accession>NP_355014.1</GBInterval_accession>
        </GBInterval>
      </GBFeature_intervals>
      <GBFeature_operator>order</GBFeature_operator>
      <GBFeature_quals>
        <GBQualifier>
          <GBQualifier_name>site_type</GBQualifier_name>
          <GBQualifier_value>other</GBQualifier_value>
        </GBQualifier>
        <GBQualifier>
          <GBQualifier_name>note</GBQualifier_name>
          <GBQualifier_value>folate binding site [chemical binding]</GBQualifier_value>
        </GBQualifier>
        <GBQualifier>
          <GBQualifier_name>db_xref</GBQualifier_name>
          <GBQualifier_value>CDD:238127</GBQualifier_value>
        </GBQualifier>
      </GBFeature_quals>
    </GBFeature>
    <GBFeature>
      <GBFeature_key>Site</GBFeature_key>
      <GBFeature_location>order(11,18,48..50,69,107..110)</GBFeature_location>
      <GBFeature_intervals>
        <GBInterval>
          <GBInterval_point>11</GBInterval_point>
          <GBInterval_accession>NP_355014.1</GBInterval_accession>
        </GBInterval>
        <GBInterval>
          <GBInterval_point>18</GBInterval_point>
          <GBInterval_accession>NP_355014.1</GBInterval_accession>
        </GBInterval>
        <GBInterval>
          <GBInterval_from>48</GBInterval_from>
          <GBInterval_to>50</GBInterval_to>
          <GBInterval_accession>NP_355014.1</GBInterval_accession>
        </GBInterval>
        <GBInterval>
          <GBInterval_point>69</GBInterval_point>
          <GBInterval_accession>NP_355014.1</GBInterval_accession>
        </GBInterval>
        <GBInterval>
          <GBInterval_from>107</GBInterval_from>
          <GBInterval_to>110</GBInterval_to>
          <GBInterval_accession>NP_355014.1</GBInterval_accession>
        </GBInterval>
      </GBFeature_intervals>
      <GBFeature_operator>order</GBFeature_operator>
      <GBFeature_quals>
        <GBQualifier>
          <GBQualifier_name>site_type</GBQualifier_name>
          <GBQualifier_value>other</GBQualifier_value>
        </GBQualifier>
        <GBQualifier>
          <GBQualifier_name>note</GBQualifier_name>
          <GBQualifier_value>NADP+ binding site [chemical binding]</GBQualifier_value>
        </GBQualifier>
        <GBQualifier>
          <GBQualifier_name>db_xref</GBQualifier_name>
          <GBQualifier_value>CDD:238127</GBQualifier_value>
        </GBQualifier>
      </GBFeature_quals>
    </GBFeature>
    <GBFeature>
      <GBFeature_key>CDS</GBFeature_key>
      <GBFeature_location>1..175</GBFeature_location>
      <GBFeature_intervals>
        <GBInterval>
          <GBInterval_from>1</GBInterval_from>
          <GBInterval_to>175</GBInterval_to>
          <GBInterval_accession>NP_355014.1</GBInterval_accession>
        </GBInterval>
      </GBFeature_intervals>
      <GBFeature_quals>
        <GBQualifier>
          <GBQualifier_name>gene</GBQualifier_name>
          <GBQualifier_value>folA</GBQualifier_value>
        </GBQualifier>
        <GBQualifier>
          <GBQualifier_name>locus_tag</GBQualifier_name>
          <GBQualifier_value>Atu2046</GBQualifier_value>
        </GBQualifier>
        <GBQualifier>
          <GBQualifier_name>old_locus_tag</GBQualifier_name>
          <GBQualifier_value>AGR_C_3708</GBQualifier_value>
        </GBQualifier>
        <GBQualifier>
          <GBQualifier_name>coded_by</GBQualifier_name>
          <GBQualifier_value>complement(NC_003062.2:2005331..2005858)</GBQualifier_value>
        </GBQualifier>
        <GBQualifier>
          <GBQualifier_name>transl_table</GBQualifier_name>
          <GBQualifier_value>11</GBQualifier_value>
        </GBQualifier>
        <GBQualifier>
          <GBQualifier_name>db_xref</GBQualifier_name>
          <GBQualifier_value>GeneID:1134084</GBQualifier_value>
        </GBQualifier>
      </GBFeature_quals>
    </GBFeature>
  </GBSeq_feature-table>
  <GBSeq_sequence>mseprvtiivavsengvigrdldmpwklstdlkrfkamtmgkplimgrktflsvgerplpgrphiivsrnadyrpegvdvvssldeavklaktkavelgvdevfvagggeiyrqampfadqlsvthvavkldgdtffpeidpavfekteekaasagekdnypvlfttyvrraaak</GBSeq_sequence>
  <GBSeq_contig>join(WP_010972020.1:1..175)</GBSeq_contig>
  <GBSeq_xrefs>
    <GBXref>
      <GBXref_dbname>BioProject</GBXref_dbname>
      <GBXref_id>PRJNA57865</GBXref_id>
    </GBXref>
    <GBXref>
      <GBXref_dbname>Assembly</GBXref_dbname>
      <GBXref_id>GCF_000092025.1</GBXref_id>
    </GBXref>
  </GBSeq_xrefs>
</GBSeq>

</GBSet>

