<?xml version="1.0" ?>
<!DOCTYPE GBSet PUBLIC "-//NCBI//NCBI GBSeq/EN" "https://www.ncbi.nlm.nih.gov/dtd/NCBI_GBSeq.dtd">
<GBSet>
<GBSeq>
  <GBSeq_locus>NP_359022</GBSeq_locus>
  <GBSeq_length>168</GBSeq_length>
  <GBSeq_moltype>AA</GBSeq_moltype>
  <GBSeq_topology>linear</GBSeq_topology>
  <GBSeq_division>CON</GBSeq_division>
  <GBSeq_update-date>03-AUG-2016</GBSeq_update-date>
  <GBSeq_create-date>06-SEP-2001</GBSeq_create-date>
  <GBSeq_definition>dihydrofolate reductase [Streptococcus pneumoniae R6]</GBSeq_definition>
  <GBSeq_primary-accession>NP_359022</GBSeq_primary-accession>
  <GBSeq_accession-version>NP_359022.1</GBSeq_accession-version>
  <GBSeq_other-seqids>
    <GBSeqid>ref|NP_359022.1|</GBSeqid>
    <GBSeqid>gi|15903472</GBSeqid>
  </GBSeq_other-seqids>
  <GBSeq_project>PRJNA57859</GBSeq_project>
  <GBSeq_keywords>
    <GBKeyword>RefSeq</GBKeyword>
  </GBSeq_keywords>
  <GBSeq_source>Streptococcus pneumoniae R6</GBSeq_source>
  <GBSeq_organism>Streptococcus pneumoniae R6</GBSeq_organism>
  <GBSeq_taxonomy>Bacteria; Firmicutes; Bacilli; Lactobacillales; Streptococcaceae; Streptococcus</GBSeq_taxonomy>
  <GBSeq_references>
    <GBReference>
      <GBReference_reference>1</GBReference_reference>
      <GBReference_position>1..168</GBReference_position>
      <GBReference_authors>
        <GBAuthor>Hoskins,J.A.</GBAuthor>
        <GBAuthor>Alborn,W. Jr.</GBAuthor>
        <GBAuthor>Arnold,J.</GBAuthor>
        <GBAuthor>Blaszczak,L.</GBAuthor>
        <GBAuthor>Burgett,S.</GBAuthor>
        <GBAuthor>DeHoff,B.S.</GBAuthor>
        <GBAuthor>Estrem,S.</GBAuthor>
        <GBAuthor>Fritz,L.</GBAuthor>
        <GBAuthor>Fu,D.-J.</GBAuthor>
        <GBAuthor>Fuller,W.</GBAuthor>
        <GBAuthor>Geringer,C.</GBAuthor>
        <GBAuthor>Gilmour,R.</GBAuthor>
        <GBAuthor>Glass,J.S.</GBAuthor>
        <GBAuthor>Khoja,H.</GBAuthor>
        <GBAuthor>Kraft,A.</GBAuthor>
        <GBAuthor>LaGace,R.</GBAuthor>
        <GBAuthor>LeBlanc,D.J.</GBAuthor>
        <GBAuthor>Lee,L.N.</GBAuthor>
        <GBAuthor>Lefkowitz,E.J.</GBAuthor>
        <GBAuthor>Lu,J.</GBAuthor>
        <GBAuthor>Matsushima,P.</GBAuthor>
        <GBAuthor>McAhren,S.</GBAuthor>
        <GBAuthor>McHenney,M.</GBAuthor>
        <GBAuthor>McLeaster,K.</GBAuthor>
        <GBAuthor>Mundy,C.</GBAuthor>
        <GBAuthor>Nicas,T.I.</GBAuthor>
        <GBAuthor>Norris,F.H.</GBAuthor>
        <GBAuthor>O&apos;Gara,M.</GBAuthor>
        <GBAuthor>Peery,R.</GBAuthor>
        <GBAuthor>Robertson,G.T.</GBAuthor>
        <GBAuthor>Rockey,P.</GBAuthor>
        <GBAuthor>Sun,P.-M.</GBAuthor>
        <GBAuthor>Winkler,M.E.</GBAuthor>
        <GBAuthor>Yang,Y.</GBAuthor>
        <GBAuthor>Young-Bellido,M.</GBAuthor>
        <GBAuthor>Zhao,G.</GBAuthor>
        <GBAuthor>Zook,C.</GBAuthor>
        <GBAuthor>Baltz,R.H.</GBAuthor>
        <GBAuthor>Jaskunas,S.Richard.</GBAuthor>
        <GBAuthor>Rosteck,P.R. Jr.</GBAuthor>
        <GBAuthor>Skatrud,P.L.</GBAuthor>
        <GBAuthor>Glass,J.I.</GBAuthor>
      </GBReference_authors>
      <GBReference_title>Genome of the bacterium Streptococcus pneumoniae strain R6</GBReference_title>
      <GBReference_journal>J. Bacteriol. 183 (19), 5709-5717 (2001)</GBReference_journal>
      <GBReference_pubmed>11544234</GBReference_pubmed>
    </GBReference>
    <GBReference>
      <GBReference_reference>2</GBReference_reference>
      <GBReference_position>1..168</GBReference_position>
      <GBReference_consortium>NCBI Genome Project</GBReference_consortium>
      <GBReference_title>Direct Submission</GBReference_title>
      <GBReference_journal>Submitted (03-OCT-2001) National Center for Biotechnology Information, NIH, Bethesda, MD 20894, USA</GBReference_journal>
    </GBReference>
    <GBReference>
      <GBReference_reference>3</GBReference_reference>
      <GBReference_position>1..168</GBReference_position>
      <GBReference_authors>
        <GBAuthor>Hoskins,J.A.</GBAuthor>
        <GBAuthor>Alborn,W. Jr.</GBAuthor>
        <GBAuthor>Arnold,J.</GBAuthor>
        <GBAuthor>Blaszczak,L.</GBAuthor>
        <GBAuthor>Burgett,S.</GBAuthor>
        <GBAuthor>DeHoff,B.S.</GBAuthor>
        <GBAuthor>Estrem,S.</GBAuthor>
        <GBAuthor>Fritz,L.</GBAuthor>
        <GBAuthor>Fu,D.-J.</GBAuthor>
        <GBAuthor>Fuller,W.</GBAuthor>
        <GBAuthor>Geringer,C.</GBAuthor>
        <GBAuthor>Gilmour,R.</GBAuthor>
        <GBAuthor>Glass,J.S.</GBAuthor>
        <GBAuthor>Hann,A.</GBAuthor>
        <GBAuthor>Khoja,H.</GBAuthor>
        <GBAuthor>Kraft,A.</GBAuthor>
        <GBAuthor>LaGace,R.</GBAuthor>
        <GBAuthor>LeBlanc,D.J.</GBAuthor>
        <GBAuthor>Lee,L.N.</GBAuthor>
        <GBAuthor>Lefkowitz,E.J.</GBAuthor>
        <GBAuthor>Lu,J.</GBAuthor>
        <GBAuthor>Matsushima,P.</GBAuthor>
        <GBAuthor>McAhren,S.</GBAuthor>
        <GBAuthor>McHenney,M.</GBAuthor>
        <GBAuthor>McLeaster,K.</GBAuthor>
        <GBAuthor>Mundy,C.</GBAuthor>
        <GBAuthor>Nicas,T.I.</GBAuthor>
        <GBAuthor>Norris,F.H.</GBAuthor>
        <GBAuthor>O&apos;Gara,M.</GBAuthor>
        <GBAuthor>Peery,R.</GBAuthor>
        <GBAuthor>Robertson,G.T.</GBAuthor>
        <GBAuthor>Rockey,P.</GBAuthor>
        <GBAuthor>Sun,P.-M.</GBAuthor>
        <GBAuthor>Winkler,M.E.</GBAuthor>
        <GBAuthor>Yang,Y.</GBAuthor>
        <GBAuthor>Young-Bellido,M.</GBAuthor>
        <GBAuthor>Zhao,G.</GBAuthor>
        <GBAuthor>Zook,C.</GBAuthor>
        <GBAuthor>Baltz,R.H.</GBAuthor>
        <GBAuthor>Jaskunas,S.Richard.</GBAuthor>
        <GBAuthor>Rosteck,P.R. Jr.</GBAuthor>
        <GBAuthor>Skatrud,P.L.</GBAuthor>
        <GBAuthor>Glass,J.I.</GBAuthor>
      </GBReference_authors>
      <GBReference_title>Direct Submission</GBReference_title>
      <GBReference_journal>Submitted (27-JUL-2001) Infectious Diseases Research, Eli Lilly and Company, Lilly Research Labs, Indianapolis, IN 46285-0438, USA</GBReference_journal>
    </GBReference>
  </GBSeq_references>
  <GBSeq_comment>PROVISIONAL REFSEQ: This record has not yet been subject to final NCBI review. The reference sequence was derived from AAL00233.; RefSeq Category: Reference Genome UPR: UniProt Genome; Method: conceptual translation.</GBSeq_comment>
  <GBSeq_source-db>REFSEQ: accession NC_003098.1</GBSeq_source-db>
  <GBSeq_feature-table>
    <GBFeature>
      <GBFeature_key>source</GBFeature_key>
      <GBFeature_location>1..168</GBFeature_location>
      <GBFeature_intervals>
        <GBInterval>
          <GBInterval_from>1</GBInterval_from>
          <GBInterval_to>168</GBInterval_to>
          <GBInterval_accession>NP_359022.1</GBInterval_accession>
        </GBInterval>
      </GBFeature_intervals>
      <GBFeature_quals>
        <GBQualifier>
          <GBQualifier_name>organism</GBQualifier_name>
          <GBQualifier_value>Streptococcus pneumoniae R6</GBQualifier_value>
        </GBQualifier>
        <GBQualifier>
          <GBQualifier_name>strain</GBQualifier_name>
          <GBQualifier_value>R6</GBQualifier_value>
        </GBQualifier>
        <GBQualifier>
          <GBQualifier_name>db_xref</GBQualifier_name>
          <GBQualifier_value>taxon:171101</GBQualifier_value>
        </GBQualifier>
      </GBFeature_quals>
    </GBFeature>
    <GBFeature>
      <GBFeature_key>Protein</GBFeature_key>
      <GBFeature_location>1..168</GBFeature_location>
      <GBFeature_intervals>
        <GBInterval>
          <GBInterval_from>1</GBInterval_from>
          <GBInterval_to>168</GBInterval_to>
          <GBInterval_accession>NP_359022.1</GBInterval_accession>
        </GBInterval>
      </GBFeature_intervals>
      <GBFeature_quals>
        <GBQualifier>
          <GBQualifier_name>product</GBQualifier_name>
          <GBQualifier_value>dihydrofolate reductase</GBQualifier_value>
        </GBQualifier>
        <GBQualifier>
          <GBQualifier_name>EC_number</GBQualifier_name>
          <GBQualifier_value>1.5.1.3</GBQualifier_value>
        </GBQualifier>
        <GBQualifier>
          <GBQualifier_name>calculated_mol_wt</GBQualifier_name>
          <GBQualifier_value>19630</GBQualifier_value>
        </GBQualifier>
      </GBFeature_quals>
    </GBFeature>
    <GBFeature>
      <GBFeature_key>Region</GBFeature_key>
      <GBFeature_location>4..165</GBFeature_location>
      <GBFeature_intervals>
        <GBInterval>
          <GBInterval_from>4</GBInterval_from>
          <GBInterval_to>165</GBInterval_to>
          <GBInterval_accession>NP_359022.1</GBInterval_accession>
        </GBInterval>
      </GBFeature_intervals>
      <GBFeature_quals>
        <GBQualifier>
          <GBQualifier_name>region_name</GBQualifier_name>
          <GBQualifier_value>DHFR_1</GBQualifier_value>
        </GBQualifier>
        <GBQualifier>
          <GBQualifier_name>note</GBQualifier_name>
          <GBQualifier_value>Dihydrofolate reductase; pfam00186</GBQualifier_value>
        </GBQualifier>
        <GBQualifier>
          <GBQualifier_name>db_xref</GBQualifier_name>
          <GBQualifier_value>CDD:278610</GBQualifier_value>
        </GBQualifier>
      </GBFeature_quals>
    </GBFeature>
    <GBFeature>
      <GBFeature_key>Site</GBFeature_key>
      <GBFeature_location>order(8,25,30,61,100,106,119)</GBFeature_location>
      <GBFeature_intervals>
        <GBInterval>
          <GBInterval_point>8</GBInterval_point>
          <GBInterval_accession>NP_359022.1</GBInterval_accession>
        </GBInterval>
        <GBInterval>
          <GBInterval_point>25</GBInterval_point>
          <GBInterval_accession>NP_359022.1</GBInterval_accession>
        </GBInterval>
        <GBInterval>
          <GBInterval_point>30</GBInterval_point>
          <GBInterval_accession>NP_359022.1</GBInterval_accession>
        </GBInterval>
        <GBInterval>
          <GBInterval_point>61</GBInterval_point>
          <GBInterval_accession>NP_359022.1</GBInterval_accession>
        </GBInterval>
        <GBInterval>
          <GBInterval_point>100</GBInterval_point>
          <GBInterval_accession>NP_359022.1</GBInterval_accession>
        </GBInterval>
        <GBInterval>
          <GBInterval_point>106</GBInterval_point>
          <GBInterval_accession>NP_359022.1</GBInterval_accession>
        </GBInterval>
        <GBInterval>
          <GBInterval_point>119</GBInterval_point>
          <GBInterval_accession>NP_359022.1</GBInterval_accession>
        </GBInterval>
      </GBFeature_intervals>
      <GBFeature_operator>order</GBFeature_operator>
      <GBFeature_quals>
        <GBQualifier>
          <GBQualifier_name>site_type</GBQualifier_name>
          <GBQualifier_value>other</GBQualifier_value>
        </GBQualifier>
        <GBQualifier>
          <GBQualifier_name>note</GBQualifier_name>
          <GBQualifier_value>folate binding site [chemical binding]</GBQualifier_value>
        </GBQualifier>
        <GBQualifier>
          <GBQualifier_name>db_xref</GBQualifier_name>
          <GBQualifier_value>CDD:238127</GBQualifier_value>
        </GBQualifier>
      </GBFeature_quals>
    </GBFeature>
    <GBFeature>
      <GBFeature_key>Site</GBFeature_key>
      <GBFeature_location>order(10,17,47..49,68,101..104)</GBFeature_location>
      <GBFeature_intervals>
        <GBInterval>
          <GBInterval_point>10</GBInterval_point>
          <GBInterval_accession>NP_359022.1</GBInterval_accession>
        </GBInterval>
        <GBInterval>
          <GBInterval_point>17</GBInterval_point>
          <GBInterval_accession>NP_359022.1</GBInterval_accession>
        </GBInterval>
        <GBInterval>
          <GBInterval_from>47</GBInterval_from>
          <GBInterval_to>49</GBInterval_to>
          <GBInterval_accession>NP_359022.1</GBInterval_accession>
        </GBInterval>
        <GBInterval>
          <GBInterval_point>68</GBInterval_point>
          <GBInterval_accession>NP_359022.1</GBInterval_accession>
        </GBInterval>
        <GBInterval>
          <GBInterval_from>101</GBInterval_from>
          <GBInterval_to>104</GBInterval_to>
          <GBInterval_accession>NP_359022.1</GBInterval_accession>
        </GBInterval>
      </GBFeature_intervals>
      <GBFeature_operator>order</GBFeature_operator>
      <GBFeature_quals>
        <GBQualifier>
          <GBQualifier_name>site_type</GBQualifier_name>
          <GBQualifier_value>other</GBQualifier_value>
        </GBQualifier>
        <GBQualifier>
          <GBQualifier_name>note</GBQualifier_name>
          <GBQualifier_value>NADP+ binding site [chemical binding]</GBQualifier_value>
        </GBQualifier>
        <GBQualifier>
          <GBQualifier_name>db_xref</GBQualifier_name>
          <GBQualifier_value>CDD:238127</GBQualifier_value>
        </GBQualifier>
      </GBFeature_quals>
    </GBFeature>
    <GBFeature>
      <GBFeature_key>CDS</GBFeature_key>
      <GBFeature_location>1..168</GBFeature_location>
      <GBFeature_intervals>
        <GBInterval>
          <GBInterval_from>1</GBInterval_from>
          <GBInterval_to>168</GBInterval_to>
          <GBInterval_accession>NP_359022.1</GBInterval_accession>
        </GBInterval>
      </GBFeature_intervals>
      <GBFeature_quals>
        <GBQualifier>
          <GBQualifier_name>gene</GBQualifier_name>
          <GBQualifier_value>dfr</GBQualifier_value>
        </GBQualifier>
        <GBQualifier>
          <GBQualifier_name>locus_tag</GBQualifier_name>
          <GBQualifier_value>spr1429</GBQualifier_value>
        </GBQualifier>
        <GBQualifier>
          <GBQualifier_name>coded_by</GBQualifier_name>
          <GBQualifier_value>complement(NC_003098.1:1412861..1413367)</GBQualifier_value>
        </GBQualifier>
        <GBQualifier>
          <GBQualifier_name>transl_table</GBQualifier_name>
          <GBQualifier_value>11</GBQualifier_value>
        </GBQualifier>
        <GBQualifier>
          <GBQualifier_name>db_xref</GBQualifier_name>
          <GBQualifier_value>GeneID:933011</GBQualifier_value>
        </GBQualifier>
      </GBFeature_quals>
    </GBFeature>
  </GBSeq_feature-table>
  <GBSeq_sequence>mtkkivaiwaqdeegligkenrlpwhlpaelqhfkettlnhailmgrvtfdgmgrrllpkretliltrnpeekidgvatfqdvqsvldwyqdqeknlyiiggkqifqafepyldevivthiharvegdtyfpeeldlslfetvsskfyakdeknpydftiqyrkrkev</GBSeq_sequence>
  <GBSeq_contig>join(WP_000162439.1:1..168)</GBSeq_contig>
  <GBSeq_xrefs>
    <GBXref>
      <GBXref_dbname>BioProject</GBXref_dbname>
      <GBXref_id>PRJNA57859</GBXref_id>
    </GBXref>
    <GBXref>
      <GBXref_dbname>Assembly</GBXref_dbname>
      <GBXref_id>GCF_000007045.1</GBXref_id>
    </GBXref>
  </GBSeq_xrefs>
</GBSeq>

</GBSet>

