<?xml version="1.0" ?>
<!DOCTYPE GBSet PUBLIC "-//NCBI//NCBI GBSeq/EN" "https://www.ncbi.nlm.nih.gov/dtd/NCBI_GBSeq.dtd">
<GBSet>
<GBSeq>
  <GBSeq_locus>NP_466095</GBSeq_locus>
  <GBSeq_length>174</GBSeq_length>
  <GBSeq_moltype>AA</GBSeq_moltype>
  <GBSeq_topology>linear</GBSeq_topology>
  <GBSeq_division>CON</GBSeq_division>
  <GBSeq_update-date>28-AUG-2016</GBSeq_update-date>
  <GBSeq_create-date>08-NOV-2001</GBSeq_create-date>
  <GBSeq_definition>dihydrofolate reductase subunit A [Listeria monocytogenes EGD-e]</GBSeq_definition>
  <GBSeq_primary-accession>NP_466095</GBSeq_primary-accession>
  <GBSeq_accession-version>NP_466095.1</GBSeq_accession-version>
  <GBSeq_other-seqids>
    <GBSeqid>ref|NP_466095.1|</GBSeqid>
    <GBSeqid>gi|16804610</GBSeqid>
  </GBSeq_other-seqids>
  <GBSeq_project>PRJNA61583</GBSeq_project>
  <GBSeq_keywords>
    <GBKeyword>RefSeq</GBKeyword>
  </GBSeq_keywords>
  <GBSeq_source>Listeria monocytogenes EGD-e</GBSeq_source>
  <GBSeq_organism>Listeria monocytogenes EGD-e</GBSeq_organism>
  <GBSeq_taxonomy>Bacteria; Firmicutes; Bacilli; Bacillales; Listeriaceae; Listeria</GBSeq_taxonomy>
  <GBSeq_references>
    <GBReference>
      <GBReference_reference>1</GBReference_reference>
      <GBReference_position>1..174</GBReference_position>
      <GBReference_authors>
        <GBAuthor>Toledo-Arana,A.</GBAuthor>
        <GBAuthor>Dussurget,O.</GBAuthor>
        <GBAuthor>Nikitas,G.</GBAuthor>
        <GBAuthor>Sesto,N.</GBAuthor>
        <GBAuthor>Guet-Revillet,H.</GBAuthor>
        <GBAuthor>Balestrino,D.</GBAuthor>
        <GBAuthor>Loh,E.</GBAuthor>
        <GBAuthor>Gripenland,J.</GBAuthor>
        <GBAuthor>Tiensuu,T.</GBAuthor>
        <GBAuthor>Vaitkevicius,K.</GBAuthor>
        <GBAuthor>Barthelemy,M.</GBAuthor>
        <GBAuthor>Vergassola,M.</GBAuthor>
        <GBAuthor>Nahori,M.A.</GBAuthor>
        <GBAuthor>Soubigou,G.</GBAuthor>
        <GBAuthor>Regnault,B.</GBAuthor>
        <GBAuthor>Coppee,J.Y.</GBAuthor>
        <GBAuthor>Lecuit,M.</GBAuthor>
        <GBAuthor>Johansson,J.</GBAuthor>
        <GBAuthor>Cossart,P.</GBAuthor>
      </GBReference_authors>
      <GBReference_title>The Listeria transcriptional landscape from saprophytism to virulence</GBReference_title>
      <GBReference_journal>Nature 459 (7249), 950-956 (2009)</GBReference_journal>
      <GBReference_xref>
        <GBXref>
          <GBXref_dbname>doi</GBXref_dbname>
          <GBXref_id>10.1038/nature08080</GBXref_id>
        </GBXref>
      </GBReference_xref>
      <GBReference_pubmed>19448609</GBReference_pubmed>
    </GBReference>
    <GBReference>
      <GBReference_reference>2</GBReference_reference>
      <GBReference_position>1..174</GBReference_position>
      <GBReference_authors>
        <GBAuthor>Chatterjee,S.S.</GBAuthor>
        <GBAuthor>Hossain,H.</GBAuthor>
        <GBAuthor>Otten,S.</GBAuthor>
        <GBAuthor>Kuenne,C.</GBAuthor>
        <GBAuthor>Kuchmina,K.</GBAuthor>
        <GBAuthor>Machata,S.</GBAuthor>
        <GBAuthor>Domann,E.</GBAuthor>
        <GBAuthor>Chakraborty,T.</GBAuthor>
        <GBAuthor>Hain,T.</GBAuthor>
      </GBReference_authors>
      <GBReference_title>Intracellular gene expression profile of Listeria monocytogenes</GBReference_title>
      <GBReference_journal>Infect. Immun. 74 (2), 1323-1338 (2006)</GBReference_journal>
      <GBReference_xref>
        <GBXref>
          <GBXref_dbname>doi</GBXref_dbname>
          <GBXref_id>10.1128/IAI.74.2.1323-1338.2006</GBXref_id>
        </GBXref>
      </GBReference_xref>
      <GBReference_pubmed>16428782</GBReference_pubmed>
    </GBReference>
    <GBReference>
      <GBReference_reference>3</GBReference_reference>
      <GBReference_position>1..174</GBReference_position>
      <GBReference_authors>
        <GBAuthor>Glaser,P.</GBAuthor>
        <GBAuthor>Frangeul,L.</GBAuthor>
        <GBAuthor>Buchrieser,C.</GBAuthor>
        <GBAuthor>Amend,A.</GBAuthor>
        <GBAuthor>Baquero,F.</GBAuthor>
        <GBAuthor>Berche,P.</GBAuthor>
        <GBAuthor>Bloecker,H.</GBAuthor>
        <GBAuthor>Brandt,P.</GBAuthor>
        <GBAuthor>Chakraborty,T.</GBAuthor>
        <GBAuthor>Charbit,A.</GBAuthor>
        <GBAuthor>Chetouani,F.</GBAuthor>
        <GBAuthor>Couve,E.</GBAuthor>
        <GBAuthor>de Daruvar,A.</GBAuthor>
        <GBAuthor>Dehoux,P.</GBAuthor>
        <GBAuthor>Domann,E.</GBAuthor>
        <GBAuthor>Dominguez-Bernal,G.</GBAuthor>
        <GBAuthor>Duchaud,E.</GBAuthor>
        <GBAuthor>Durand,L.</GBAuthor>
        <GBAuthor>Dussurget,O.</GBAuthor>
        <GBAuthor>Entian,K.-D.</GBAuthor>
        <GBAuthor>Fsihi,H.</GBAuthor>
        <GBAuthor>Garcia-Del Portillo,F.</GBAuthor>
        <GBAuthor>Garrido,P.</GBAuthor>
        <GBAuthor>Gautier,L.</GBAuthor>
        <GBAuthor>Goebel,W.</GBAuthor>
        <GBAuthor>Gomez-Lopez,N.</GBAuthor>
        <GBAuthor>Hain,T.</GBAuthor>
        <GBAuthor>Hauf,J.</GBAuthor>
        <GBAuthor>Jackson,D.</GBAuthor>
        <GBAuthor>Jones,L.-M.</GBAuthor>
        <GBAuthor>Karst,U.</GBAuthor>
        <GBAuthor>Kreft,J.</GBAuthor>
        <GBAuthor>Kuhn,M.</GBAuthor>
        <GBAuthor>Kunst,F.</GBAuthor>
        <GBAuthor>Kurapkat,G.</GBAuthor>
        <GBAuthor>Madueno,E.</GBAuthor>
        <GBAuthor>Maitournam,A.</GBAuthor>
        <GBAuthor>Mata Vicente,J.</GBAuthor>
        <GBAuthor>Ng,E.</GBAuthor>
        <GBAuthor>Nordsiek,G.</GBAuthor>
        <GBAuthor>Novella,S.</GBAuthor>
        <GBAuthor>de Pablos,B.</GBAuthor>
        <GBAuthor>Perez-Diaz,J.-C.</GBAuthor>
        <GBAuthor>Remmel,B.</GBAuthor>
        <GBAuthor>Rose,M.</GBAuthor>
        <GBAuthor>Rusniok,C.</GBAuthor>
        <GBAuthor>Schlueter,T.</GBAuthor>
        <GBAuthor>Simoes,N.</GBAuthor>
        <GBAuthor>Tierrez,A.</GBAuthor>
        <GBAuthor>Vazquez-Boland,J.-A.</GBAuthor>
        <GBAuthor>Voss,H.</GBAuthor>
        <GBAuthor>Wehland,J.</GBAuthor>
        <GBAuthor>Cossart,P.</GBAuthor>
      </GBReference_authors>
      <GBReference_title>Comparative genomics of Listeria species</GBReference_title>
      <GBReference_journal>Science 294 (5543), 849-852 (2001)</GBReference_journal>
      <GBReference_pubmed>11679669</GBReference_pubmed>
    </GBReference>
    <GBReference>
      <GBReference_reference>4</GBReference_reference>
      <GBReference_position>1..174</GBReference_position>
      <GBReference_consortium>NCBI Genome Project</GBReference_consortium>
      <GBReference_title>Direct Submission</GBReference_title>
      <GBReference_journal>Submitted (08-NOV-2001) National Center for Biotechnology Information, NIH, Bethesda, MD 20894, USA</GBReference_journal>
    </GBReference>
    <GBReference>
      <GBReference_reference>5</GBReference_reference>
      <GBReference_position>1..174</GBReference_position>
      <GBReference_authors>
        <GBAuthor>Glaser,P.</GBAuthor>
        <GBAuthor>Frangeul,L.</GBAuthor>
        <GBAuthor>Rusniok,C.</GBAuthor>
      </GBReference_authors>
      <GBReference_title>Direct Submission</GBReference_title>
      <GBReference_journal>Submitted (06-JUN-2001) Glaser P., Institut Pasteur, Genomique des Microorganismes Pathogenes, 25 rue du Docteur Roux, 75724 Paris Cedex 15, FRANCE</GBReference_journal>
    </GBReference>
  </GBSeq_references>
  <GBSeq_comment>REVIEWED REFSEQ: This record has been curated by NCBI staff. The reference sequence was derived from CAD00650.; RefSeq Category: Reference Genome FGS: First Genome sequenced MOD: Model Organism UPR: UniProt Genome; Method: conceptual translation.</GBSeq_comment>
  <GBSeq_source-db>REFSEQ: accession NC_003210.1</GBSeq_source-db>
  <GBSeq_feature-table>
    <GBFeature>
      <GBFeature_key>source</GBFeature_key>
      <GBFeature_location>1..174</GBFeature_location>
      <GBFeature_intervals>
        <GBInterval>
          <GBInterval_from>1</GBInterval_from>
          <GBInterval_to>174</GBInterval_to>
          <GBInterval_accession>NP_466095.1</GBInterval_accession>
        </GBInterval>
      </GBFeature_intervals>
      <GBFeature_quals>
        <GBQualifier>
          <GBQualifier_name>organism</GBQualifier_name>
          <GBQualifier_value>Listeria monocytogenes EGD-e</GBQualifier_value>
        </GBQualifier>
        <GBQualifier>
          <GBQualifier_name>strain</GBQualifier_name>
          <GBQualifier_value>EGD-e</GBQualifier_value>
        </GBQualifier>
        <GBQualifier>
          <GBQualifier_name>db_xref</GBQualifier_name>
          <GBQualifier_value>taxon:169963</GBQualifier_value>
        </GBQualifier>
      </GBFeature_quals>
    </GBFeature>
    <GBFeature>
      <GBFeature_key>Protein</GBFeature_key>
      <GBFeature_location>1..174</GBFeature_location>
      <GBFeature_intervals>
        <GBInterval>
          <GBInterval_from>1</GBInterval_from>
          <GBInterval_to>174</GBInterval_to>
          <GBInterval_accession>NP_466095.1</GBInterval_accession>
        </GBInterval>
      </GBFeature_intervals>
      <GBFeature_quals>
        <GBQualifier>
          <GBQualifier_name>product</GBQualifier_name>
          <GBQualifier_value>dihydrofolate reductase subunit A</GBQualifier_value>
        </GBQualifier>
        <GBQualifier>
          <GBQualifier_name>calculated_mol_wt</GBQualifier_name>
          <GBQualifier_value>19503</GBQualifier_value>
        </GBQualifier>
      </GBFeature_quals>
    </GBFeature>
    <GBFeature>
      <GBFeature_key>Region</GBFeature_key>
      <GBFeature_location>6..163</GBFeature_location>
      <GBFeature_intervals>
        <GBInterval>
          <GBInterval_from>6</GBInterval_from>
          <GBInterval_to>163</GBInterval_to>
          <GBInterval_accession>NP_466095.1</GBInterval_accession>
        </GBInterval>
      </GBFeature_intervals>
      <GBFeature_quals>
        <GBQualifier>
          <GBQualifier_name>region_name</GBQualifier_name>
          <GBQualifier_value>FolA</GBQualifier_value>
        </GBQualifier>
        <GBQualifier>
          <GBQualifier_name>note</GBQualifier_name>
          <GBQualifier_value>Dihydrofolate reductase [Coenzyme transport and metabolism]; COG0262</GBQualifier_value>
        </GBQualifier>
        <GBQualifier>
          <GBQualifier_name>db_xref</GBQualifier_name>
          <GBQualifier_value>CDD:223340</GBQualifier_value>
        </GBQualifier>
      </GBFeature_quals>
    </GBFeature>
    <GBFeature>
      <GBFeature_key>Site</GBFeature_key>
      <GBFeature_location>order(9,27,34,71,110,116,131)</GBFeature_location>
      <GBFeature_intervals>
        <GBInterval>
          <GBInterval_point>9</GBInterval_point>
          <GBInterval_accession>NP_466095.1</GBInterval_accession>
        </GBInterval>
        <GBInterval>
          <GBInterval_point>27</GBInterval_point>
          <GBInterval_accession>NP_466095.1</GBInterval_accession>
        </GBInterval>
        <GBInterval>
          <GBInterval_point>34</GBInterval_point>
          <GBInterval_accession>NP_466095.1</GBInterval_accession>
        </GBInterval>
        <GBInterval>
          <GBInterval_point>71</GBInterval_point>
          <GBInterval_accession>NP_466095.1</GBInterval_accession>
        </GBInterval>
        <GBInterval>
          <GBInterval_point>110</GBInterval_point>
          <GBInterval_accession>NP_466095.1</GBInterval_accession>
        </GBInterval>
        <GBInterval>
          <GBInterval_point>116</GBInterval_point>
          <GBInterval_accession>NP_466095.1</GBInterval_accession>
        </GBInterval>
        <GBInterval>
          <GBInterval_point>131</GBInterval_point>
          <GBInterval_accession>NP_466095.1</GBInterval_accession>
        </GBInterval>
      </GBFeature_intervals>
      <GBFeature_operator>order</GBFeature_operator>
      <GBFeature_quals>
        <GBQualifier>
          <GBQualifier_name>site_type</GBQualifier_name>
          <GBQualifier_value>other</GBQualifier_value>
        </GBQualifier>
        <GBQualifier>
          <GBQualifier_name>note</GBQualifier_name>
          <GBQualifier_value>folate binding site [chemical binding]</GBQualifier_value>
        </GBQualifier>
        <GBQualifier>
          <GBQualifier_name>db_xref</GBQualifier_name>
          <GBQualifier_value>CDD:238127</GBQualifier_value>
        </GBQualifier>
      </GBFeature_quals>
    </GBFeature>
    <GBFeature>
      <GBFeature_key>Site</GBFeature_key>
      <GBFeature_location>order(11,18,53..55,78,111..114)</GBFeature_location>
      <GBFeature_intervals>
        <GBInterval>
          <GBInterval_point>11</GBInterval_point>
          <GBInterval_accession>NP_466095.1</GBInterval_accession>
        </GBInterval>
        <GBInterval>
          <GBInterval_point>18</GBInterval_point>
          <GBInterval_accession>NP_466095.1</GBInterval_accession>
        </GBInterval>
        <GBInterval>
          <GBInterval_from>53</GBInterval_from>
          <GBInterval_to>55</GBInterval_to>
          <GBInterval_accession>NP_466095.1</GBInterval_accession>
        </GBInterval>
        <GBInterval>
          <GBInterval_point>78</GBInterval_point>
          <GBInterval_accession>NP_466095.1</GBInterval_accession>
        </GBInterval>
        <GBInterval>
          <GBInterval_from>111</GBInterval_from>
          <GBInterval_to>114</GBInterval_to>
          <GBInterval_accession>NP_466095.1</GBInterval_accession>
        </GBInterval>
      </GBFeature_intervals>
      <GBFeature_operator>order</GBFeature_operator>
      <GBFeature_quals>
        <GBQualifier>
          <GBQualifier_name>site_type</GBQualifier_name>
          <GBQualifier_value>other</GBQualifier_value>
        </GBQualifier>
        <GBQualifier>
          <GBQualifier_name>note</GBQualifier_name>
          <GBQualifier_value>NADP+ binding site [chemical binding]</GBQualifier_value>
        </GBQualifier>
        <GBQualifier>
          <GBQualifier_name>db_xref</GBQualifier_name>
          <GBQualifier_value>CDD:238127</GBQualifier_value>
        </GBQualifier>
      </GBFeature_quals>
    </GBFeature>
    <GBFeature>
      <GBFeature_key>CDS</GBFeature_key>
      <GBFeature_location>1..174</GBFeature_location>
      <GBFeature_intervals>
        <GBInterval>
          <GBInterval_from>1</GBInterval_from>
          <GBInterval_to>174</GBInterval_to>
          <GBInterval_accession>NP_466095.1</GBInterval_accession>
        </GBInterval>
      </GBFeature_intervals>
      <GBFeature_quals>
        <GBQualifier>
          <GBQualifier_name>coded_by</GBQualifier_name>
          <GBQualifier_value>complement(NC_003210.1:2650231..2650755)</GBQualifier_value>
        </GBQualifier>
        <GBQualifier>
          <GBQualifier_name>experiment</GBQualifier_name>
          <GBQualifier_value>EXISTENCE:[PMID:19448609]</GBQualifier_value>
        </GBQualifier>
        <GBQualifier>
          <GBQualifier_name>transl_table</GBQualifier_name>
          <GBQualifier_value>11</GBQualifier_value>
        </GBQualifier>
      </GBFeature_quals>
    </GBFeature>
  </GBSeq_feature-table>
  <GBSeq_sequence>msekqvalyiavsldgyiadengsvewlesidsegdagyeaffdnvdtvvmgrttyqqifsltdtfpyskkdvyvfsntkagtkdeyadfvagtvdtwlnnidgekiwlvggaklvqqflkeraidrfvitiapiilgkgiplfeedqehaleleevtrfgqfaqltyknleen</GBSeq_sequence>
  <GBSeq_contig>join(WP_003723621.1:1..174)</GBSeq_contig>
  <GBSeq_xrefs>
    <GBXref>
      <GBXref_dbname>BioProject</GBXref_dbname>
      <GBXref_id>PRJNA61583</GBXref_id>
    </GBXref>
    <GBXref>
      <GBXref_dbname>Assembly</GBXref_dbname>
      <GBXref_id>GCF_000196035.1</GBXref_id>
    </GBXref>
  </GBSeq_xrefs>
</GBSeq>

</GBSet>

