<?xml version="1.0" ?>
<!DOCTYPE GBSet PUBLIC "-//NCBI//NCBI GBSeq/EN" "https://www.ncbi.nlm.nih.gov/dtd/NCBI_GBSeq.dtd">
<GBSet>
<GBSeq>
  <GBSeq_locus>NP_492364</GBSeq_locus>
  <GBSeq_length>189</GBSeq_length>
  <GBSeq_moltype>AA</GBSeq_moltype>
  <GBSeq_topology>linear</GBSeq_topology>
  <GBSeq_division>INV</GBSeq_division>
  <GBSeq_update-date>01-SEP-2016</GBSeq_update-date>
  <GBSeq_create-date>03-DEC-2001</GBSeq_create-date>
  <GBSeq_definition>Putative dihydrofolate reductase [Caenorhabditis elegans]</GBSeq_definition>
  <GBSeq_primary-accession>NP_492364</GBSeq_primary-accession>
  <GBSeq_accession-version>NP_492364.1</GBSeq_accession-version>
  <GBSeq_other-seqids>
    <GBSeqid>ref|NP_492364.1|</GBSeqid>
    <GBSeqid>gi|17505899</GBSeqid>
  </GBSeq_other-seqids>
  <GBSeq_project>PRJNA158</GBSeq_project>
  <GBSeq_keywords>
    <GBKeyword>RefSeq</GBKeyword>
  </GBSeq_keywords>
  <GBSeq_source>Caenorhabditis elegans</GBSeq_source>
  <GBSeq_organism>Caenorhabditis elegans</GBSeq_organism>
  <GBSeq_taxonomy>Eukaryota; Metazoa; Ecdysozoa; Nematoda; Chromadorea; Rhabditida; Rhabditoidea; Rhabditidae; Peloderinae; Caenorhabditis</GBSeq_taxonomy>
  <GBSeq_references>
    <GBReference>
      <GBReference_reference>1</GBReference_reference>
      <GBReference_position>1..189</GBReference_position>
      <GBReference_authors>
        <GBAuthor>Sulson,J.E.</GBAuthor>
        <GBAuthor>Waterston,R.</GBAuthor>
      </GBReference_authors>
      <GBReference_consortium>Caenorhabditis elegans Sequencing Consortium</GBReference_consortium>
      <GBReference_title>Genome sequence of the nematode C. elegans: a platform for investigating biology</GBReference_title>
      <GBReference_journal>Science 282 (5396), 2012-2018 (1998)</GBReference_journal>
      <GBReference_pubmed>9851916</GBReference_pubmed>
      <GBReference_remark>Erratum:[Science 1999 Jan 1;283(5398):35]</GBReference_remark>
    </GBReference>
    <GBReference>
      <GBReference_reference>2</GBReference_reference>
      <GBReference_position>1..189</GBReference_position>
      <GBReference_consortium>NCBI Genome Project</GBReference_consortium>
      <GBReference_title>Direct Submission</GBReference_title>
      <GBReference_journal>Submitted (01-SEP-2016) National Center for Biotechnology Information, NIH, Bethesda, MD 20894, USA</GBReference_journal>
    </GBReference>
    <GBReference>
      <GBReference_reference>3</GBReference_reference>
      <GBReference_position>1..189</GBReference_position>
      <GBReference_authors>
        <GBAuthor>WormBase</GBAuthor>
      </GBReference_authors>
      <GBReference_consortium>WormBase Consortium</GBReference_consortium>
      <GBReference_title>Direct Submission</GBReference_title>
      <GBReference_journal>Submitted (07-JUL-2016) WormBase Group, European Bioinformatics Institute, Cambridge, CB10 1SA, UK. Email: help@wormbase.org</GBReference_journal>
    </GBReference>
    <GBReference>
      <GBReference_reference>4</GBReference_reference>
      <GBReference_position>1..189</GBReference_position>
      <GBReference_authors>
        <GBAuthor>Sulson,J.E.</GBAuthor>
        <GBAuthor>Waterston,R.</GBAuthor>
      </GBReference_authors>
      <GBReference_title>Direct Submission</GBReference_title>
      <GBReference_journal>Submitted (03-MAR-2003) Nematode Sequencing Project: Sanger Institute, Hinxton, Cambridge CB10 1SA, UK and The Genome Institute at Washington University, St. Louis, MO 63110, USA</GBReference_journal>
    </GBReference>
  </GBSeq_references>
  <GBSeq_comment>REVIEWED REFSEQ: This record has been curated by WormBase. The reference sequence is identical to CAB02272.</GBSeq_comment>
  <GBSeq_source-db>REFSEQ: accession NM_059963.3</GBSeq_source-db>
  <GBSeq_feature-table>
    <GBFeature>
      <GBFeature_key>source</GBFeature_key>
      <GBFeature_location>1..189</GBFeature_location>
      <GBFeature_intervals>
        <GBInterval>
          <GBInterval_from>1</GBInterval_from>
          <GBInterval_to>189</GBInterval_to>
          <GBInterval_accession>NP_492364.1</GBInterval_accession>
        </GBInterval>
      </GBFeature_intervals>
      <GBFeature_quals>
        <GBQualifier>
          <GBQualifier_name>organism</GBQualifier_name>
          <GBQualifier_value>Caenorhabditis elegans</GBQualifier_value>
        </GBQualifier>
        <GBQualifier>
          <GBQualifier_name>strain</GBQualifier_name>
          <GBQualifier_value>Bristol N2</GBQualifier_value>
        </GBQualifier>
        <GBQualifier>
          <GBQualifier_name>db_xref</GBQualifier_name>
          <GBQualifier_value>taxon:6239</GBQualifier_value>
        </GBQualifier>
        <GBQualifier>
          <GBQualifier_name>chromosome</GBQualifier_name>
          <GBQualifier_value>I</GBQualifier_value>
        </GBQualifier>
      </GBFeature_quals>
    </GBFeature>
    <GBFeature>
      <GBFeature_key>Protein</GBFeature_key>
      <GBFeature_location>1..189</GBFeature_location>
      <GBFeature_intervals>
        <GBInterval>
          <GBInterval_from>1</GBInterval_from>
          <GBInterval_to>189</GBInterval_to>
          <GBInterval_accession>NP_492364.1</GBInterval_accession>
        </GBInterval>
      </GBFeature_intervals>
      <GBFeature_quals>
        <GBQualifier>
          <GBQualifier_name>product</GBQualifier_name>
          <GBQualifier_value>Putative dihydrofolate reductase</GBQualifier_value>
        </GBQualifier>
        <GBQualifier>
          <GBQualifier_name>calculated_mol_wt</GBQualifier_name>
          <GBQualifier_value>21471</GBQualifier_value>
        </GBQualifier>
      </GBFeature_quals>
    </GBFeature>
    <GBFeature>
      <GBFeature_key>Region</GBFeature_key>
      <GBFeature_location>4..184</GBFeature_location>
      <GBFeature_intervals>
        <GBInterval>
          <GBInterval_from>4</GBInterval_from>
          <GBInterval_to>184</GBInterval_to>
          <GBInterval_accession>NP_492364.1</GBInterval_accession>
        </GBInterval>
      </GBFeature_intervals>
      <GBFeature_quals>
        <GBQualifier>
          <GBQualifier_name>region_name</GBQualifier_name>
          <GBQualifier_value>DHFR</GBQualifier_value>
        </GBQualifier>
        <GBQualifier>
          <GBQualifier_name>note</GBQualifier_name>
          <GBQualifier_value>Dihydrofolate reductase (DHFR). Reduces 7,8-dihydrofolate to 5,6,7,8-tetrahydrofolate with NADPH as a cofactor. This is an essential step in the biosynthesis of deoxythymidine phosphate since 5,6,7,8-tetrahydrofolate is required to regenerate 5; cd00209</GBQualifier_value>
        </GBQualifier>
        <GBQualifier>
          <GBQualifier_name>db_xref</GBQualifier_name>
          <GBQualifier_value>CDD:238127</GBQualifier_value>
        </GBQualifier>
      </GBFeature_quals>
    </GBFeature>
    <GBFeature>
      <GBFeature_key>Site</GBFeature_key>
      <GBFeature_location>order(7,24,29,69,114,120,135)</GBFeature_location>
      <GBFeature_intervals>
        <GBInterval>
          <GBInterval_point>7</GBInterval_point>
          <GBInterval_accession>NP_492364.1</GBInterval_accession>
        </GBInterval>
        <GBInterval>
          <GBInterval_point>24</GBInterval_point>
          <GBInterval_accession>NP_492364.1</GBInterval_accession>
        </GBInterval>
        <GBInterval>
          <GBInterval_point>29</GBInterval_point>
          <GBInterval_accession>NP_492364.1</GBInterval_accession>
        </GBInterval>
        <GBInterval>
          <GBInterval_point>69</GBInterval_point>
          <GBInterval_accession>NP_492364.1</GBInterval_accession>
        </GBInterval>
        <GBInterval>
          <GBInterval_point>114</GBInterval_point>
          <GBInterval_accession>NP_492364.1</GBInterval_accession>
        </GBInterval>
        <GBInterval>
          <GBInterval_point>120</GBInterval_point>
          <GBInterval_accession>NP_492364.1</GBInterval_accession>
        </GBInterval>
        <GBInterval>
          <GBInterval_point>135</GBInterval_point>
          <GBInterval_accession>NP_492364.1</GBInterval_accession>
        </GBInterval>
      </GBFeature_intervals>
      <GBFeature_operator>order</GBFeature_operator>
      <GBFeature_quals>
        <GBQualifier>
          <GBQualifier_name>site_type</GBQualifier_name>
          <GBQualifier_value>other</GBQualifier_value>
        </GBQualifier>
        <GBQualifier>
          <GBQualifier_name>note</GBQualifier_name>
          <GBQualifier_value>folate binding site [chemical binding]</GBQualifier_value>
        </GBQualifier>
        <GBQualifier>
          <GBQualifier_name>db_xref</GBQualifier_name>
          <GBQualifier_value>CDD:238127</GBQualifier_value>
        </GBQualifier>
      </GBFeature_quals>
    </GBFeature>
    <GBFeature>
      <GBFeature_key>Site</GBFeature_key>
      <GBFeature_location>order(9,16,53..55,76,115..118)</GBFeature_location>
      <GBFeature_intervals>
        <GBInterval>
          <GBInterval_point>9</GBInterval_point>
          <GBInterval_accession>NP_492364.1</GBInterval_accession>
        </GBInterval>
        <GBInterval>
          <GBInterval_point>16</GBInterval_point>
          <GBInterval_accession>NP_492364.1</GBInterval_accession>
        </GBInterval>
        <GBInterval>
          <GBInterval_from>53</GBInterval_from>
          <GBInterval_to>55</GBInterval_to>
          <GBInterval_accession>NP_492364.1</GBInterval_accession>
        </GBInterval>
        <GBInterval>
          <GBInterval_point>76</GBInterval_point>
          <GBInterval_accession>NP_492364.1</GBInterval_accession>
        </GBInterval>
        <GBInterval>
          <GBInterval_from>115</GBInterval_from>
          <GBInterval_to>118</GBInterval_to>
          <GBInterval_accession>NP_492364.1</GBInterval_accession>
        </GBInterval>
      </GBFeature_intervals>
      <GBFeature_operator>order</GBFeature_operator>
      <GBFeature_quals>
        <GBQualifier>
          <GBQualifier_name>site_type</GBQualifier_name>
          <GBQualifier_value>other</GBQualifier_value>
        </GBQualifier>
        <GBQualifier>
          <GBQualifier_name>note</GBQualifier_name>
          <GBQualifier_value>NADP+ binding site [chemical binding]</GBQualifier_value>
        </GBQualifier>
        <GBQualifier>
          <GBQualifier_name>db_xref</GBQualifier_name>
          <GBQualifier_value>CDD:238127</GBQualifier_value>
        </GBQualifier>
      </GBFeature_quals>
    </GBFeature>
    <GBFeature>
      <GBFeature_key>CDS</GBFeature_key>
      <GBFeature_location>1..189</GBFeature_location>
      <GBFeature_intervals>
        <GBInterval>
          <GBInterval_from>1</GBInterval_from>
          <GBInterval_to>189</GBInterval_to>
          <GBInterval_accession>NP_492364.1</GBInterval_accession>
        </GBInterval>
      </GBFeature_intervals>
      <GBFeature_quals>
        <GBQualifier>
          <GBQualifier_name>gene</GBQualifier_name>
          <GBQualifier_value>dhfr-1</GBQualifier_value>
        </GBQualifier>
        <GBQualifier>
          <GBQualifier_name>locus_tag</GBQualifier_name>
          <GBQualifier_value>CELE_C36B1.7</GBQualifier_value>
        </GBQualifier>
        <GBQualifier>
          <GBQualifier_name>standard_name</GBQualifier_name>
          <GBQualifier_value>C36B1.7</GBQualifier_value>
        </GBQualifier>
        <GBQualifier>
          <GBQualifier_name>coded_by</GBQualifier_name>
          <GBQualifier_value>NM_059963.3:1..570</GBQualifier_value>
        </GBQualifier>
        <GBQualifier>
          <GBQualifier_name>note</GBQualifier_name>
          <GBQualifier_value>Confirmed by transcript evidence</GBQualifier_value>
        </GBQualifier>
        <GBQualifier>
          <GBQualifier_name>db_xref</GBQualifier_name>
          <GBQualifier_value>EnsemblGenomes-Gn:WBGene00007974</GBQualifier_value>
        </GBQualifier>
        <GBQualifier>
          <GBQualifier_name>db_xref</GBQualifier_name>
          <GBQualifier_value>EnsemblGenomes-Tr:C36B1.7</GBQualifier_value>
        </GBQualifier>
        <GBQualifier>
          <GBQualifier_name>db_xref</GBQualifier_name>
          <GBQualifier_value>GeneID:172681</GBQualifier_value>
        </GBQualifier>
        <GBQualifier>
          <GBQualifier_name>db_xref</GBQualifier_name>
          <GBQualifier_value>WormBase:WBGene00007974</GBQualifier_value>
        </GBQualifier>
      </GBFeature_quals>
    </GBFeature>
  </GBSeq_feature-table>
  <GBSeq_sequence>mrkmnlivamdaeggigkngvlpwrikkdmqyfasvtknvsdqskrnavlmgrkcwesipvtrrplagrlnivlsrqlpaqksddyivvnsleaamkllseppfvdsietiwniggaeiydlalrenlvdeihltrifknfeadvhlksldfskmekvqnaevssenseifeenglkfefckwkvvenh</GBSeq_sequence>
  <GBSeq_xrefs>
    <GBXref>
      <GBXref_dbname>BioProject</GBXref_dbname>
      <GBXref_id>PRJNA158</GBXref_id>
    </GBXref>
    <GBXref>
      <GBXref_dbname>BioSample</GBXref_dbname>
      <GBXref_id>SAMEA3138177</GBXref_id>
    </GBXref>
  </GBSeq_xrefs>
</GBSeq>

</GBSet>

