<?xml version="1.0" ?>
<!DOCTYPE GBSet PUBLIC "-//NCBI//NCBI GBSeq/EN" "https://www.ncbi.nlm.nih.gov/dtd/NCBI_GBSeq.dtd">
<GBSet>
<GBSeq>
  <GBSeq_locus>NP_414590</GBSeq_locus>
  <GBSeq_length>159</GBSeq_length>
  <GBSeq_moltype>AA</GBSeq_moltype>
  <GBSeq_topology>linear</GBSeq_topology>
  <GBSeq_division>CON</GBSeq_division>
  <GBSeq_update-date>08-AUG-2016</GBSeq_update-date>
  <GBSeq_create-date>15-OCT-2001</GBSeq_create-date>
  <GBSeq_definition>dihydrofolate reductase [Escherichia coli str. K-12 substr. MG1655]</GBSeq_definition>
  <GBSeq_primary-accession>NP_414590</GBSeq_primary-accession>
  <GBSeq_accession-version>NP_414590.1</GBSeq_accession-version>
  <GBSeq_other-seqids>
    <GBSeqid>ref|NP_414590.1|</GBSeqid>
    <GBSeqid>gi|16128042</GBSeqid>
  </GBSeq_other-seqids>
  <GBSeq_project>PRJNA57779</GBSeq_project>
  <GBSeq_keywords>
    <GBKeyword>RefSeq</GBKeyword>
  </GBSeq_keywords>
  <GBSeq_source>Escherichia coli str. K-12 substr. MG1655</GBSeq_source>
  <GBSeq_organism>Escherichia coli str. K-12 substr. MG1655</GBSeq_organism>
  <GBSeq_taxonomy>Bacteria; Proteobacteria; Gammaproteobacteria; Enterobacteriales; Enterobacteriaceae; Escherichia</GBSeq_taxonomy>
  <GBSeq_references>
    <GBReference>
      <GBReference_reference>1</GBReference_reference>
      <GBReference_position>1..159</GBReference_position>
      <GBReference_authors>
        <GBAuthor>Riley,M.</GBAuthor>
        <GBAuthor>Abe,T.</GBAuthor>
        <GBAuthor>Arnaud,M.B.</GBAuthor>
        <GBAuthor>Berlyn,M.K.</GBAuthor>
        <GBAuthor>Blattner,F.R.</GBAuthor>
        <GBAuthor>Chaudhuri,R.R.</GBAuthor>
        <GBAuthor>Glasner,J.D.</GBAuthor>
        <GBAuthor>Horiuchi,T.</GBAuthor>
        <GBAuthor>Keseler,I.M.</GBAuthor>
        <GBAuthor>Kosuge,T.</GBAuthor>
        <GBAuthor>Mori,H.</GBAuthor>
        <GBAuthor>Perna,N.T.</GBAuthor>
        <GBAuthor>Plunkett,G. III</GBAuthor>
        <GBAuthor>Rudd,K.E.</GBAuthor>
        <GBAuthor>Serres,M.H.</GBAuthor>
        <GBAuthor>Thomas,G.H.</GBAuthor>
        <GBAuthor>Thomson,N.R.</GBAuthor>
        <GBAuthor>Wishart,D.</GBAuthor>
        <GBAuthor>Wanner,B.L.</GBAuthor>
      </GBReference_authors>
      <GBReference_title>Escherichia coli K-12: a cooperatively developed annotation snapshot--2005</GBReference_title>
      <GBReference_journal>Nucleic Acids Res. 34 (1), 1-9 (2006)</GBReference_journal>
      <GBReference_xref>
        <GBXref>
          <GBXref_dbname>doi</GBXref_dbname>
          <GBXref_id>10.1093/nar/gkj405</GBXref_id>
        </GBXref>
      </GBReference_xref>
      <GBReference_pubmed>16397293</GBReference_pubmed>
      <GBReference_remark>Publication Status: Online-Only</GBReference_remark>
    </GBReference>
    <GBReference>
      <GBReference_reference>2</GBReference_reference>
      <GBReference_position>1..159</GBReference_position>
      <GBReference_authors>
        <GBAuthor>Hayashi,K.</GBAuthor>
        <GBAuthor>Morooka,N.</GBAuthor>
        <GBAuthor>Yamamoto,Y.</GBAuthor>
        <GBAuthor>Fujita,K.</GBAuthor>
        <GBAuthor>Isono,K.</GBAuthor>
        <GBAuthor>Choi,S.</GBAuthor>
        <GBAuthor>Ohtsubo,E.</GBAuthor>
        <GBAuthor>Baba,T.</GBAuthor>
        <GBAuthor>Wanner,B.L.</GBAuthor>
        <GBAuthor>Mori,H.</GBAuthor>
        <GBAuthor>Horiuchi,T.</GBAuthor>
      </GBReference_authors>
      <GBReference_title>Highly accurate genome sequences of Escherichia coli K-12 strains MG1655 and W3110</GBReference_title>
      <GBReference_journal>Mol. Syst. Biol. 2, 2006 (2006)</GBReference_journal>
      <GBReference_xref>
        <GBXref>
          <GBXref_dbname>doi</GBXref_dbname>
          <GBXref_id>10.1038/msb4100049</GBXref_id>
        </GBXref>
      </GBReference_xref>
      <GBReference_pubmed>16738553</GBReference_pubmed>
    </GBReference>
    <GBReference>
      <GBReference_reference>3</GBReference_reference>
      <GBReference_position>1..159</GBReference_position>
      <GBReference_authors>
        <GBAuthor>Blattner,F.R.</GBAuthor>
        <GBAuthor>Plunkett,G. III</GBAuthor>
        <GBAuthor>Bloch,C.A.</GBAuthor>
        <GBAuthor>Perna,N.T.</GBAuthor>
        <GBAuthor>Burland,V.</GBAuthor>
        <GBAuthor>Riley,M.</GBAuthor>
        <GBAuthor>Collado-Vides,J.</GBAuthor>
        <GBAuthor>Glasner,J.D.</GBAuthor>
        <GBAuthor>Rode,C.K.</GBAuthor>
        <GBAuthor>Mayhew,G.F.</GBAuthor>
        <GBAuthor>Gregor,J.</GBAuthor>
        <GBAuthor>Davis,N.W.</GBAuthor>
        <GBAuthor>Kirkpatrick,H.A.</GBAuthor>
        <GBAuthor>Goeden,M.A.</GBAuthor>
        <GBAuthor>Rose,D.J.</GBAuthor>
        <GBAuthor>Mau,B.</GBAuthor>
        <GBAuthor>Shao,Y.</GBAuthor>
      </GBReference_authors>
      <GBReference_title>The complete genome sequence of Escherichia coli K-12</GBReference_title>
      <GBReference_journal>Science 277 (5331), 1453-1462 (1997)</GBReference_journal>
      <GBReference_pubmed>9278503</GBReference_pubmed>
    </GBReference>
    <GBReference>
      <GBReference_reference>4</GBReference_reference>
      <GBReference_position>1..159</GBReference_position>
      <GBReference_authors>
        <GBAuthor>Arnaud,M.</GBAuthor>
        <GBAuthor>Berlyn,M.K.B.</GBAuthor>
        <GBAuthor>Blattner,F.R.</GBAuthor>
        <GBAuthor>Galperin,M.Y.</GBAuthor>
        <GBAuthor>Glasner,J.D.</GBAuthor>
        <GBAuthor>Horiuchi,T.</GBAuthor>
        <GBAuthor>Kosuge,T.</GBAuthor>
        <GBAuthor>Mori,H.</GBAuthor>
        <GBAuthor>Perna,N.T.</GBAuthor>
        <GBAuthor>Plunkett,G. III</GBAuthor>
        <GBAuthor>Riley,M.</GBAuthor>
        <GBAuthor>Rudd,K.E.</GBAuthor>
        <GBAuthor>Serres,M.H.</GBAuthor>
        <GBAuthor>Thomas,G.H.</GBAuthor>
        <GBAuthor>Wanner,B.L.</GBAuthor>
      </GBReference_authors>
      <GBReference_title>Workshop on Annotation of Escherichia coli K-12</GBReference_title>
      <GBReference_journal>Unpublished</GBReference_journal>
      <GBReference_remark>Woods Hole, Mass., on 14-18 November 2003 (sequence corrections)</GBReference_remark>
    </GBReference>
    <GBReference>
      <GBReference_reference>5</GBReference_reference>
      <GBReference_position>1..159</GBReference_position>
      <GBReference_authors>
        <GBAuthor>Glasner,J.D.</GBAuthor>
        <GBAuthor>Perna,N.T.</GBAuthor>
        <GBAuthor>Plunkett,G. III</GBAuthor>
        <GBAuthor>Anderson,B.D.</GBAuthor>
        <GBAuthor>Bockhorst,J.</GBAuthor>
        <GBAuthor>Hu,J.C.</GBAuthor>
        <GBAuthor>Riley,M.</GBAuthor>
        <GBAuthor>Rudd,K.E.</GBAuthor>
        <GBAuthor>Serres,M.H.</GBAuthor>
      </GBReference_authors>
      <GBReference_title>ASAP: Escherichia coli K-12 strain MG1655 version m56</GBReference_title>
      <GBReference_journal>Unpublished</GBReference_journal>
      <GBReference_remark>ASAP download 10 June 2004 (annotation updates)</GBReference_remark>
    </GBReference>
    <GBReference>
      <GBReference_reference>6</GBReference_reference>
      <GBReference_position>1..159</GBReference_position>
      <GBReference_authors>
        <GBAuthor>Hayashi,K.</GBAuthor>
        <GBAuthor>Morooka,N.</GBAuthor>
        <GBAuthor>Mori,H.</GBAuthor>
        <GBAuthor>Horiuchi,T.</GBAuthor>
      </GBReference_authors>
      <GBReference_title>A more accurate sequence comparison between genomes of Escherichia coli K12 W3110 and MG1655 strains</GBReference_title>
      <GBReference_journal>Unpublished</GBReference_journal>
      <GBReference_remark>GenBank accessions AG613214 to AG613378 (sequence corrections)</GBReference_remark>
    </GBReference>
    <GBReference>
      <GBReference_reference>7</GBReference_reference>
      <GBReference_position>1..159</GBReference_position>
      <GBReference_authors>
        <GBAuthor>Perna,N.T.</GBAuthor>
      </GBReference_authors>
      <GBReference_title>Escherichia coli K-12 MG1655 yqiK-rfaE intergenic region, genomic sequence correction</GBReference_title>
      <GBReference_journal>Unpublished</GBReference_journal>
      <GBReference_remark>GenBank accession AY605712 (sequence corrections)</GBReference_remark>
    </GBReference>
    <GBReference>
      <GBReference_reference>8</GBReference_reference>
      <GBReference_position>1..159</GBReference_position>
      <GBReference_authors>
        <GBAuthor>Rudd,K.E.</GBAuthor>
      </GBReference_authors>
      <GBReference_title>A manual approach to accurate translation start site annotation: an E. coli K-12 case study</GBReference_title>
      <GBReference_journal>Unpublished</GBReference_journal>
    </GBReference>
    <GBReference>
      <GBReference_reference>9</GBReference_reference>
      <GBReference_position>1..159</GBReference_position>
      <GBReference_consortium>NCBI Genome Project</GBReference_consortium>
      <GBReference_title>Direct Submission</GBReference_title>
      <GBReference_journal>Submitted (26-AUG-2014) National Center for Biotechnology Information, NIH, Bethesda, MD 20894, USA</GBReference_journal>
    </GBReference>
    <GBReference>
      <GBReference_reference>10</GBReference_reference>
      <GBReference_position>1..159</GBReference_position>
      <GBReference_authors>
        <GBAuthor>Blattner,F.R.</GBAuthor>
        <GBAuthor>Plunkett,G. III</GBAuthor>
      </GBReference_authors>
      <GBReference_title>Direct Submission</GBReference_title>
      <GBReference_journal>Submitted (30-JUL-2014) Laboratory of Genetics, University of Wisconsin, 425G Henry Mall, Madison, WI 53706-1580, USA</GBReference_journal>
      <GBReference_remark>Protein update by submitter</GBReference_remark>
    </GBReference>
    <GBReference>
      <GBReference_reference>11</GBReference_reference>
      <GBReference_position>1..159</GBReference_position>
      <GBReference_authors>
        <GBAuthor>Blattner,F.R.</GBAuthor>
        <GBAuthor>Plunkett,G. III</GBAuthor>
      </GBReference_authors>
      <GBReference_title>Direct Submission</GBReference_title>
      <GBReference_journal>Submitted (15-NOV-2013) Laboratory of Genetics, University of Wisconsin, 425G Henry Mall, Madison, WI 53706-1580, USA</GBReference_journal>
      <GBReference_remark>Protein update by submitter</GBReference_remark>
    </GBReference>
    <GBReference>
      <GBReference_reference>12</GBReference_reference>
      <GBReference_position>1..159</GBReference_position>
      <GBReference_authors>
        <GBAuthor>Blattner,F.R.</GBAuthor>
        <GBAuthor>Plunkett,G. III</GBAuthor>
      </GBReference_authors>
      <GBReference_title>Direct Submission</GBReference_title>
      <GBReference_journal>Submitted (26-SEP-2013) Laboratory of Genetics, University of Wisconsin, 425G Henry Mall, Madison, WI 53706-1580, USA</GBReference_journal>
      <GBReference_remark>Sequence update by submitter</GBReference_remark>
    </GBReference>
    <GBReference>
      <GBReference_reference>13</GBReference_reference>
      <GBReference_position>1..159</GBReference_position>
      <GBReference_authors>
        <GBAuthor>Rudd,K.E.</GBAuthor>
      </GBReference_authors>
      <GBReference_title>Direct Submission</GBReference_title>
      <GBReference_journal>Submitted (06-FEB-2013) Department of Biochemistry and Molecular Biology, University of Miami Miller School of Medicine, 118 Gautier Bldg., Miami, FL 33136, USA</GBReference_journal>
      <GBReference_remark>Sequence update by submitter</GBReference_remark>
    </GBReference>
    <GBReference>
      <GBReference_reference>14</GBReference_reference>
      <GBReference_position>1..159</GBReference_position>
      <GBReference_authors>
        <GBAuthor>Rudd,K.E.</GBAuthor>
      </GBReference_authors>
      <GBReference_title>Direct Submission</GBReference_title>
      <GBReference_journal>Submitted (24-APR-2007) Department of Biochemistry and Molecular Biology, University of Miami Miller School of Medicine, 118 Gautier Bldg., Miami, FL 33136, USA</GBReference_journal>
      <GBReference_remark>Annotation update from ecogene.org as a multi-database collaboration</GBReference_remark>
    </GBReference>
    <GBReference>
      <GBReference_reference>15</GBReference_reference>
      <GBReference_position>1..159</GBReference_position>
      <GBReference_authors>
        <GBAuthor>Plunkett,G. III</GBAuthor>
      </GBReference_authors>
      <GBReference_title>Direct Submission</GBReference_title>
      <GBReference_journal>Submitted (07-FEB-2006) Laboratory of Genetics, University of Wisconsin, 425G Henry Mall, Madison, WI 53706-1580, USA</GBReference_journal>
      <GBReference_remark>Protein updates by submitter</GBReference_remark>
    </GBReference>
    <GBReference>
      <GBReference_reference>16</GBReference_reference>
      <GBReference_position>1..159</GBReference_position>
      <GBReference_authors>
        <GBAuthor>Plunkett,G. III</GBAuthor>
      </GBReference_authors>
      <GBReference_title>Direct Submission</GBReference_title>
      <GBReference_journal>Submitted (10-JUN-2004) Laboratory of Genetics, University of Wisconsin, 425G Henry Mall, Madison, WI 53706-1580, USA</GBReference_journal>
      <GBReference_remark>Sequence update by submitter</GBReference_remark>
    </GBReference>
    <GBReference>
      <GBReference_reference>17</GBReference_reference>
      <GBReference_position>1..159</GBReference_position>
      <GBReference_authors>
        <GBAuthor>Plunkett,G. III</GBAuthor>
      </GBReference_authors>
      <GBReference_title>Direct Submission</GBReference_title>
      <GBReference_journal>Submitted (13-OCT-1998) Laboratory of Genetics, University of Wisconsin, 425G Henry Mall, Madison, WI 53706-1580, USA</GBReference_journal>
    </GBReference>
    <GBReference>
      <GBReference_reference>18</GBReference_reference>
      <GBReference_position>1..159</GBReference_position>
      <GBReference_authors>
        <GBAuthor>Blattner,F.R.</GBAuthor>
        <GBAuthor>Plunkett,G. III</GBAuthor>
      </GBReference_authors>
      <GBReference_title>Direct Submission</GBReference_title>
      <GBReference_journal>Submitted (02-SEP-1997) Laboratory of Genetics, University of Wisconsin, 425G Henry Mall, Madison, WI 53706-1580, USA</GBReference_journal>
    </GBReference>
    <GBReference>
      <GBReference_reference>19</GBReference_reference>
      <GBReference_position>1..159</GBReference_position>
      <GBReference_authors>
        <GBAuthor>Blattner,F.R.</GBAuthor>
        <GBAuthor>Plunkett,G. III</GBAuthor>
      </GBReference_authors>
      <GBReference_title>Direct Submission</GBReference_title>
      <GBReference_journal>Submitted (16-JAN-1997) Laboratory of Genetics, University of Wisconsin, 425G Henry Mall, Madison, WI 53706-1580, USA</GBReference_journal>
    </GBReference>
  </GBSeq_references>
  <GBSeq_comment>PROVISIONAL REFSEQ: This record has not yet been subject to final NCBI review. The reference sequence is identical to AAC73159.; RefSeq Category: Reference Genome FGS: First Genome sequenced MOD: Model Organism PHY: Based on Phylogenetics UPR: UniProt Genome; Method: conceptual translation.</GBSeq_comment>
  <GBSeq_source-db>REFSEQ: accession NC_000913.3</GBSeq_source-db>
  <GBSeq_feature-table>
    <GBFeature>
      <GBFeature_key>source</GBFeature_key>
      <GBFeature_location>1..159</GBFeature_location>
      <GBFeature_intervals>
        <GBInterval>
          <GBInterval_from>1</GBInterval_from>
          <GBInterval_to>159</GBInterval_to>
          <GBInterval_accession>NP_414590.1</GBInterval_accession>
        </GBInterval>
      </GBFeature_intervals>
      <GBFeature_quals>
        <GBQualifier>
          <GBQualifier_name>organism</GBQualifier_name>
          <GBQualifier_value>Escherichia coli str. K-12 substr. MG1655</GBQualifier_value>
        </GBQualifier>
        <GBQualifier>
          <GBQualifier_name>strain</GBQualifier_name>
          <GBQualifier_value>K-12</GBQualifier_value>
        </GBQualifier>
        <GBQualifier>
          <GBQualifier_name>sub_strain</GBQualifier_name>
          <GBQualifier_value>MG1655</GBQualifier_value>
        </GBQualifier>
        <GBQualifier>
          <GBQualifier_name>db_xref</GBQualifier_name>
          <GBQualifier_value>taxon:511145</GBQualifier_value>
        </GBQualifier>
      </GBFeature_quals>
    </GBFeature>
    <GBFeature>
      <GBFeature_key>Protein</GBFeature_key>
      <GBFeature_location>1..159</GBFeature_location>
      <GBFeature_intervals>
        <GBInterval>
          <GBInterval_from>1</GBInterval_from>
          <GBInterval_to>159</GBInterval_to>
          <GBInterval_accession>NP_414590.1</GBInterval_accession>
        </GBInterval>
      </GBFeature_intervals>
      <GBFeature_quals>
        <GBQualifier>
          <GBQualifier_name>product</GBQualifier_name>
          <GBQualifier_value>dihydrofolate reductase</GBQualifier_value>
        </GBQualifier>
        <GBQualifier>
          <GBQualifier_name>EC_number</GBQualifier_name>
          <GBQualifier_value>1.5.1.3</GBQualifier_value>
        </GBQualifier>
        <GBQualifier>
          <GBQualifier_name>function</GBQualifier_name>
          <GBQualifier_value>enzyme; Biosynthesis of cofactors, carriers: Folic acid</GBQualifier_value>
        </GBQualifier>
        <GBQualifier>
          <GBQualifier_name>calculated_mol_wt</GBQualifier_name>
          <GBQualifier_value>17868</GBQualifier_value>
        </GBQualifier>
      </GBFeature_quals>
    </GBFeature>
    <GBFeature>
      <GBFeature_key>Region</GBFeature_key>
      <GBFeature_location>1..159</GBFeature_location>
      <GBFeature_intervals>
        <GBInterval>
          <GBInterval_from>1</GBInterval_from>
          <GBInterval_to>159</GBInterval_to>
          <GBInterval_accession>NP_414590.1</GBInterval_accession>
        </GBInterval>
      </GBFeature_intervals>
      <GBFeature_quals>
        <GBQualifier>
          <GBQualifier_name>region_name</GBQualifier_name>
          <GBQualifier_value>folA</GBQualifier_value>
        </GBQualifier>
        <GBQualifier>
          <GBQualifier_name>note</GBQualifier_name>
          <GBQualifier_value>dihydrofolate reductase; Provisional; PRK10769</GBQualifier_value>
        </GBQualifier>
        <GBQualifier>
          <GBQualifier_name>db_xref</GBQualifier_name>
          <GBQualifier_value>CDD:182714</GBQualifier_value>
        </GBQualifier>
      </GBFeature_quals>
    </GBFeature>
    <GBFeature>
      <GBFeature_key>Site</GBFeature_key>
      <GBFeature_location>order(5,22,27,57,94,100,113)</GBFeature_location>
      <GBFeature_intervals>
        <GBInterval>
          <GBInterval_point>5</GBInterval_point>
          <GBInterval_accession>NP_414590.1</GBInterval_accession>
        </GBInterval>
        <GBInterval>
          <GBInterval_point>22</GBInterval_point>
          <GBInterval_accession>NP_414590.1</GBInterval_accession>
        </GBInterval>
        <GBInterval>
          <GBInterval_point>27</GBInterval_point>
          <GBInterval_accession>NP_414590.1</GBInterval_accession>
        </GBInterval>
        <GBInterval>
          <GBInterval_point>57</GBInterval_point>
          <GBInterval_accession>NP_414590.1</GBInterval_accession>
        </GBInterval>
        <GBInterval>
          <GBInterval_point>94</GBInterval_point>
          <GBInterval_accession>NP_414590.1</GBInterval_accession>
        </GBInterval>
        <GBInterval>
          <GBInterval_point>100</GBInterval_point>
          <GBInterval_accession>NP_414590.1</GBInterval_accession>
        </GBInterval>
        <GBInterval>
          <GBInterval_point>113</GBInterval_point>
          <GBInterval_accession>NP_414590.1</GBInterval_accession>
        </GBInterval>
      </GBFeature_intervals>
      <GBFeature_operator>order</GBFeature_operator>
      <GBFeature_quals>
        <GBQualifier>
          <GBQualifier_name>site_type</GBQualifier_name>
          <GBQualifier_value>other</GBQualifier_value>
        </GBQualifier>
        <GBQualifier>
          <GBQualifier_name>note</GBQualifier_name>
          <GBQualifier_value>folate binding site [chemical binding]</GBQualifier_value>
        </GBQualifier>
        <GBQualifier>
          <GBQualifier_name>db_xref</GBQualifier_name>
          <GBQualifier_value>CDD:238127</GBQualifier_value>
        </GBQualifier>
      </GBFeature_quals>
    </GBFeature>
    <GBFeature>
      <GBFeature_key>Site</GBFeature_key>
      <GBFeature_location>order(7,14,44..46,64,95..98)</GBFeature_location>
      <GBFeature_intervals>
        <GBInterval>
          <GBInterval_point>7</GBInterval_point>
          <GBInterval_accession>NP_414590.1</GBInterval_accession>
        </GBInterval>
        <GBInterval>
          <GBInterval_point>14</GBInterval_point>
          <GBInterval_accession>NP_414590.1</GBInterval_accession>
        </GBInterval>
        <GBInterval>
          <GBInterval_from>44</GBInterval_from>
          <GBInterval_to>46</GBInterval_to>
          <GBInterval_accession>NP_414590.1</GBInterval_accession>
        </GBInterval>
        <GBInterval>
          <GBInterval_point>64</GBInterval_point>
          <GBInterval_accession>NP_414590.1</GBInterval_accession>
        </GBInterval>
        <GBInterval>
          <GBInterval_from>95</GBInterval_from>
          <GBInterval_to>98</GBInterval_to>
          <GBInterval_accession>NP_414590.1</GBInterval_accession>
        </GBInterval>
      </GBFeature_intervals>
      <GBFeature_operator>order</GBFeature_operator>
      <GBFeature_quals>
        <GBQualifier>
          <GBQualifier_name>site_type</GBQualifier_name>
          <GBQualifier_value>other</GBQualifier_value>
        </GBQualifier>
        <GBQualifier>
          <GBQualifier_name>note</GBQualifier_name>
          <GBQualifier_value>NADP+ binding site [chemical binding]</GBQualifier_value>
        </GBQualifier>
        <GBQualifier>
          <GBQualifier_name>db_xref</GBQualifier_name>
          <GBQualifier_value>CDD:238127</GBQualifier_value>
        </GBQualifier>
      </GBFeature_quals>
    </GBFeature>
    <GBFeature>
      <GBFeature_key>CDS</GBFeature_key>
      <GBFeature_location>1..159</GBFeature_location>
      <GBFeature_intervals>
        <GBInterval>
          <GBInterval_from>1</GBInterval_from>
          <GBInterval_to>159</GBInterval_to>
          <GBInterval_accession>NP_414590.1</GBInterval_accession>
        </GBInterval>
      </GBFeature_intervals>
      <GBFeature_quals>
        <GBQualifier>
          <GBQualifier_name>coded_by</GBQualifier_name>
          <GBQualifier_value>NC_000913.3:49823..50302</GBQualifier_value>
        </GBQualifier>
        <GBQualifier>
          <GBQualifier_name>experiment</GBQualifier_name>
          <GBQualifier_value>N-terminus verified by Edman degradation: PMID 350268,4610415</GBQualifier_value>
        </GBQualifier>
        <GBQualifier>
          <GBQualifier_name>note</GBQualifier_name>
          <GBQualifier_value>dihydrofolate reductase type I; trimethoprim resistance; GO_process: GO:0046656 - folic acid biosynthetic process</GBQualifier_value>
        </GBQualifier>
        <GBQualifier>
          <GBQualifier_name>transl_table</GBQualifier_name>
          <GBQualifier_value>11</GBQualifier_value>
        </GBQualifier>
        <GBQualifier>
          <GBQualifier_name>db_xref</GBQualifier_name>
          <GBQualifier_value>ASAP:ABE-0000164</GBQualifier_value>
        </GBQualifier>
        <GBQualifier>
          <GBQualifier_name>db_xref</GBQualifier_name>
          <GBQualifier_value>UniProtKB/Swiss-Prot:P0ABQ4</GBQualifier_value>
        </GBQualifier>
      </GBFeature_quals>
    </GBFeature>
  </GBSeq_feature-table>
  <GBSeq_sequence>misliaalavdrvigmenampwnlpadlawfkrntlnkpvimgrhtwesigrplpgrkniilssqpgtddrvtwvksvdeaiaacgdvpeimvigggrvyeqflpkaqklylthidaevegdthfpdyepddwesvfsefhdadaqnshsycfeilerr</GBSeq_sequence>
  <GBSeq_contig>join(WP_000624375.1:1..159)</GBSeq_contig>
  <GBSeq_xrefs>
    <GBXref>
      <GBXref_dbname>BioProject</GBXref_dbname>
      <GBXref_id>PRJNA57779</GBXref_id>
    </GBXref>
    <GBXref>
      <GBXref_dbname>BioSample</GBXref_dbname>
      <GBXref_id>SAMN02604091</GBXref_id>
    </GBXref>
    <GBXref>
      <GBXref_dbname>Assembly</GBXref_dbname>
      <GBXref_id>GCF_000005845.2</GBXref_id>
    </GBXref>
  </GBSeq_xrefs>
</GBSeq>

</GBSet>

