<?xml version="1.0" ?>
<!DOCTYPE GBSet PUBLIC "-//NCBI//NCBI GBSeq/EN" "https://www.ncbi.nlm.nih.gov/dtd/NCBI_GBSeq.dtd">
<GBSet>
<GBSeq>
  <GBSeq_locus>NP_439060</GBSeq_locus>
  <GBSeq_length>160</GBSeq_length>
  <GBSeq_moltype>AA</GBSeq_moltype>
  <GBSeq_topology>linear</GBSeq_topology>
  <GBSeq_division>CON</GBSeq_division>
  <GBSeq_update-date>02-AUG-2016</GBSeq_update-date>
  <GBSeq_create-date>30-SEP-1996</GBSeq_create-date>
  <GBSeq_definition>dihydrofolate reductase [Haemophilus influenzae Rd KW20]</GBSeq_definition>
  <GBSeq_primary-accession>NP_439060</GBSeq_primary-accession>
  <GBSeq_accession-version>NP_439060.1</GBSeq_accession-version>
  <GBSeq_other-seqids>
    <GBSeqid>ref|NP_439060.1|</GBSeqid>
    <GBSeqid>gi|16272837</GBSeqid>
  </GBSeq_other-seqids>
  <GBSeq_project>PRJNA57771</GBSeq_project>
  <GBSeq_keywords>
    <GBKeyword>RefSeq</GBKeyword>
  </GBSeq_keywords>
  <GBSeq_source>Haemophilus influenzae Rd KW20</GBSeq_source>
  <GBSeq_organism>Haemophilus influenzae Rd KW20</GBSeq_organism>
  <GBSeq_taxonomy>Bacteria; Proteobacteria; Gammaproteobacteria; Pasteurellales; Pasteurellaceae; Haemophilus</GBSeq_taxonomy>
  <GBSeq_references>
    <GBReference>
      <GBReference_reference>1</GBReference_reference>
      <GBReference_position>1..160</GBReference_position>
      <GBReference_authors>
        <GBAuthor>Gmuender,H.</GBAuthor>
        <GBAuthor>Kuratli,K.</GBAuthor>
        <GBAuthor>Di Padova,K.</GBAuthor>
        <GBAuthor>Gray,C.P.</GBAuthor>
        <GBAuthor>Keck,W.</GBAuthor>
        <GBAuthor>Evers,S.</GBAuthor>
      </GBReference_authors>
      <GBReference_title>Gene expression changes triggered by exposure of Haemophilus influenzae to novobiocin or ciprofloxacin: combined transcription and translation analysis</GBReference_title>
      <GBReference_journal>Genome Res. 11 (1), 28-42 (2001)</GBReference_journal>
      <GBReference_pubmed>11156613</GBReference_pubmed>
    </GBReference>
    <GBReference>
      <GBReference_reference>2</GBReference_reference>
      <GBReference_position>1..160</GBReference_position>
      <GBReference_authors>
        <GBAuthor>Langen,H.</GBAuthor>
        <GBAuthor>Takacs,B.</GBAuthor>
        <GBAuthor>Evers,S.</GBAuthor>
        <GBAuthor>Berndt,P.</GBAuthor>
        <GBAuthor>Lahm,H.W.</GBAuthor>
        <GBAuthor>Wipf,B.</GBAuthor>
        <GBAuthor>Gray,C.</GBAuthor>
        <GBAuthor>Fountoulakis,M.</GBAuthor>
      </GBReference_authors>
      <GBReference_title>Two-dimensional map of the proteome of Haemophilus influenzae</GBReference_title>
      <GBReference_journal>Electrophoresis 21 (2), 411-429 (2000)</GBReference_journal>
      <GBReference_xref>
        <GBXref>
          <GBXref_dbname>doi</GBXref_dbname>
          <GBXref_id>10.1002/(SICI)1522-2683(20000101)21:2&lt;411::AID-ELPS411&gt;3.0.CO;2-4</GBXref_id>
        </GBXref>
      </GBReference_xref>
      <GBReference_pubmed>10675023</GBReference_pubmed>
    </GBReference>
    <GBReference>
      <GBReference_reference>3</GBReference_reference>
      <GBReference_position>1..160</GBReference_position>
      <GBReference_authors>
        <GBAuthor>Fountoulakis,M.</GBAuthor>
        <GBAuthor>Juranville,J.F.</GBAuthor>
        <GBAuthor>Roder,D.</GBAuthor>
        <GBAuthor>Evers,S.</GBAuthor>
        <GBAuthor>Berndt,P.</GBAuthor>
        <GBAuthor>Langen,H.</GBAuthor>
      </GBReference_authors>
      <GBReference_title>Reference map of the low molecular mass proteins of Haemophilus influenzae</GBReference_title>
      <GBReference_journal>Electrophoresis 19 (10), 1819-1827 (1998)</GBReference_journal>
      <GBReference_xref>
        <GBXref>
          <GBXref_dbname>doi</GBXref_dbname>
          <GBXref_id>10.1002/elps.1150191046</GBXref_id>
        </GBXref>
      </GBReference_xref>
      <GBReference_pubmed>9719565</GBReference_pubmed>
    </GBReference>
    <GBReference>
      <GBReference_reference>4</GBReference_reference>
      <GBReference_position>1..160</GBReference_position>
      <GBReference_authors>
        <GBAuthor>Tatusov,R.L.</GBAuthor>
        <GBAuthor>Mushegian,A.R.</GBAuthor>
        <GBAuthor>Bork,P.</GBAuthor>
        <GBAuthor>Brown,N.P.</GBAuthor>
        <GBAuthor>Hayes,W.S.</GBAuthor>
        <GBAuthor>Borodovsky,M.</GBAuthor>
        <GBAuthor>Rudd,K.E.</GBAuthor>
        <GBAuthor>Koonin,E.V.</GBAuthor>
      </GBReference_authors>
      <GBReference_title>Metabolism and evolution of Haemophilus influenzae deduced from a whole-genome comparison with Escherichia coli</GBReference_title>
      <GBReference_journal>Curr. Biol. 6 (3), 279-291 (1996)</GBReference_journal>
      <GBReference_pubmed>8805245</GBReference_pubmed>
    </GBReference>
    <GBReference>
      <GBReference_reference>5</GBReference_reference>
      <GBReference_position>1..160</GBReference_position>
      <GBReference_authors>
        <GBAuthor>Smith,H.O.</GBAuthor>
        <GBAuthor>Tomb,J.F.</GBAuthor>
        <GBAuthor>Dougherty,B.A.</GBAuthor>
        <GBAuthor>Fleischmann,R.D.</GBAuthor>
        <GBAuthor>Venter,J.C.</GBAuthor>
      </GBReference_authors>
      <GBReference_title>Frequency and distribution of DNA uptake signal sequences in the Haemophilus influenzae Rd genome</GBReference_title>
      <GBReference_journal>Science 269 (5223), 538-540 (1995)</GBReference_journal>
      <GBReference_pubmed>7542802</GBReference_pubmed>
    </GBReference>
    <GBReference>
      <GBReference_reference>6</GBReference_reference>
      <GBReference_position>1..160</GBReference_position>
      <GBReference_authors>
        <GBAuthor>Fleischmann,R.D.</GBAuthor>
        <GBAuthor>Adams,M.D.</GBAuthor>
        <GBAuthor>White,O.</GBAuthor>
        <GBAuthor>Clayton,R.A.</GBAuthor>
        <GBAuthor>Kirkness,E.F.</GBAuthor>
        <GBAuthor>Kerlavage,A.R.</GBAuthor>
        <GBAuthor>Bult,C.J.</GBAuthor>
        <GBAuthor>Tomb,J.-F.</GBAuthor>
        <GBAuthor>Dougherty,B.A.</GBAuthor>
        <GBAuthor>Merrick,J.M.</GBAuthor>
        <GBAuthor>McKenney,K.</GBAuthor>
        <GBAuthor>Sutton,G.G.</GBAuthor>
        <GBAuthor>FitzHugh,W.</GBAuthor>
        <GBAuthor>Fields,C.A.</GBAuthor>
        <GBAuthor>Gocayne,J.D.</GBAuthor>
        <GBAuthor>Scott,J.D.</GBAuthor>
        <GBAuthor>Shirley,R.</GBAuthor>
        <GBAuthor>Liu,L.I.</GBAuthor>
        <GBAuthor>Glodek,A.</GBAuthor>
        <GBAuthor>Kelley,J.M.</GBAuthor>
        <GBAuthor>Weidman,J.F.</GBAuthor>
        <GBAuthor>Phillips,C.A.</GBAuthor>
        <GBAuthor>Spriggs,T.</GBAuthor>
        <GBAuthor>Hedblom,E.</GBAuthor>
        <GBAuthor>Cotton,M.D.</GBAuthor>
        <GBAuthor>Utterback,T.</GBAuthor>
        <GBAuthor>Hanna,M.C.</GBAuthor>
        <GBAuthor>Nguyen,D.T.</GBAuthor>
        <GBAuthor>Saudek,D.M.</GBAuthor>
        <GBAuthor>Brandon,R.C.</GBAuthor>
        <GBAuthor>Fine,L.D.</GBAuthor>
        <GBAuthor>Fritchman,J.L.</GBAuthor>
        <GBAuthor>Fuhrmann,J.L.</GBAuthor>
        <GBAuthor>Geoghagen,N.S.</GBAuthor>
        <GBAuthor>Gnehm,C.L.</GBAuthor>
        <GBAuthor>McDonald,L.A.</GBAuthor>
        <GBAuthor>Small,K.V.</GBAuthor>
        <GBAuthor>Fraser,C.M.</GBAuthor>
        <GBAuthor>Smith,H.O.</GBAuthor>
        <GBAuthor>Venter,J.C.</GBAuthor>
      </GBReference_authors>
      <GBReference_title>Whole-genome random sequencing and assembly of Haemophilus influenzae Rd</GBReference_title>
      <GBReference_journal>Science 269 (5223), 496-512 (1995)</GBReference_journal>
      <GBReference_pubmed>7542800</GBReference_pubmed>
    </GBReference>
    <GBReference>
      <GBReference_reference>7</GBReference_reference>
      <GBReference_position>1..160</GBReference_position>
      <GBReference_consortium>NCBI Genome Project</GBReference_consortium>
      <GBReference_title>Direct Submission</GBReference_title>
      <GBReference_journal>Submitted (10-SEP-2004) National Center for Biotechnology Information, NIH, Bethesda, MD 20894, USA</GBReference_journal>
    </GBReference>
    <GBReference>
      <GBReference_reference>8</GBReference_reference>
      <GBReference_position>1..160</GBReference_position>
      <GBReference_consortium>NCBI Microbial Genomes Annotation Project</GBReference_consortium>
      <GBReference_title>Direct Submission</GBReference_title>
      <GBReference_journal>Submitted (25-JUN-2001) National Center for Biotechnology Information, NIH, Bethesda, MD 20894, USA</GBReference_journal>
    </GBReference>
  </GBSeq_references>
  <GBSeq_comment>REVIEWED REFSEQ: This record has been curated by NCBI staff. The reference sequence was derived from AAC22559.; RefSeq Category: Reference Genome FGS: First Genome sequenced UPR: UniProt Genome; Method: conceptual translation.</GBSeq_comment>
  <GBSeq_source-db>REFSEQ: accession NC_000907.1</GBSeq_source-db>
  <GBSeq_feature-table>
    <GBFeature>
      <GBFeature_key>source</GBFeature_key>
      <GBFeature_location>1..160</GBFeature_location>
      <GBFeature_intervals>
        <GBInterval>
          <GBInterval_from>1</GBInterval_from>
          <GBInterval_to>160</GBInterval_to>
          <GBInterval_accession>NP_439060.1</GBInterval_accession>
        </GBInterval>
      </GBFeature_intervals>
      <GBFeature_quals>
        <GBQualifier>
          <GBQualifier_name>organism</GBQualifier_name>
          <GBQualifier_value>Haemophilus influenzae Rd KW20</GBQualifier_value>
        </GBQualifier>
        <GBQualifier>
          <GBQualifier_name>db_xref</GBQualifier_name>
          <GBQualifier_value>taxon:71421</GBQualifier_value>
        </GBQualifier>
      </GBFeature_quals>
    </GBFeature>
    <GBFeature>
      <GBFeature_key>Protein</GBFeature_key>
      <GBFeature_location>1..160</GBFeature_location>
      <GBFeature_intervals>
        <GBInterval>
          <GBInterval_from>1</GBInterval_from>
          <GBInterval_to>160</GBInterval_to>
          <GBInterval_accession>NP_439060.1</GBInterval_accession>
        </GBInterval>
      </GBFeature_intervals>
      <GBFeature_quals>
        <GBQualifier>
          <GBQualifier_name>product</GBQualifier_name>
          <GBQualifier_value>dihydrofolate reductase</GBQualifier_value>
        </GBQualifier>
        <GBQualifier>
          <GBQualifier_name>calculated_mol_wt</GBQualifier_name>
          <GBQualifier_value>18781</GBQualifier_value>
        </GBQualifier>
      </GBFeature_quals>
    </GBFeature>
    <GBFeature>
      <GBFeature_key>Region</GBFeature_key>
      <GBFeature_location>2..159</GBFeature_location>
      <GBFeature_intervals>
        <GBInterval>
          <GBInterval_from>2</GBInterval_from>
          <GBInterval_to>159</GBInterval_to>
          <GBInterval_accession>NP_439060.1</GBInterval_accession>
        </GBInterval>
      </GBFeature_intervals>
      <GBFeature_quals>
        <GBQualifier>
          <GBQualifier_name>region_name</GBQualifier_name>
          <GBQualifier_value>DHFR_1</GBQualifier_value>
        </GBQualifier>
        <GBQualifier>
          <GBQualifier_name>note</GBQualifier_name>
          <GBQualifier_value>Dihydrofolate reductase; pfam00186</GBQualifier_value>
        </GBQualifier>
        <GBQualifier>
          <GBQualifier_name>db_xref</GBQualifier_name>
          <GBQualifier_value>CDD:278610</GBQualifier_value>
        </GBQualifier>
      </GBFeature_quals>
    </GBFeature>
    <GBFeature>
      <GBFeature_key>Site</GBFeature_key>
      <GBFeature_location>order(6,23,28,58,95,101,114)</GBFeature_location>
      <GBFeature_intervals>
        <GBInterval>
          <GBInterval_point>6</GBInterval_point>
          <GBInterval_accession>NP_439060.1</GBInterval_accession>
        </GBInterval>
        <GBInterval>
          <GBInterval_point>23</GBInterval_point>
          <GBInterval_accession>NP_439060.1</GBInterval_accession>
        </GBInterval>
        <GBInterval>
          <GBInterval_point>28</GBInterval_point>
          <GBInterval_accession>NP_439060.1</GBInterval_accession>
        </GBInterval>
        <GBInterval>
          <GBInterval_point>58</GBInterval_point>
          <GBInterval_accession>NP_439060.1</GBInterval_accession>
        </GBInterval>
        <GBInterval>
          <GBInterval_point>95</GBInterval_point>
          <GBInterval_accession>NP_439060.1</GBInterval_accession>
        </GBInterval>
        <GBInterval>
          <GBInterval_point>101</GBInterval_point>
          <GBInterval_accession>NP_439060.1</GBInterval_accession>
        </GBInterval>
        <GBInterval>
          <GBInterval_point>114</GBInterval_point>
          <GBInterval_accession>NP_439060.1</GBInterval_accession>
        </GBInterval>
      </GBFeature_intervals>
      <GBFeature_operator>order</GBFeature_operator>
      <GBFeature_quals>
        <GBQualifier>
          <GBQualifier_name>site_type</GBQualifier_name>
          <GBQualifier_value>other</GBQualifier_value>
        </GBQualifier>
        <GBQualifier>
          <GBQualifier_name>note</GBQualifier_name>
          <GBQualifier_value>folate binding site [chemical binding]</GBQualifier_value>
        </GBQualifier>
        <GBQualifier>
          <GBQualifier_name>db_xref</GBQualifier_name>
          <GBQualifier_value>CDD:238127</GBQualifier_value>
        </GBQualifier>
      </GBFeature_quals>
    </GBFeature>
    <GBFeature>
      <GBFeature_key>Site</GBFeature_key>
      <GBFeature_location>order(8,15,45..47,65,96..99)</GBFeature_location>
      <GBFeature_intervals>
        <GBInterval>
          <GBInterval_point>8</GBInterval_point>
          <GBInterval_accession>NP_439060.1</GBInterval_accession>
        </GBInterval>
        <GBInterval>
          <GBInterval_point>15</GBInterval_point>
          <GBInterval_accession>NP_439060.1</GBInterval_accession>
        </GBInterval>
        <GBInterval>
          <GBInterval_from>45</GBInterval_from>
          <GBInterval_to>47</GBInterval_to>
          <GBInterval_accession>NP_439060.1</GBInterval_accession>
        </GBInterval>
        <GBInterval>
          <GBInterval_point>65</GBInterval_point>
          <GBInterval_accession>NP_439060.1</GBInterval_accession>
        </GBInterval>
        <GBInterval>
          <GBInterval_from>96</GBInterval_from>
          <GBInterval_to>99</GBInterval_to>
          <GBInterval_accession>NP_439060.1</GBInterval_accession>
        </GBInterval>
      </GBFeature_intervals>
      <GBFeature_operator>order</GBFeature_operator>
      <GBFeature_quals>
        <GBQualifier>
          <GBQualifier_name>site_type</GBQualifier_name>
          <GBQualifier_value>other</GBQualifier_value>
        </GBQualifier>
        <GBQualifier>
          <GBQualifier_name>note</GBQualifier_name>
          <GBQualifier_value>NADP+ binding site [chemical binding]</GBQualifier_value>
        </GBQualifier>
        <GBQualifier>
          <GBQualifier_name>db_xref</GBQualifier_name>
          <GBQualifier_value>CDD:238127</GBQualifier_value>
        </GBQualifier>
      </GBFeature_quals>
    </GBFeature>
    <GBFeature>
      <GBFeature_key>CDS</GBFeature_key>
      <GBFeature_location>1..160</GBFeature_location>
      <GBFeature_intervals>
        <GBInterval>
          <GBInterval_from>1</GBInterval_from>
          <GBInterval_to>160</GBInterval_to>
          <GBInterval_accession>NP_439060.1</GBInterval_accession>
        </GBInterval>
      </GBFeature_intervals>
      <GBFeature_quals>
        <GBQualifier>
          <GBQualifier_name>gene</GBQualifier_name>
          <GBQualifier_value>folA</GBQualifier_value>
        </GBQualifier>
        <GBQualifier>
          <GBQualifier_name>locus_tag</GBQualifier_name>
          <GBQualifier_value>HI0899</GBQualifier_value>
        </GBQualifier>
        <GBQualifier>
          <GBQualifier_name>coded_by</GBQualifier_name>
          <GBQualifier_value>complement(NC_000907.1:955532..956014)</GBQualifier_value>
        </GBQualifier>
        <GBQualifier>
          <GBQualifier_name>note</GBQualifier_name>
          <GBQualifier_value>similar to GB:D10483 SP:P00379 GB:J01609 GB:J01609 GB:X05108</GBQualifier_value>
        </GBQualifier>
        <GBQualifier>
          <GBQualifier_name>transl_table</GBQualifier_name>
          <GBQualifier_value>11</GBQualifier_value>
        </GBQualifier>
        <GBQualifier>
          <GBQualifier_name>db_xref</GBQualifier_name>
          <GBQualifier_value>GeneID:949905</GBQualifier_value>
        </GBQualifier>
      </GBFeature_quals>
    </GBFeature>
  </GBSeq_feature-table>
  <GBSeq_sequence>mtfslivattlnnvigkdnqmpwhlpadlawfrqnttgkpvimgrktfesigrplpkrtnivlsrqlfehegviwkdsfesavnfvrdfdeimligggelfkqylpkadklyltqiqteldgdtffpqlnweeweiefdeyrkadeqnrydcrfliltrk</GBSeq_sequence>
  <GBSeq_contig>join(WP_005648125.1:1..160)</GBSeq_contig>
  <GBSeq_xrefs>
    <GBXref>
      <GBXref_dbname>BioProject</GBXref_dbname>
      <GBXref_id>PRJNA57771</GBXref_id>
    </GBXref>
    <GBXref>
      <GBXref_dbname>Assembly</GBXref_dbname>
      <GBXref_id>GCF_000027305.1</GBXref_id>
    </GBXref>
  </GBSeq_xrefs>
</GBSeq>

</GBSet>

