<?xml version="1.0" ?>
<!DOCTYPE GBSet PUBLIC "-//NCBI//NCBI GBSeq/EN" "https://www.ncbi.nlm.nih.gov/dtd/NCBI_GBSeq.dtd">
<GBSet>
<GBSeq>
  <GBSeq_locus>NP_569370</GBSeq_locus>
  <GBSeq_length>160</GBSeq_length>
  <GBSeq_moltype>AA</GBSeq_moltype>
  <GBSeq_topology>linear</GBSeq_topology>
  <GBSeq_division>CON</GBSeq_division>
  <GBSeq_update-date>03-AUG-2016</GBSeq_update-date>
  <GBSeq_create-date>26-OCT-2001</GBSeq_create-date>
  <GBSeq_definition>dihydrofolate reductase (plasmid) [Salmonella enterica subsp. enterica serovar Typhi str. CT18]</GBSeq_definition>
  <GBSeq_primary-accession>NP_569370</GBSeq_primary-accession>
  <GBSeq_accession-version>NP_569370.1</GBSeq_accession-version>
  <GBSeq_other-seqids>
    <GBSeqid>ref|NP_569370.1|</GBSeqid>
    <GBSeqid>gi|18466562</GBSeqid>
  </GBSeq_other-seqids>
  <GBSeq_project>PRJNA57793</GBSeq_project>
  <GBSeq_keywords>
    <GBKeyword>RefSeq</GBKeyword>
  </GBSeq_keywords>
  <GBSeq_source>Salmonella enterica subsp. enterica serovar Typhi str. CT18</GBSeq_source>
  <GBSeq_organism>Salmonella enterica subsp. enterica serovar Typhi str. CT18</GBSeq_organism>
  <GBSeq_taxonomy>Bacteria; Proteobacteria; Gammaproteobacteria; Enterobacteriales; Enterobacteriaceae; Salmonella</GBSeq_taxonomy>
  <GBSeq_references>
    <GBReference>
      <GBReference_reference>1</GBReference_reference>
      <GBReference_position>1..160</GBReference_position>
      <GBReference_authors>
        <GBAuthor>Parkhill,J.</GBAuthor>
        <GBAuthor>Dougan,G.</GBAuthor>
        <GBAuthor>James,K.D.</GBAuthor>
        <GBAuthor>Thomson,N.R.</GBAuthor>
        <GBAuthor>Pickard,D.</GBAuthor>
        <GBAuthor>Wain,J.</GBAuthor>
        <GBAuthor>Churcher,C.</GBAuthor>
        <GBAuthor>Mungall,K.L.</GBAuthor>
        <GBAuthor>Bentley,S.D.</GBAuthor>
        <GBAuthor>Holden,M.T.G.</GBAuthor>
        <GBAuthor>Sebaihia,M.</GBAuthor>
        <GBAuthor>Baker,S.</GBAuthor>
        <GBAuthor>Basham,D.</GBAuthor>
        <GBAuthor>Brooks,K.</GBAuthor>
        <GBAuthor>Chillingworth,T.</GBAuthor>
        <GBAuthor>Connerton,P.</GBAuthor>
        <GBAuthor>Cronin,A.</GBAuthor>
        <GBAuthor>Davis,P.</GBAuthor>
        <GBAuthor>Davies,R.M.</GBAuthor>
        <GBAuthor>Dowd,L.</GBAuthor>
        <GBAuthor>White,N.</GBAuthor>
        <GBAuthor>Farrar,J.</GBAuthor>
        <GBAuthor>Feltwell,T.</GBAuthor>
        <GBAuthor>Hamlin,N.</GBAuthor>
        <GBAuthor>Haque,A.</GBAuthor>
        <GBAuthor>Hien,T.T.</GBAuthor>
        <GBAuthor>Holroyd,S.</GBAuthor>
        <GBAuthor>Jagels,K.</GBAuthor>
        <GBAuthor>Krogh,A.</GBAuthor>
        <GBAuthor>Larsen,T.S.</GBAuthor>
        <GBAuthor>Leather,S.</GBAuthor>
        <GBAuthor>Moule,S.</GBAuthor>
        <GBAuthor>O&apos;Gaora,P.</GBAuthor>
        <GBAuthor>Parry,C.</GBAuthor>
        <GBAuthor>Quail,M.</GBAuthor>
        <GBAuthor>Rutherford,K.</GBAuthor>
        <GBAuthor>Simmonds,M.</GBAuthor>
        <GBAuthor>Skelton,J.</GBAuthor>
        <GBAuthor>Stevens,K.</GBAuthor>
        <GBAuthor>Whitehead,S.</GBAuthor>
        <GBAuthor>Barrell,B.G.</GBAuthor>
      </GBReference_authors>
      <GBReference_title>Complete genome sequence of a multiple drug resistant Salmonella enterica serovar Typhi CT18</GBReference_title>
      <GBReference_journal>Nature 413 (6858), 848-852 (2001)</GBReference_journal>
      <GBReference_pubmed>11677608</GBReference_pubmed>
    </GBReference>
    <GBReference>
      <GBReference_reference>2</GBReference_reference>
      <GBReference_position>1..160</GBReference_position>
      <GBReference_consortium>NCBI Genome Project</GBReference_consortium>
      <GBReference_title>Direct Submission</GBReference_title>
      <GBReference_journal>Submitted (10-SEP-2004) National Center for Biotechnology Information, NIH, Bethesda, MD 20894, USA</GBReference_journal>
    </GBReference>
    <GBReference>
      <GBReference_reference>3</GBReference_reference>
      <GBReference_position>1..160</GBReference_position>
      <GBReference_consortium>NCBI Microbial Genomes Annotation Project</GBReference_consortium>
      <GBReference_title>Direct Submission</GBReference_title>
      <GBReference_journal>Submitted (14-JUL-2003) National Center for Biotechnology Information, NIH, Bethesda, MD 20894, USA</GBReference_journal>
    </GBReference>
  </GBSeq_references>
  <GBSeq_comment>REVIEWED REFSEQ: This record has been curated by NCBI staff. The reference sequence was derived from CAD09756.; RefSeq Category: Reference Genome CLI: Clinical Isolate; Method: conceptual translation.</GBSeq_comment>
  <GBSeq_source-db>REFSEQ: accession NC_003384.1</GBSeq_source-db>
  <GBSeq_feature-table>
    <GBFeature>
      <GBFeature_key>source</GBFeature_key>
      <GBFeature_location>1..160</GBFeature_location>
      <GBFeature_intervals>
        <GBInterval>
          <GBInterval_from>1</GBInterval_from>
          <GBInterval_to>160</GBInterval_to>
          <GBInterval_accession>NP_569370.1</GBInterval_accession>
        </GBInterval>
      </GBFeature_intervals>
      <GBFeature_quals>
        <GBQualifier>
          <GBQualifier_name>organism</GBQualifier_name>
          <GBQualifier_value>Salmonella enterica subsp. enterica serovar Typhi str. CT18</GBQualifier_value>
        </GBQualifier>
        <GBQualifier>
          <GBQualifier_name>strain</GBQualifier_name>
          <GBQualifier_value>CT18</GBQualifier_value>
        </GBQualifier>
        <GBQualifier>
          <GBQualifier_name>serovar</GBQualifier_name>
          <GBQualifier_value>Typhi</GBQualifier_value>
        </GBQualifier>
        <GBQualifier>
          <GBQualifier_name>sub_species</GBQualifier_name>
          <GBQualifier_value>enterica</GBQualifier_value>
        </GBQualifier>
        <GBQualifier>
          <GBQualifier_name>db_xref</GBQualifier_name>
          <GBQualifier_value>taxon:220341</GBQualifier_value>
        </GBQualifier>
        <GBQualifier>
          <GBQualifier_name>plasmid</GBQualifier_name>
          <GBQualifier_value>pHCM1</GBQualifier_value>
        </GBQualifier>
        <GBQualifier>
          <GBQualifier_name>note</GBQualifier_name>
          <GBQualifier_value>conjugative plasmid which encodes resistance to antimicrobial agents and heavy metals; similar to IncHI plasmid R27</GBQualifier_value>
        </GBQualifier>
      </GBFeature_quals>
    </GBFeature>
    <GBFeature>
      <GBFeature_key>Protein</GBFeature_key>
      <GBFeature_location>1..160</GBFeature_location>
      <GBFeature_intervals>
        <GBInterval>
          <GBInterval_from>1</GBInterval_from>
          <GBInterval_to>160</GBInterval_to>
          <GBInterval_accession>NP_569370.1</GBInterval_accession>
        </GBInterval>
      </GBFeature_intervals>
      <GBFeature_quals>
        <GBQualifier>
          <GBQualifier_name>product</GBQualifier_name>
          <GBQualifier_value>dihydrofolate reductase</GBQualifier_value>
        </GBQualifier>
        <GBQualifier>
          <GBQualifier_name>EC_number</GBQualifier_name>
          <GBQualifier_value>1.5.1.3</GBQualifier_value>
        </GBQualifier>
        <GBQualifier>
          <GBQualifier_name>calculated_mol_wt</GBQualifier_name>
          <GBQualifier_value>17781</GBQualifier_value>
        </GBQualifier>
      </GBFeature_quals>
    </GBFeature>
    <GBFeature>
      <GBFeature_key>Region</GBFeature_key>
      <GBFeature_location>6..158</GBFeature_location>
      <GBFeature_intervals>
        <GBInterval>
          <GBInterval_from>6</GBInterval_from>
          <GBInterval_to>158</GBInterval_to>
          <GBInterval_accession>NP_569370.1</GBInterval_accession>
        </GBInterval>
      </GBFeature_intervals>
      <GBFeature_quals>
        <GBQualifier>
          <GBQualifier_name>region_name</GBQualifier_name>
          <GBQualifier_value>DHFR</GBQualifier_value>
        </GBQualifier>
        <GBQualifier>
          <GBQualifier_name>note</GBQualifier_name>
          <GBQualifier_value>Dihydrofolate reductase (DHFR). Reduces 7,8-dihydrofolate to 5,6,7,8-tetrahydrofolate with NADPH as a cofactor. This is an essential step in the biosynthesis of deoxythymidine phosphate since 5,6,7,8-tetrahydrofolate is required to regenerate 5; cd00209</GBQualifier_value>
        </GBQualifier>
        <GBQualifier>
          <GBQualifier_name>db_xref</GBQualifier_name>
          <GBQualifier_value>CDD:238127</GBQualifier_value>
        </GBQualifier>
      </GBFeature_quals>
    </GBFeature>
    <GBFeature>
      <GBFeature_key>Site</GBFeature_key>
      <GBFeature_location>order(9,26,31,60,100,106,119)</GBFeature_location>
      <GBFeature_intervals>
        <GBInterval>
          <GBInterval_point>9</GBInterval_point>
          <GBInterval_accession>NP_569370.1</GBInterval_accession>
        </GBInterval>
        <GBInterval>
          <GBInterval_point>26</GBInterval_point>
          <GBInterval_accession>NP_569370.1</GBInterval_accession>
        </GBInterval>
        <GBInterval>
          <GBInterval_point>31</GBInterval_point>
          <GBInterval_accession>NP_569370.1</GBInterval_accession>
        </GBInterval>
        <GBInterval>
          <GBInterval_point>60</GBInterval_point>
          <GBInterval_accession>NP_569370.1</GBInterval_accession>
        </GBInterval>
        <GBInterval>
          <GBInterval_point>100</GBInterval_point>
          <GBInterval_accession>NP_569370.1</GBInterval_accession>
        </GBInterval>
        <GBInterval>
          <GBInterval_point>106</GBInterval_point>
          <GBInterval_accession>NP_569370.1</GBInterval_accession>
        </GBInterval>
        <GBInterval>
          <GBInterval_point>119</GBInterval_point>
          <GBInterval_accession>NP_569370.1</GBInterval_accession>
        </GBInterval>
      </GBFeature_intervals>
      <GBFeature_operator>order</GBFeature_operator>
      <GBFeature_quals>
        <GBQualifier>
          <GBQualifier_name>site_type</GBQualifier_name>
          <GBQualifier_value>other</GBQualifier_value>
        </GBQualifier>
        <GBQualifier>
          <GBQualifier_name>note</GBQualifier_name>
          <GBQualifier_value>folate binding site [chemical binding]</GBQualifier_value>
        </GBQualifier>
        <GBQualifier>
          <GBQualifier_name>db_xref</GBQualifier_name>
          <GBQualifier_value>CDD:238127</GBQualifier_value>
        </GBQualifier>
      </GBFeature_quals>
    </GBFeature>
    <GBFeature>
      <GBFeature_key>Site</GBFeature_key>
      <GBFeature_location>order(11,18,48..50,67,101..104)</GBFeature_location>
      <GBFeature_intervals>
        <GBInterval>
          <GBInterval_point>11</GBInterval_point>
          <GBInterval_accession>NP_569370.1</GBInterval_accession>
        </GBInterval>
        <GBInterval>
          <GBInterval_point>18</GBInterval_point>
          <GBInterval_accession>NP_569370.1</GBInterval_accession>
        </GBInterval>
        <GBInterval>
          <GBInterval_from>48</GBInterval_from>
          <GBInterval_to>50</GBInterval_to>
          <GBInterval_accession>NP_569370.1</GBInterval_accession>
        </GBInterval>
        <GBInterval>
          <GBInterval_point>67</GBInterval_point>
          <GBInterval_accession>NP_569370.1</GBInterval_accession>
        </GBInterval>
        <GBInterval>
          <GBInterval_from>101</GBInterval_from>
          <GBInterval_to>104</GBInterval_to>
          <GBInterval_accession>NP_569370.1</GBInterval_accession>
        </GBInterval>
      </GBFeature_intervals>
      <GBFeature_operator>order</GBFeature_operator>
      <GBFeature_quals>
        <GBQualifier>
          <GBQualifier_name>site_type</GBQualifier_name>
          <GBQualifier_value>other</GBQualifier_value>
        </GBQualifier>
        <GBQualifier>
          <GBQualifier_name>note</GBQualifier_name>
          <GBQualifier_value>NADP+ binding site [chemical binding]</GBQualifier_value>
        </GBQualifier>
        <GBQualifier>
          <GBQualifier_name>db_xref</GBQualifier_name>
          <GBQualifier_value>CDD:238127</GBQualifier_value>
        </GBQualifier>
      </GBFeature_quals>
    </GBFeature>
    <GBFeature>
      <GBFeature_key>CDS</GBFeature_key>
      <GBFeature_location>1..160</GBFeature_location>
      <GBFeature_intervals>
        <GBInterval>
          <GBInterval_from>1</GBInterval_from>
          <GBInterval_to>160</GBInterval_to>
          <GBInterval_accession>NP_569370.1</GBInterval_accession>
        </GBInterval>
      </GBFeature_intervals>
      <GBFeature_quals>
        <GBQualifier>
          <GBQualifier_name>gene</GBQualifier_name>
          <GBQualifier_value>dhfR</GBQualifier_value>
        </GBQualifier>
        <GBQualifier>
          <GBQualifier_name>locus_tag</GBQualifier_name>
          <GBQualifier_value>HCM1.165c</GBQualifier_value>
        </GBQualifier>
        <GBQualifier>
          <GBQualifier_name>coded_by</GBQualifier_name>
          <GBQualifier_value>complement(NC_003384.1:120417..120899)</GBQualifier_value>
        </GBQualifier>
        <GBQualifier>
          <GBQualifier_name>note</GBQualifier_name>
          <GBQualifier_value>similar to (EMBL:X12868) dhfRV from Escherichia coli</GBQualifier_value>
        </GBQualifier>
        <GBQualifier>
          <GBQualifier_name>transl_table</GBQualifier_name>
          <GBQualifier_value>11</GBQualifier_value>
        </GBQualifier>
        <GBQualifier>
          <GBQualifier_name>db_xref</GBQualifier_name>
          <GBQualifier_value>GeneID:1251383</GBQualifier_value>
        </GBQualifier>
      </GBFeature_quals>
    </GBFeature>
  </GBSeq_feature-table>
  <GBSeq_sequence>mrtlkvslmaakakngvigcgpdipwsakgeqllfkaltynqwllvgrktfesmgalpnrkyavvtrsgwtsnddnvvvfqsieeamdrlaeftghvivsgggeiyretlpmastlhlstidiepegdvffpsipntfevvfeqhftsninycyqiwkkg</GBSeq_sequence>
  <GBSeq_contig>join(WP_001348218.1:1..160)</GBSeq_contig>
  <GBSeq_xrefs>
    <GBXref>
      <GBXref_dbname>BioProject</GBXref_dbname>
      <GBXref_id>PRJNA57793</GBXref_id>
    </GBXref>
    <GBXref>
      <GBXref_dbname>Assembly</GBXref_dbname>
      <GBXref_id>GCF_000195995.1</GBXref_id>
    </GBXref>
  </GBSeq_xrefs>
</GBSeq>

</GBSet>

