<?xml version="1.0" ?>
<!DOCTYPE GBSet PUBLIC "-//NCBI//NCBI GBSeq/EN" "https://www.ncbi.nlm.nih.gov/dtd/NCBI_GBSeq.dtd">
<GBSet>
<GBSeq>
  <GBSeq_locus>NP_600072</GBSeq_locus>
  <GBSeq_length>152</GBSeq_length>
  <GBSeq_moltype>AA</GBSeq_moltype>
  <GBSeq_topology>linear</GBSeq_topology>
  <GBSeq_division>CON</GBSeq_division>
  <GBSeq_update-date>03-AUG-2016</GBSeq_update-date>
  <GBSeq_create-date>12-MAR-2001</GBSeq_create-date>
  <GBSeq_definition>dihydrofolate reductase [Corynebacterium glutamicum ATCC 13032]</GBSeq_definition>
  <GBSeq_primary-accession>NP_600072</GBSeq_primary-accession>
  <GBSeq_accession-version>NP_600072.1</GBSeq_accession-version>
  <GBSeq_other-seqids>
    <GBSeqid>gnl|REF_307|NCgl0809</GBSeqid>
    <GBSeqid>ref|NP_600072.1|</GBSeqid>
    <GBSeqid>gi|19552070</GBSeqid>
  </GBSeq_other-seqids>
  <GBSeq_project>PRJNA57905</GBSeq_project>
  <GBSeq_keywords>
    <GBKeyword>RefSeq</GBKeyword>
  </GBSeq_keywords>
  <GBSeq_source>Corynebacterium glutamicum ATCC 13032</GBSeq_source>
  <GBSeq_organism>Corynebacterium glutamicum ATCC 13032</GBSeq_organism>
  <GBSeq_taxonomy>Bacteria; Actinobacteria; Corynebacteriales; Corynebacteriaceae; Corynebacterium</GBSeq_taxonomy>
  <GBSeq_references>
    <GBReference>
      <GBReference_reference>1</GBReference_reference>
      <GBReference_position>1..152</GBReference_position>
      <GBReference_authors>
        <GBAuthor>Nakagawa,S.</GBAuthor>
      </GBReference_authors>
      <GBReference_title>The complete genome sequencing of Corynebacterium glutamicum ATCC 13032</GBReference_title>
      <GBReference_journal>(in) PROCEEDINGS OF THE 9TH INTERNATIONAL SYMPOSIUM ON THE GENETICS OF INDUSTRIAL MICROORGANISMS: 21; (?)</GBReference_journal>
    </GBReference>
    <GBReference>
      <GBReference_reference>2</GBReference_reference>
      <GBReference_position>1..152</GBReference_position>
      <GBReference_authors>
        <GBAuthor>Silberbach,M.</GBAuthor>
        <GBAuthor>Schafer,M.</GBAuthor>
        <GBAuthor>Huser,A.T.</GBAuthor>
        <GBAuthor>Kalinowski,J.</GBAuthor>
        <GBAuthor>Puhler,A.</GBAuthor>
        <GBAuthor>Kramer,R.</GBAuthor>
        <GBAuthor>Burkovski,A.</GBAuthor>
      </GBReference_authors>
      <GBReference_title>Adaptation of Corynebacterium glutamicum to ammonium limitation: a global analysis using transcriptome and proteome techniques</GBReference_title>
      <GBReference_journal>Appl. Environ. Microbiol. 71 (5), 2391-2402 (2005)</GBReference_journal>
      <GBReference_xref>
        <GBXref>
          <GBXref_dbname>doi</GBXref_dbname>
          <GBXref_id>10.1128/AEM.71.5.2391-2402.2005</GBXref_id>
        </GBXref>
      </GBReference_xref>
      <GBReference_pubmed>15870326</GBReference_pubmed>
    </GBReference>
    <GBReference>
      <GBReference_reference>3</GBReference_reference>
      <GBReference_position>1..152</GBReference_position>
      <GBReference_authors>
        <GBAuthor>Ikeda,M.</GBAuthor>
        <GBAuthor>Nakagawa,S.</GBAuthor>
      </GBReference_authors>
      <GBReference_title>The Corynebacterium glutamicum genome: features and impacts on biotechnological processes</GBReference_title>
      <GBReference_journal>Appl. Microbiol. Biotechnol. 62 (2-3), 99-109 (2003)</GBReference_journal>
      <GBReference_xref>
        <GBXref>
          <GBXref_dbname>doi</GBXref_dbname>
          <GBXref_id>10.1007/s00253-003-1328-1</GBXref_id>
        </GBXref>
      </GBReference_xref>
      <GBReference_pubmed>12743753</GBReference_pubmed>
    </GBReference>
    <GBReference>
      <GBReference_reference>4</GBReference_reference>
      <GBReference_position>1..152</GBReference_position>
      <GBReference_authors>
        <GBAuthor>NCBI Genomes Project</GBAuthor>
      </GBReference_authors>
      <GBReference_title>Direct Submission</GBReference_title>
      <GBReference_journal>Submitted (23-SEP-2002) National Center for Biotechnology Information, NIH, Bethesda, MD 20894, USA</GBReference_journal>
    </GBReference>
    <GBReference>
      <GBReference_reference>5</GBReference_reference>
      <GBReference_position>1..152</GBReference_position>
      <GBReference_authors>
        <GBAuthor>Nakagawa,S.</GBAuthor>
      </GBReference_authors>
      <GBReference_title>Direct Submission</GBReference_title>
      <GBReference_journal>Submitted (24-MAY-2002) Tokyo Research Laboratories, Kogyo Co. Ltd., 3-6-6 Asahi-machi, Machida, Tokyo 194-8533, Japan</GBReference_journal>
    </GBReference>
    <GBReference>
      <GBReference_reference>6</GBReference_reference>
      <GBReference_position>1..152</GBReference_position>
      <GBReference_consortium>NCBI Genome Project</GBReference_consortium>
      <GBReference_title>Direct Submission</GBReference_title>
      <GBReference_journal>Submitted (20-MAR-2002) National Center for Biotechnology Information, NIH, Bethesda, MD 20894, USA</GBReference_journal>
    </GBReference>
  </GBSeq_references>
  <GBSeq_comment>REVIEWED REFSEQ: This record has been curated by NCBI staff. The reference sequence was derived from BAB98236.; RefSeq Category: Reference Genome FGS: First Genome sequenced MOD: Model Organism TYS: Designated Type Strain UPR: UniProt Genome; Genome re-annotation resulted from the combination of the Corynebacterium glutamicum complete genomes deposited in GenBank Accession Numbers BA000036 and NC_003450. First version of NC_003450 was annotated by NCBI staff using the GenMark HMM prediction program and BLAST analysis results. Cgl#### systematic gene names were used but the same gene names were later re-used in BA000036 record. To avoid the confusion in the the present record NCgl#### refers to the new systematic gene name for the revised version of the Corynebacterium glutamicum genome, whereas, Cgl#### refers to the corresponding gene in the Corynebacterium glutamicum complete genome deposited at GenBank Accession Number BA000036.; Method: conceptual translation.</GBSeq_comment>
  <GBSeq_source-db>REFSEQ: accession NC_003450.3</GBSeq_source-db>
  <GBSeq_feature-table>
    <GBFeature>
      <GBFeature_key>source</GBFeature_key>
      <GBFeature_location>1..152</GBFeature_location>
      <GBFeature_intervals>
        <GBInterval>
          <GBInterval_from>1</GBInterval_from>
          <GBInterval_to>152</GBInterval_to>
          <GBInterval_accession>NP_600072.1</GBInterval_accession>
        </GBInterval>
      </GBFeature_intervals>
      <GBFeature_quals>
        <GBQualifier>
          <GBQualifier_name>organism</GBQualifier_name>
          <GBQualifier_value>Corynebacterium glutamicum ATCC 13032</GBQualifier_value>
        </GBQualifier>
        <GBQualifier>
          <GBQualifier_name>strain</GBQualifier_name>
          <GBQualifier_value>ATCC 13032</GBQualifier_value>
        </GBQualifier>
        <GBQualifier>
          <GBQualifier_name>db_xref</GBQualifier_name>
          <GBQualifier_value>taxon:196627</GBQualifier_value>
        </GBQualifier>
      </GBFeature_quals>
    </GBFeature>
    <GBFeature>
      <GBFeature_key>Protein</GBFeature_key>
      <GBFeature_location>1..152</GBFeature_location>
      <GBFeature_intervals>
        <GBInterval>
          <GBInterval_from>1</GBInterval_from>
          <GBInterval_to>152</GBInterval_to>
          <GBInterval_accession>NP_600072.1</GBInterval_accession>
        </GBInterval>
      </GBFeature_intervals>
      <GBFeature_quals>
        <GBQualifier>
          <GBQualifier_name>product</GBQualifier_name>
          <GBQualifier_value>dihydrofolate reductase</GBQualifier_value>
        </GBQualifier>
        <GBQualifier>
          <GBQualifier_name>EC_number</GBQualifier_name>
          <GBQualifier_value>1.5.1.3</GBQualifier_value>
        </GBQualifier>
        <GBQualifier>
          <GBQualifier_name>calculated_mol_wt</GBQualifier_name>
          <GBQualifier_value>16855</GBQualifier_value>
        </GBQualifier>
      </GBFeature_quals>
    </GBFeature>
    <GBFeature>
      <GBFeature_key>Region</GBFeature_key>
      <GBFeature_location>2..150</GBFeature_location>
      <GBFeature_intervals>
        <GBInterval>
          <GBInterval_from>2</GBInterval_from>
          <GBInterval_to>150</GBInterval_to>
          <GBInterval_accession>NP_600072.1</GBInterval_accession>
        </GBInterval>
      </GBFeature_intervals>
      <GBFeature_quals>
        <GBQualifier>
          <GBQualifier_name>region_name</GBQualifier_name>
          <GBQualifier_value>DHFR</GBQualifier_value>
        </GBQualifier>
        <GBQualifier>
          <GBQualifier_name>note</GBQualifier_name>
          <GBQualifier_value>Dihydrofolate reductase (DHFR). Reduces 7,8-dihydrofolate to 5,6,7,8-tetrahydrofolate with NADPH as a cofactor. This is an essential step in the biosynthesis of deoxythymidine phosphate since 5,6,7,8-tetrahydrofolate is required to regenerate 5; cd00209</GBQualifier_value>
        </GBQualifier>
        <GBQualifier>
          <GBQualifier_name>db_xref</GBQualifier_name>
          <GBQualifier_value>CDD:238127</GBQualifier_value>
        </GBQualifier>
      </GBFeature_quals>
    </GBFeature>
    <GBFeature>
      <GBFeature_key>Site</GBFeature_key>
      <GBFeature_location>order(5,22,27,58,88,94,107)</GBFeature_location>
      <GBFeature_intervals>
        <GBInterval>
          <GBInterval_point>5</GBInterval_point>
          <GBInterval_accession>NP_600072.1</GBInterval_accession>
        </GBInterval>
        <GBInterval>
          <GBInterval_point>22</GBInterval_point>
          <GBInterval_accession>NP_600072.1</GBInterval_accession>
        </GBInterval>
        <GBInterval>
          <GBInterval_point>27</GBInterval_point>
          <GBInterval_accession>NP_600072.1</GBInterval_accession>
        </GBInterval>
        <GBInterval>
          <GBInterval_point>58</GBInterval_point>
          <GBInterval_accession>NP_600072.1</GBInterval_accession>
        </GBInterval>
        <GBInterval>
          <GBInterval_point>88</GBInterval_point>
          <GBInterval_accession>NP_600072.1</GBInterval_accession>
        </GBInterval>
        <GBInterval>
          <GBInterval_point>94</GBInterval_point>
          <GBInterval_accession>NP_600072.1</GBInterval_accession>
        </GBInterval>
        <GBInterval>
          <GBInterval_point>107</GBInterval_point>
          <GBInterval_accession>NP_600072.1</GBInterval_accession>
        </GBInterval>
      </GBFeature_intervals>
      <GBFeature_operator>order</GBFeature_operator>
      <GBFeature_quals>
        <GBQualifier>
          <GBQualifier_name>site_type</GBQualifier_name>
          <GBQualifier_value>other</GBQualifier_value>
        </GBQualifier>
        <GBQualifier>
          <GBQualifier_name>note</GBQualifier_name>
          <GBQualifier_value>folate binding site [chemical binding]</GBQualifier_value>
        </GBQualifier>
        <GBQualifier>
          <GBQualifier_name>db_xref</GBQualifier_name>
          <GBQualifier_value>CDD:238127</GBQualifier_value>
        </GBQualifier>
      </GBFeature_quals>
    </GBFeature>
    <GBFeature>
      <GBFeature_key>Site</GBFeature_key>
      <GBFeature_location>order(7,14,44..46,65,89..92)</GBFeature_location>
      <GBFeature_intervals>
        <GBInterval>
          <GBInterval_point>7</GBInterval_point>
          <GBInterval_accession>NP_600072.1</GBInterval_accession>
        </GBInterval>
        <GBInterval>
          <GBInterval_point>14</GBInterval_point>
          <GBInterval_accession>NP_600072.1</GBInterval_accession>
        </GBInterval>
        <GBInterval>
          <GBInterval_from>44</GBInterval_from>
          <GBInterval_to>46</GBInterval_to>
          <GBInterval_accession>NP_600072.1</GBInterval_accession>
        </GBInterval>
        <GBInterval>
          <GBInterval_point>65</GBInterval_point>
          <GBInterval_accession>NP_600072.1</GBInterval_accession>
        </GBInterval>
        <GBInterval>
          <GBInterval_from>89</GBInterval_from>
          <GBInterval_to>92</GBInterval_to>
          <GBInterval_accession>NP_600072.1</GBInterval_accession>
        </GBInterval>
      </GBFeature_intervals>
      <GBFeature_operator>order</GBFeature_operator>
      <GBFeature_quals>
        <GBQualifier>
          <GBQualifier_name>site_type</GBQualifier_name>
          <GBQualifier_value>other</GBQualifier_value>
        </GBQualifier>
        <GBQualifier>
          <GBQualifier_name>note</GBQualifier_name>
          <GBQualifier_value>NADP+ binding site [chemical binding]</GBQualifier_value>
        </GBQualifier>
        <GBQualifier>
          <GBQualifier_name>db_xref</GBQualifier_name>
          <GBQualifier_value>CDD:238127</GBQualifier_value>
        </GBQualifier>
      </GBFeature_quals>
    </GBFeature>
    <GBFeature>
      <GBFeature_key>CDS</GBFeature_key>
      <GBFeature_location>1..152</GBFeature_location>
      <GBFeature_intervals>
        <GBInterval>
          <GBInterval_from>1</GBInterval_from>
          <GBInterval_to>152</GBInterval_to>
          <GBInterval_accession>NP_600072.1</GBInterval_accession>
        </GBInterval>
      </GBFeature_intervals>
      <GBFeature_quals>
        <GBQualifier>
          <GBQualifier_name>coded_by</GBQualifier_name>
          <GBQualifier_value>complement(NC_003450.3:897976..898434)</GBQualifier_value>
        </GBQualifier>
        <GBQualifier>
          <GBQualifier_name>transl_table</GBQualifier_name>
          <GBQualifier_value>11</GBQualifier_value>
        </GBQualifier>
      </GBFeature_quals>
    </GBFeature>
  </GBSeq_feature-table>
  <GBSeq_sequence>migaiwaqgrdgiigdgtdmpwhipedlkhfkkttmgqpvimgrrtweslpfkplpgrenfilssrepgdwsaggtvvteipksgwimgggevykatvgsadvleitlidatfdvstpvyapeipanfnlddesewftsgeyrykfqryikv</GBSeq_sequence>
  <GBSeq_contig>join(WP_011013924.1:1..152)</GBSeq_contig>
  <GBSeq_xrefs>
    <GBXref>
      <GBXref_dbname>BioProject</GBXref_dbname>
      <GBXref_id>PRJNA57905</GBXref_id>
    </GBXref>
    <GBXref>
      <GBXref_dbname>Assembly</GBXref_dbname>
      <GBXref_id>GCF_000011325.1</GBXref_id>
    </GBXref>
  </GBSeq_xrefs>
</GBSeq>

</GBSet>

