<?xml version="1.0" ?>
<!DOCTYPE GBSet PUBLIC "-//NCBI//NCBI GBSeq/EN" "https://www.ncbi.nlm.nih.gov/dtd/NCBI_GBSeq.dtd">
<GBSet>
<GBSeq>
  <GBSeq_locus>NP_603148</GBSeq_locus>
  <GBSeq_length>164</GBSeq_length>
  <GBSeq_moltype>AA</GBSeq_moltype>
  <GBSeq_topology>linear</GBSeq_topology>
  <GBSeq_division>CON</GBSeq_division>
  <GBSeq_update-date>03-AUG-2016</GBSeq_update-date>
  <GBSeq_create-date>25-MAR-2002</GBSeq_create-date>
  <GBSeq_definition>dihydrofolate reductase [Fusobacterium nucleatum subsp. nucleatum ATCC 25586]</GBSeq_definition>
  <GBSeq_primary-accession>NP_603148</GBSeq_primary-accession>
  <GBSeq_accession-version>NP_603148.1</GBSeq_accession-version>
  <GBSeq_other-seqids>
    <GBSeqid>ref|NP_603148.1|</GBSeqid>
    <GBSeqid>gi|19703586</GBSeqid>
  </GBSeq_other-seqids>
  <GBSeq_project>PRJNA57885</GBSeq_project>
  <GBSeq_keywords>
    <GBKeyword>RefSeq</GBKeyword>
  </GBSeq_keywords>
  <GBSeq_source>Fusobacterium nucleatum subsp. nucleatum ATCC 25586</GBSeq_source>
  <GBSeq_organism>Fusobacterium nucleatum subsp. nucleatum ATCC 25586</GBSeq_organism>
  <GBSeq_taxonomy>Bacteria; Fusobacteria; Fusobacteriales; Fusobacteriaceae; Fusobacterium</GBSeq_taxonomy>
  <GBSeq_references>
    <GBReference>
      <GBReference_reference>1</GBReference_reference>
      <GBReference_position>1..164</GBReference_position>
      <GBReference_authors>
        <GBAuthor>Kapatral,V.</GBAuthor>
        <GBAuthor>Anderson,I.</GBAuthor>
        <GBAuthor>Ivanova,N.</GBAuthor>
        <GBAuthor>Reznik,G.</GBAuthor>
        <GBAuthor>Los,T.</GBAuthor>
        <GBAuthor>Lykidis,A.</GBAuthor>
        <GBAuthor>Bhattacharyya,A.</GBAuthor>
        <GBAuthor>Bartman,A.</GBAuthor>
        <GBAuthor>Gardner,W.</GBAuthor>
        <GBAuthor>Grechkin,G.</GBAuthor>
        <GBAuthor>Zhu,L.</GBAuthor>
        <GBAuthor>Vasieva,O.</GBAuthor>
        <GBAuthor>Chu,L.</GBAuthor>
        <GBAuthor>Kogan,Y.</GBAuthor>
        <GBAuthor>Chaga,O.</GBAuthor>
        <GBAuthor>Goltsman,E.</GBAuthor>
        <GBAuthor>Bernal,A.</GBAuthor>
        <GBAuthor>Larsen,N.</GBAuthor>
        <GBAuthor>D&apos;Souza,M.</GBAuthor>
        <GBAuthor>Walunas,T.</GBAuthor>
        <GBAuthor>Pusch,G.</GBAuthor>
        <GBAuthor>Haselkorn,R.</GBAuthor>
        <GBAuthor>Fonstein,M.</GBAuthor>
        <GBAuthor>Kyrpides,N.</GBAuthor>
        <GBAuthor>Overbeek,R.</GBAuthor>
      </GBReference_authors>
      <GBReference_title>Genome sequence and analysis of the oral bacterium Fusobacterium nucleatum strain ATCC 25586</GBReference_title>
      <GBReference_journal>J. Bacteriol. 184 (7), 2005-2018 (2002)</GBReference_journal>
      <GBReference_pubmed>11889109</GBReference_pubmed>
    </GBReference>
    <GBReference>
      <GBReference_reference>2</GBReference_reference>
      <GBReference_position>1..164</GBReference_position>
      <GBReference_consortium>NCBI Genome Project</GBReference_consortium>
      <GBReference_title>Direct Submission</GBReference_title>
      <GBReference_journal>Submitted (25-MAR-2002) National Center for Biotechnology Information, NIH, Bethesda, MD 20894, USA</GBReference_journal>
    </GBReference>
    <GBReference>
      <GBReference_reference>3</GBReference_reference>
      <GBReference_position>1..164</GBReference_position>
      <GBReference_authors>
        <GBAuthor>Kapatral,V.</GBAuthor>
        <GBAuthor>Anderson,I.</GBAuthor>
        <GBAuthor>Ivanova,N.</GBAuthor>
        <GBAuthor>Reznik,G.</GBAuthor>
        <GBAuthor>Los,T.</GBAuthor>
        <GBAuthor>Lykidis,A.</GBAuthor>
        <GBAuthor>Bhattacharayya,A.</GBAuthor>
        <GBAuthor>Bartman,A.</GBAuthor>
        <GBAuthor>Gardner,W.</GBAuthor>
        <GBAuthor>Grechkin,G.</GBAuthor>
        <GBAuthor>Zhu,L.</GBAuthor>
        <GBAuthor>Chu,L.</GBAuthor>
        <GBAuthor>Kogan,Y.</GBAuthor>
        <GBAuthor>Chaga,O.</GBAuthor>
        <GBAuthor>Goltsman,E.</GBAuthor>
        <GBAuthor>Bernal,A.</GBAuthor>
        <GBAuthor>Larsen,N.</GBAuthor>
        <GBAuthor>D&apos;Souza,M.</GBAuthor>
        <GBAuthor>Walunas,T.</GBAuthor>
        <GBAuthor>Pusch,G.D.</GBAuthor>
        <GBAuthor>Haselkorn,R.</GBAuthor>
        <GBAuthor>Fonstein,M.</GBAuthor>
        <GBAuthor>Kyrpides,N.</GBAuthor>
        <GBAuthor>Overbeek,R.</GBAuthor>
      </GBReference_authors>
      <GBReference_title>Direct Submission</GBReference_title>
      <GBReference_journal>Submitted (13-FEB-2002) Integrated Genomics, 2201 W. Campbell Park Drive, Chicago, IL 60612, USA</GBReference_journal>
    </GBReference>
  </GBSeq_references>
  <GBSeq_comment>REVIEWED REFSEQ: This record has been curated by NCBI staff. The reference sequence was derived from AAL94447.; RefSeq Category: Reference Genome TYS: Designated Type Strain UPR: UniProt Genome; Method: conceptual translation.</GBSeq_comment>
  <GBSeq_source-db>REFSEQ: accession NC_003454.1</GBSeq_source-db>
  <GBSeq_feature-table>
    <GBFeature>
      <GBFeature_key>source</GBFeature_key>
      <GBFeature_location>1..164</GBFeature_location>
      <GBFeature_intervals>
        <GBInterval>
          <GBInterval_from>1</GBInterval_from>
          <GBInterval_to>164</GBInterval_to>
          <GBInterval_accession>NP_603148.1</GBInterval_accession>
        </GBInterval>
      </GBFeature_intervals>
      <GBFeature_quals>
        <GBQualifier>
          <GBQualifier_name>organism</GBQualifier_name>
          <GBQualifier_value>Fusobacterium nucleatum subsp. nucleatum ATCC 25586</GBQualifier_value>
        </GBQualifier>
        <GBQualifier>
          <GBQualifier_name>strain</GBQualifier_name>
          <GBQualifier_value>ATCC 25586</GBQualifier_value>
        </GBQualifier>
        <GBQualifier>
          <GBQualifier_name>sub_species</GBQualifier_name>
          <GBQualifier_value>nucleatum</GBQualifier_value>
        </GBQualifier>
        <GBQualifier>
          <GBQualifier_name>db_xref</GBQualifier_name>
          <GBQualifier_value>ATCC:25586</GBQualifier_value>
        </GBQualifier>
        <GBQualifier>
          <GBQualifier_name>db_xref</GBQualifier_name>
          <GBQualifier_value>taxon:190304</GBQualifier_value>
        </GBQualifier>
      </GBFeature_quals>
    </GBFeature>
    <GBFeature>
      <GBFeature_key>Protein</GBFeature_key>
      <GBFeature_location>1..164</GBFeature_location>
      <GBFeature_intervals>
        <GBInterval>
          <GBInterval_from>1</GBInterval_from>
          <GBInterval_to>164</GBInterval_to>
          <GBInterval_accession>NP_603148.1</GBInterval_accession>
        </GBInterval>
      </GBFeature_intervals>
      <GBFeature_quals>
        <GBQualifier>
          <GBQualifier_name>product</GBQualifier_name>
          <GBQualifier_value>dihydrofolate reductase</GBQualifier_value>
        </GBQualifier>
        <GBQualifier>
          <GBQualifier_name>EC_number</GBQualifier_name>
          <GBQualifier_value>1.5.1.3</GBQualifier_value>
        </GBQualifier>
        <GBQualifier>
          <GBQualifier_name>calculated_mol_wt</GBQualifier_name>
          <GBQualifier_value>19228</GBQualifier_value>
        </GBQualifier>
      </GBFeature_quals>
    </GBFeature>
    <GBFeature>
      <GBFeature_key>Region</GBFeature_key>
      <GBFeature_location>9..164</GBFeature_location>
      <GBFeature_intervals>
        <GBInterval>
          <GBInterval_from>9</GBInterval_from>
          <GBInterval_to>164</GBInterval_to>
          <GBInterval_accession>NP_603148.1</GBInterval_accession>
        </GBInterval>
      </GBFeature_intervals>
      <GBFeature_quals>
        <GBQualifier>
          <GBQualifier_name>region_name</GBQualifier_name>
          <GBQualifier_value>FolA</GBQualifier_value>
        </GBQualifier>
        <GBQualifier>
          <GBQualifier_name>note</GBQualifier_name>
          <GBQualifier_value>Dihydrofolate reductase [Coenzyme transport and metabolism]; COG0262</GBQualifier_value>
        </GBQualifier>
        <GBQualifier>
          <GBQualifier_name>db_xref</GBQualifier_name>
          <GBQualifier_value>CDD:223340</GBQualifier_value>
        </GBQualifier>
      </GBFeature_quals>
    </GBFeature>
    <GBFeature>
      <GBFeature_key>Site</GBFeature_key>
      <GBFeature_location>order(12,35,40,72,100,106,121)</GBFeature_location>
      <GBFeature_intervals>
        <GBInterval>
          <GBInterval_point>12</GBInterval_point>
          <GBInterval_accession>NP_603148.1</GBInterval_accession>
        </GBInterval>
        <GBInterval>
          <GBInterval_point>35</GBInterval_point>
          <GBInterval_accession>NP_603148.1</GBInterval_accession>
        </GBInterval>
        <GBInterval>
          <GBInterval_point>40</GBInterval_point>
          <GBInterval_accession>NP_603148.1</GBInterval_accession>
        </GBInterval>
        <GBInterval>
          <GBInterval_point>72</GBInterval_point>
          <GBInterval_accession>NP_603148.1</GBInterval_accession>
        </GBInterval>
        <GBInterval>
          <GBInterval_point>100</GBInterval_point>
          <GBInterval_accession>NP_603148.1</GBInterval_accession>
        </GBInterval>
        <GBInterval>
          <GBInterval_point>106</GBInterval_point>
          <GBInterval_accession>NP_603148.1</GBInterval_accession>
        </GBInterval>
        <GBInterval>
          <GBInterval_point>121</GBInterval_point>
          <GBInterval_accession>NP_603148.1</GBInterval_accession>
        </GBInterval>
      </GBFeature_intervals>
      <GBFeature_operator>order</GBFeature_operator>
      <GBFeature_quals>
        <GBQualifier>
          <GBQualifier_name>site_type</GBQualifier_name>
          <GBQualifier_value>other</GBQualifier_value>
        </GBQualifier>
        <GBQualifier>
          <GBQualifier_name>note</GBQualifier_name>
          <GBQualifier_value>folate binding site [chemical binding]</GBQualifier_value>
        </GBQualifier>
        <GBQualifier>
          <GBQualifier_name>db_xref</GBQualifier_name>
          <GBQualifier_value>CDD:238127</GBQualifier_value>
        </GBQualifier>
      </GBFeature_quals>
    </GBFeature>
    <GBFeature>
      <GBFeature_key>Site</GBFeature_key>
      <GBFeature_location>order(14,21,57..59,79,101..104)</GBFeature_location>
      <GBFeature_intervals>
        <GBInterval>
          <GBInterval_point>14</GBInterval_point>
          <GBInterval_accession>NP_603148.1</GBInterval_accession>
        </GBInterval>
        <GBInterval>
          <GBInterval_point>21</GBInterval_point>
          <GBInterval_accession>NP_603148.1</GBInterval_accession>
        </GBInterval>
        <GBInterval>
          <GBInterval_from>57</GBInterval_from>
          <GBInterval_to>59</GBInterval_to>
          <GBInterval_accession>NP_603148.1</GBInterval_accession>
        </GBInterval>
        <GBInterval>
          <GBInterval_point>79</GBInterval_point>
          <GBInterval_accession>NP_603148.1</GBInterval_accession>
        </GBInterval>
        <GBInterval>
          <GBInterval_from>101</GBInterval_from>
          <GBInterval_to>104</GBInterval_to>
          <GBInterval_accession>NP_603148.1</GBInterval_accession>
        </GBInterval>
      </GBFeature_intervals>
      <GBFeature_operator>order</GBFeature_operator>
      <GBFeature_quals>
        <GBQualifier>
          <GBQualifier_name>site_type</GBQualifier_name>
          <GBQualifier_value>other</GBQualifier_value>
        </GBQualifier>
        <GBQualifier>
          <GBQualifier_name>note</GBQualifier_name>
          <GBQualifier_value>NADP+ binding site [chemical binding]</GBQualifier_value>
        </GBQualifier>
        <GBQualifier>
          <GBQualifier_name>db_xref</GBQualifier_name>
          <GBQualifier_value>CDD:238127</GBQualifier_value>
        </GBQualifier>
      </GBFeature_quals>
    </GBFeature>
    <GBFeature>
      <GBFeature_key>CDS</GBFeature_key>
      <GBFeature_location>1..164</GBFeature_location>
      <GBFeature_intervals>
        <GBInterval>
          <GBInterval_from>1</GBInterval_from>
          <GBInterval_to>164</GBInterval_to>
          <GBInterval_accession>NP_603148.1</GBInterval_accession>
        </GBInterval>
      </GBFeature_intervals>
      <GBFeature_quals>
        <GBQualifier>
          <GBQualifier_name>locus_tag</GBQualifier_name>
          <GBQualifier_value>FN0241</GBQualifier_value>
        </GBQualifier>
        <GBQualifier>
          <GBQualifier_name>coded_by</GBQualifier_name>
          <GBQualifier_value>NC_003454.1:864861..865355</GBQualifier_value>
        </GBQualifier>
        <GBQualifier>
          <GBQualifier_name>transl_table</GBQualifier_name>
          <GBQualifier_value>11</GBQualifier_value>
        </GBQualifier>
        <GBQualifier>
          <GBQualifier_name>db_xref</GBQualifier_name>
          <GBQualifier_value>GeneID:991589</GBQualifier_value>
        </GBQualifier>
      </GBFeature_quals>
    </GBFeature>
  </GBSeq_feature-table>
  <GBSeq_sequence>mekkyyknlkmivcvgkdnligdrtpdensngmlwhikeelmyfksktigntvlfggttakyvpielmkknreviilhrnmdvpkliedltlenktifiaggysiykyfldnfeideiffskikdsvevkkaveplylpniedygykmvdkkdyeeftayiykk</GBSeq_sequence>
  <GBSeq_contig>join(WP_011016253.1:1..164)</GBSeq_contig>
  <GBSeq_xrefs>
    <GBXref>
      <GBXref_dbname>BioProject</GBXref_dbname>
      <GBXref_id>PRJNA57885</GBXref_id>
    </GBXref>
    <GBXref>
      <GBXref_dbname>Assembly</GBXref_dbname>
      <GBXref_id>GCF_000007325.1</GBXref_id>
    </GBXref>
  </GBSeq_xrefs>
</GBSeq>

</GBSet>

