<?xml version="1.0" ?>
<!DOCTYPE GBSet PUBLIC "-//NCBI//NCBI GBSeq/EN" "https://www.ncbi.nlm.nih.gov/dtd/NCBI_GBSeq.dtd">
<GBSet>
<GBSeq>
  <GBSeq_locus>NP_721345</GBSeq_locus>
  <GBSeq_length>170</GBSeq_length>
  <GBSeq_moltype>AA</GBSeq_moltype>
  <GBSeq_topology>linear</GBSeq_topology>
  <GBSeq_division>CON</GBSeq_division>
  <GBSeq_update-date>03-AUG-2016</GBSeq_update-date>
  <GBSeq_create-date>25-OCT-2002</GBSeq_create-date>
  <GBSeq_definition>dihydrofolate reductase [Streptococcus mutans UA159]</GBSeq_definition>
  <GBSeq_primary-accession>NP_721345</GBSeq_primary-accession>
  <GBSeq_accession-version>NP_721345.1</GBSeq_accession-version>
  <GBSeq_other-seqids>
    <GBSeqid>ref|NP_721345.1|</GBSeqid>
    <GBSeqid>gi|24379390</GBSeqid>
  </GBSeq_other-seqids>
  <GBSeq_project>PRJNA57947</GBSeq_project>
  <GBSeq_keywords>
    <GBKeyword>RefSeq</GBKeyword>
  </GBSeq_keywords>
  <GBSeq_source>Streptococcus mutans UA159</GBSeq_source>
  <GBSeq_organism>Streptococcus mutans UA159</GBSeq_organism>
  <GBSeq_taxonomy>Bacteria; Firmicutes; Bacilli; Lactobacillales; Streptococcaceae; Streptococcus</GBSeq_taxonomy>
  <GBSeq_references>
    <GBReference>
      <GBReference_reference>1</GBReference_reference>
      <GBReference_position>1..170</GBReference_position>
      <GBReference_authors>
        <GBAuthor>Ajdic,D.</GBAuthor>
        <GBAuthor>McShan,W.M.</GBAuthor>
        <GBAuthor>McLaughlin,R.E.</GBAuthor>
        <GBAuthor>Savic,G.</GBAuthor>
        <GBAuthor>Chang,J.</GBAuthor>
        <GBAuthor>Carson,M.B.</GBAuthor>
        <GBAuthor>Primeaux,C.</GBAuthor>
        <GBAuthor>Tian,R.</GBAuthor>
        <GBAuthor>Kenton,S.</GBAuthor>
        <GBAuthor>Jia,H.</GBAuthor>
        <GBAuthor>Lin,S.</GBAuthor>
        <GBAuthor>Qian,Y.</GBAuthor>
        <GBAuthor>Li,S.</GBAuthor>
        <GBAuthor>Zhu,H.</GBAuthor>
        <GBAuthor>Najar,F.</GBAuthor>
        <GBAuthor>Lai,H.</GBAuthor>
        <GBAuthor>White,J.</GBAuthor>
        <GBAuthor>Roe,B.A.</GBAuthor>
        <GBAuthor>Ferretti,J.J.</GBAuthor>
      </GBReference_authors>
      <GBReference_title>Genome sequence of Streptococcus mutans UA159, a cariogenic dental pathogen</GBReference_title>
      <GBReference_journal>Proc. Natl. Acad. Sci. U.S.A. 99 (22), 14434-14439 (2002)</GBReference_journal>
      <GBReference_xref>
        <GBXref>
          <GBXref_dbname>doi</GBXref_dbname>
          <GBXref_id>10.1073/pnas.172501299</GBXref_id>
        </GBXref>
      </GBReference_xref>
      <GBReference_pubmed>12397186</GBReference_pubmed>
    </GBReference>
    <GBReference>
      <GBReference_reference>2</GBReference_reference>
      <GBReference_position>1..170</GBReference_position>
      <GBReference_consortium>NCBI Genome Project</GBReference_consortium>
      <GBReference_title>Direct Submission</GBReference_title>
      <GBReference_journal>Submitted (16-SEP-2011) National Center for Biotechnology Information, NIH, Bethesda, MD 20894, USA</GBReference_journal>
    </GBReference>
    <GBReference>
      <GBReference_reference>3</GBReference_reference>
      <GBReference_position>1..170</GBReference_position>
      <GBReference_authors>
        <GBAuthor>Ajdic,D.</GBAuthor>
        <GBAuthor>McShan,W.M.</GBAuthor>
        <GBAuthor>McLaughlin,R.E.</GBAuthor>
        <GBAuthor>Savic,G.</GBAuthor>
        <GBAuthor>Chang,J.</GBAuthor>
        <GBAuthor>Carson,M.B.</GBAuthor>
        <GBAuthor>Primeaux,C.</GBAuthor>
        <GBAuthor>Tian,R.</GBAuthor>
        <GBAuthor>Kenton,S.</GBAuthor>
        <GBAuthor>Jia,H.</GBAuthor>
        <GBAuthor>Lin,S.</GBAuthor>
        <GBAuthor>Qian,Y.</GBAuthor>
        <GBAuthor>Li,S.</GBAuthor>
        <GBAuthor>Zhu,H.</GBAuthor>
        <GBAuthor>Najar,F.</GBAuthor>
        <GBAuthor>Lai,H.</GBAuthor>
        <GBAuthor>White,J.</GBAuthor>
        <GBAuthor>Roe,B.A.</GBAuthor>
        <GBAuthor>Ferretti,J.J.</GBAuthor>
      </GBReference_authors>
      <GBReference_title>Direct Submission</GBReference_title>
      <GBReference_journal>Submitted (01-SEP-2011) Department of Microbiology and Immunology, University of Oklahoma Health Sciences Center, 940 SL Young Blvd., Oklahoma City, OK 73104, USA</GBReference_journal>
      <GBReference_remark>Sequence update by submitter</GBReference_remark>
    </GBReference>
    <GBReference>
      <GBReference_reference>4</GBReference_reference>
      <GBReference_position>1..170</GBReference_position>
      <GBReference_authors>
        <GBAuthor>Ajdic,D.</GBAuthor>
        <GBAuthor>McShan,W.M.</GBAuthor>
        <GBAuthor>McLaughlin,R.E.</GBAuthor>
        <GBAuthor>Savic,G.</GBAuthor>
        <GBAuthor>Chang,J.</GBAuthor>
        <GBAuthor>Carson,M.B.</GBAuthor>
        <GBAuthor>Primeaux,C.</GBAuthor>
        <GBAuthor>Tian,R.</GBAuthor>
        <GBAuthor>Kenton,S.</GBAuthor>
        <GBAuthor>Jia,H.</GBAuthor>
        <GBAuthor>Lin,S.</GBAuthor>
        <GBAuthor>Qian,Y.</GBAuthor>
        <GBAuthor>Li,S.</GBAuthor>
        <GBAuthor>Zhu,H.</GBAuthor>
        <GBAuthor>Najar,F.</GBAuthor>
        <GBAuthor>Lai,H.</GBAuthor>
        <GBAuthor>White,J.</GBAuthor>
        <GBAuthor>Roe,B.A.</GBAuthor>
        <GBAuthor>Ferretti,J.J.</GBAuthor>
      </GBReference_authors>
      <GBReference_title>Direct Submission</GBReference_title>
      <GBReference_journal>Submitted (09-JUL-2002) Department of Microbiology and Immunology, University of Oklahoma Health Sciences Center, 940 SL Young Blvd., Oklahoma City, OK 73104, USA</GBReference_journal>
    </GBReference>
  </GBSeq_references>
  <GBSeq_comment>PROVISIONAL REFSEQ: This record has not yet been subject to final NCBI review. The reference sequence is identical to AAN58651.; RefSeq Category: Reference Genome CLI: Clinical Isolate COM: Community Selected UPR: UniProt Genome; Method: conceptual translation.</GBSeq_comment>
  <GBSeq_source-db>REFSEQ: accession NC_004350.2</GBSeq_source-db>
  <GBSeq_feature-table>
    <GBFeature>
      <GBFeature_key>source</GBFeature_key>
      <GBFeature_location>1..170</GBFeature_location>
      <GBFeature_intervals>
        <GBInterval>
          <GBInterval_from>1</GBInterval_from>
          <GBInterval_to>170</GBInterval_to>
          <GBInterval_accession>NP_721345.1</GBInterval_accession>
        </GBInterval>
      </GBFeature_intervals>
      <GBFeature_quals>
        <GBQualifier>
          <GBQualifier_name>organism</GBQualifier_name>
          <GBQualifier_value>Streptococcus mutans UA159</GBQualifier_value>
        </GBQualifier>
        <GBQualifier>
          <GBQualifier_name>strain</GBQualifier_name>
          <GBQualifier_value>UA159</GBQualifier_value>
        </GBQualifier>
        <GBQualifier>
          <GBQualifier_name>db_xref</GBQualifier_name>
          <GBQualifier_value>taxon:210007</GBQualifier_value>
        </GBQualifier>
      </GBFeature_quals>
    </GBFeature>
    <GBFeature>
      <GBFeature_key>Protein</GBFeature_key>
      <GBFeature_location>1..170</GBFeature_location>
      <GBFeature_intervals>
        <GBInterval>
          <GBInterval_from>1</GBInterval_from>
          <GBInterval_to>170</GBInterval_to>
          <GBInterval_accession>NP_721345.1</GBInterval_accession>
        </GBInterval>
      </GBFeature_intervals>
      <GBFeature_quals>
        <GBQualifier>
          <GBQualifier_name>product</GBQualifier_name>
          <GBQualifier_value>dihydrofolate reductase</GBQualifier_value>
        </GBQualifier>
        <GBQualifier>
          <GBQualifier_name>calculated_mol_wt</GBQualifier_name>
          <GBQualifier_value>19539</GBQualifier_value>
        </GBQualifier>
      </GBFeature_quals>
    </GBFeature>
    <GBFeature>
      <GBFeature_key>Region</GBFeature_key>
      <GBFeature_location>8..168</GBFeature_location>
      <GBFeature_intervals>
        <GBInterval>
          <GBInterval_from>8</GBInterval_from>
          <GBInterval_to>168</GBInterval_to>
          <GBInterval_accession>NP_721345.1</GBInterval_accession>
        </GBInterval>
      </GBFeature_intervals>
      <GBFeature_quals>
        <GBQualifier>
          <GBQualifier_name>region_name</GBQualifier_name>
          <GBQualifier_value>DHFR_1</GBQualifier_value>
        </GBQualifier>
        <GBQualifier>
          <GBQualifier_name>note</GBQualifier_name>
          <GBQualifier_value>Dihydrofolate reductase; pfam00186</GBQualifier_value>
        </GBQualifier>
        <GBQualifier>
          <GBQualifier_name>db_xref</GBQualifier_name>
          <GBQualifier_value>CDD:278610</GBQualifier_value>
        </GBQualifier>
      </GBFeature_quals>
    </GBFeature>
    <GBFeature>
      <GBFeature_key>Site</GBFeature_key>
      <GBFeature_location>order(12,29,34,65,104,110,123)</GBFeature_location>
      <GBFeature_intervals>
        <GBInterval>
          <GBInterval_point>12</GBInterval_point>
          <GBInterval_accession>NP_721345.1</GBInterval_accession>
        </GBInterval>
        <GBInterval>
          <GBInterval_point>29</GBInterval_point>
          <GBInterval_accession>NP_721345.1</GBInterval_accession>
        </GBInterval>
        <GBInterval>
          <GBInterval_point>34</GBInterval_point>
          <GBInterval_accession>NP_721345.1</GBInterval_accession>
        </GBInterval>
        <GBInterval>
          <GBInterval_point>65</GBInterval_point>
          <GBInterval_accession>NP_721345.1</GBInterval_accession>
        </GBInterval>
        <GBInterval>
          <GBInterval_point>104</GBInterval_point>
          <GBInterval_accession>NP_721345.1</GBInterval_accession>
        </GBInterval>
        <GBInterval>
          <GBInterval_point>110</GBInterval_point>
          <GBInterval_accession>NP_721345.1</GBInterval_accession>
        </GBInterval>
        <GBInterval>
          <GBInterval_point>123</GBInterval_point>
          <GBInterval_accession>NP_721345.1</GBInterval_accession>
        </GBInterval>
      </GBFeature_intervals>
      <GBFeature_operator>order</GBFeature_operator>
      <GBFeature_quals>
        <GBQualifier>
          <GBQualifier_name>site_type</GBQualifier_name>
          <GBQualifier_value>other</GBQualifier_value>
        </GBQualifier>
        <GBQualifier>
          <GBQualifier_name>note</GBQualifier_name>
          <GBQualifier_value>folate binding site [chemical binding]</GBQualifier_value>
        </GBQualifier>
        <GBQualifier>
          <GBQualifier_name>db_xref</GBQualifier_name>
          <GBQualifier_value>CDD:238127</GBQualifier_value>
        </GBQualifier>
      </GBFeature_quals>
    </GBFeature>
    <GBFeature>
      <GBFeature_key>Site</GBFeature_key>
      <GBFeature_location>order(14,21,51..53,72,105..108)</GBFeature_location>
      <GBFeature_intervals>
        <GBInterval>
          <GBInterval_point>14</GBInterval_point>
          <GBInterval_accession>NP_721345.1</GBInterval_accession>
        </GBInterval>
        <GBInterval>
          <GBInterval_point>21</GBInterval_point>
          <GBInterval_accession>NP_721345.1</GBInterval_accession>
        </GBInterval>
        <GBInterval>
          <GBInterval_from>51</GBInterval_from>
          <GBInterval_to>53</GBInterval_to>
          <GBInterval_accession>NP_721345.1</GBInterval_accession>
        </GBInterval>
        <GBInterval>
          <GBInterval_point>72</GBInterval_point>
          <GBInterval_accession>NP_721345.1</GBInterval_accession>
        </GBInterval>
        <GBInterval>
          <GBInterval_from>105</GBInterval_from>
          <GBInterval_to>108</GBInterval_to>
          <GBInterval_accession>NP_721345.1</GBInterval_accession>
        </GBInterval>
      </GBFeature_intervals>
      <GBFeature_operator>order</GBFeature_operator>
      <GBFeature_quals>
        <GBQualifier>
          <GBQualifier_name>site_type</GBQualifier_name>
          <GBQualifier_value>other</GBQualifier_value>
        </GBQualifier>
        <GBQualifier>
          <GBQualifier_name>note</GBQualifier_name>
          <GBQualifier_value>NADP+ binding site [chemical binding]</GBQualifier_value>
        </GBQualifier>
        <GBQualifier>
          <GBQualifier_name>db_xref</GBQualifier_name>
          <GBQualifier_value>CDD:238127</GBQualifier_value>
        </GBQualifier>
      </GBFeature_quals>
    </GBFeature>
    <GBFeature>
      <GBFeature_key>CDS</GBFeature_key>
      <GBFeature_location>1..170</GBFeature_location>
      <GBFeature_intervals>
        <GBInterval>
          <GBInterval_from>1</GBInterval_from>
          <GBInterval_to>170</GBInterval_to>
          <GBInterval_accession>NP_721345.1</GBInterval_accession>
        </GBInterval>
      </GBFeature_intervals>
      <GBFeature_quals>
        <GBQualifier>
          <GBQualifier_name>coded_by</GBQualifier_name>
          <GBQualifier_value>NC_004350.2:897334..897846</GBQualifier_value>
        </GBQualifier>
        <GBQualifier>
          <GBQualifier_name>note</GBQualifier_name>
          <GBQualifier_value>Best Blastp Hit: gb|AAC33872.1| (AF055727) dihydrofolate reductase [Streptococcus pneumoniae]</GBQualifier_value>
        </GBQualifier>
        <GBQualifier>
          <GBQualifier_name>transl_table</GBQualifier_name>
          <GBQualifier_value>11</GBQualifier_value>
        </GBQualifier>
      </GBFeature_quals>
    </GBFeature>
  </GBSeq_feature-table>
  <GBSeq_sequence>mnnkrekkivaiwaeddrhligvkgslpwhlpkelnhfkemtmgqallmgrvtfdgmnrrvlpgrdtlilthdpqfkaegvsivhsvpealswyrqqdkslfivggasiykafesyydkiiktsvhgqfegdtyfplrdfssfqeisqaffekdennshdftvtvlekke</GBSeq_sequence>
  <GBSeq_contig>join(WP_002262814.1:1..170)</GBSeq_contig>
  <GBSeq_xrefs>
    <GBXref>
      <GBXref_dbname>BioProject</GBXref_dbname>
      <GBXref_id>PRJNA57947</GBXref_id>
    </GBXref>
    <GBXref>
      <GBXref_dbname>Assembly</GBXref_dbname>
      <GBXref_id>GCF_000007465.2</GBXref_id>
    </GBXref>
  </GBSeq_xrefs>
</GBSeq>

</GBSet>

