<?xml version="1.0" ?>
<!DOCTYPE GBSet PUBLIC "-//NCBI//NCBI GBSeq/EN" "https://www.ncbi.nlm.nih.gov/dtd/NCBI_GBSeq.dtd">
<GBSet>
<GBSeq>
  <GBSeq_locus>NP_713497</GBSeq_locus>
  <GBSeq_length>197</GBSeq_length>
  <GBSeq_moltype>AA</GBSeq_moltype>
  <GBSeq_topology>linear</GBSeq_topology>
  <GBSeq_division>CON</GBSeq_division>
  <GBSeq_update-date>03-AUG-2016</GBSeq_update-date>
  <GBSeq_create-date>21-OCT-2002</GBSeq_create-date>
  <GBSeq_definition>dihydrofolate reductase [Leptospira interrogans serovar Lai str. 56601]</GBSeq_definition>
  <GBSeq_primary-accession>NP_713497</GBSeq_primary-accession>
  <GBSeq_accession-version>NP_713497.1</GBSeq_accession-version>
  <GBSeq_other-seqids>
    <GBSeqid>ref|NP_713497.1|</GBSeqid>
    <GBSeqid>gi|24216016</GBSeqid>
  </GBSeq_other-seqids>
  <GBSeq_project>PRJNA57881</GBSeq_project>
  <GBSeq_keywords>
    <GBKeyword>RefSeq</GBKeyword>
  </GBSeq_keywords>
  <GBSeq_source>Leptospira interrogans serovar Lai str. 56601</GBSeq_source>
  <GBSeq_organism>Leptospira interrogans serovar Lai str. 56601</GBSeq_organism>
  <GBSeq_taxonomy>Bacteria; Spirochaetes; Leptospirales; Leptospiraceae; Leptospira</GBSeq_taxonomy>
  <GBSeq_references>
    <GBReference>
      <GBReference_reference>1</GBReference_reference>
      <GBReference_position>1..197</GBReference_position>
      <GBReference_authors>
        <GBAuthor>Ren,S.X.</GBAuthor>
        <GBAuthor>Fu,G.</GBAuthor>
        <GBAuthor>Jiang,X.G.</GBAuthor>
        <GBAuthor>Zeng,R.</GBAuthor>
        <GBAuthor>Miao,Y.G.</GBAuthor>
        <GBAuthor>Xu,H.</GBAuthor>
        <GBAuthor>Zhang,Y.X.</GBAuthor>
        <GBAuthor>Xiong,H.</GBAuthor>
        <GBAuthor>Lu,G.</GBAuthor>
        <GBAuthor>Lu,L.F.</GBAuthor>
        <GBAuthor>Jiang,H.Q.</GBAuthor>
        <GBAuthor>Jia,J.</GBAuthor>
        <GBAuthor>Tu,Y.F.</GBAuthor>
        <GBAuthor>Jiang,J.X.</GBAuthor>
        <GBAuthor>Gu,W.Y.</GBAuthor>
        <GBAuthor>Zhang,Y.Q.</GBAuthor>
        <GBAuthor>Cai,Z.</GBAuthor>
        <GBAuthor>Sheng,H.H.</GBAuthor>
        <GBAuthor>Yin,H.F.</GBAuthor>
        <GBAuthor>Zhang,Y.</GBAuthor>
        <GBAuthor>Zhu,G.F.</GBAuthor>
        <GBAuthor>Wan,M.</GBAuthor>
        <GBAuthor>Huang,H.L.</GBAuthor>
        <GBAuthor>Qian,Z.</GBAuthor>
        <GBAuthor>Wang,S.Y.</GBAuthor>
        <GBAuthor>Ma,W.</GBAuthor>
        <GBAuthor>Yao,Z.J.</GBAuthor>
        <GBAuthor>Shen,Y.</GBAuthor>
        <GBAuthor>Qiang,B.Q.</GBAuthor>
        <GBAuthor>Xia,Q.C.</GBAuthor>
        <GBAuthor>Guo,X.K.</GBAuthor>
        <GBAuthor>Danchin,A.</GBAuthor>
        <GBAuthor>Saint Girons,I.</GBAuthor>
        <GBAuthor>Somerville,R.L.</GBAuthor>
        <GBAuthor>Wen,Y.M.</GBAuthor>
        <GBAuthor>Shi,M.H.</GBAuthor>
        <GBAuthor>Chen,Z.</GBAuthor>
        <GBAuthor>Xu,J.G.</GBAuthor>
        <GBAuthor>Zhao,G.P.</GBAuthor>
      </GBReference_authors>
      <GBReference_title>Unique physiological and pathogenic features of Leptospira interrogans revealed by whole-genome sequencing</GBReference_title>
      <GBReference_journal>Nature 422 (6934), 888-893 (2003)</GBReference_journal>
      <GBReference_xref>
        <GBXref>
          <GBXref_dbname>doi</GBXref_dbname>
          <GBXref_id>10.1038/nature01597</GBXref_id>
        </GBXref>
      </GBReference_xref>
      <GBReference_pubmed>12712204</GBReference_pubmed>
    </GBReference>
    <GBReference>
      <GBReference_reference>2</GBReference_reference>
      <GBReference_position>1..197</GBReference_position>
      <GBReference_authors>
        <GBAuthor>Zhong,Y.</GBAuthor>
        <GBAuthor>Zheng,H.-J.</GBAuthor>
        <GBAuthor>Wang,S.-Y.</GBAuthor>
        <GBAuthor>Guo,X.-K.</GBAuthor>
        <GBAuthor>Zhao,G.-P.</GBAuthor>
      </GBReference_authors>
      <GBReference_title>Compelete genome sequence of Leptospira interrogans serovar Lai strain 56601</GBReference_title>
      <GBReference_journal>Unpublished</GBReference_journal>
    </GBReference>
    <GBReference>
      <GBReference_reference>3</GBReference_reference>
      <GBReference_position>1..197</GBReference_position>
      <GBReference_consortium>NCBI Genome Project</GBReference_consortium>
      <GBReference_title>Direct Submission</GBReference_title>
      <GBReference_journal>Submitted (12-APR-2010) National Center for Biotechnology Information, NIH, Bethesda, MD 20894, USA</GBReference_journal>
    </GBReference>
    <GBReference>
      <GBReference_reference>4</GBReference_reference>
      <GBReference_position>1..197</GBReference_position>
      <GBReference_authors>
        <GBAuthor>Zhong,Y.</GBAuthor>
        <GBAuthor>Zheng,H.-J.</GBAuthor>
        <GBAuthor>Wang,S.-Y.</GBAuthor>
        <GBAuthor>Guo,X.-K.</GBAuthor>
        <GBAuthor>Zhao,G.-P.</GBAuthor>
      </GBReference_authors>
      <GBReference_title>Direct Submission</GBReference_title>
      <GBReference_journal>Submitted (02-APR-2010) Department of Medical Microbiology and Parasitology, Shanghai Jiao Tong University/Chinese National HGC, Shanghai, No. 280, Chongqing South Road, Shanghai, Shanghai 200025, China</GBReference_journal>
      <GBReference_remark>Sequence update by submitter.</GBReference_remark>
    </GBReference>
    <GBReference>
      <GBReference_reference>5</GBReference_reference>
      <GBReference_position>1..197</GBReference_position>
      <GBReference_authors>
        <GBAuthor>Ren,S.</GBAuthor>
        <GBAuthor>Fu,G.</GBAuthor>
        <GBAuthor>Jiang,X.</GBAuthor>
        <GBAuthor>Zeng,R.</GBAuthor>
        <GBAuthor>Xiong,H.</GBAuthor>
        <GBAuthor>Lu,L.</GBAuthor>
        <GBAuthor>Lu,G.</GBAuthor>
        <GBAuthor>Jiang,H.</GBAuthor>
        <GBAuthor>Ding,Y.</GBAuthor>
        <GBAuthor>Jia,J.</GBAuthor>
        <GBAuthor>Tu,Y.</GBAuthor>
        <GBAuthor>Gu,W.</GBAuthor>
        <GBAuthor>Cai,Z.</GBAuthor>
        <GBAuthor>Sheng,H.</GBAuthor>
        <GBAuthor>Yin,H.</GBAuthor>
        <GBAuthor>Zhang,Y.</GBAuthor>
        <GBAuthor>Zhu,G.</GBAuthor>
        <GBAuthor>Wang,S.</GBAuthor>
        <GBAuthor>Shen,Y.</GBAuthor>
        <GBAuthor>Qiang,B.</GBAuthor>
        <GBAuthor>Chen,Z.</GBAuthor>
        <GBAuthor>Wen,Y.</GBAuthor>
        <GBAuthor>Xu,J.</GBAuthor>
        <GBAuthor>Zhao,G.</GBAuthor>
      </GBReference_authors>
      <GBReference_title>Direct Submission</GBReference_title>
      <GBReference_journal>Submitted (12-MAR-2002) Chinese National Human Genome Center at Shanghai, 250 Bi Bo Road, Shanghai 201203, China</GBReference_journal>
    </GBReference>
  </GBSeq_references>
  <GBSeq_comment>PROVISIONAL REFSEQ: This record has not yet been subject to final NCBI review. The reference sequence is identical to AAN50515.; Method: conceptual translation.</GBSeq_comment>
  <GBSeq_source-db>REFSEQ: accession NC_004342.2</GBSeq_source-db>
  <GBSeq_feature-table>
    <GBFeature>
      <GBFeature_key>source</GBFeature_key>
      <GBFeature_location>1..197</GBFeature_location>
      <GBFeature_intervals>
        <GBInterval>
          <GBInterval_from>1</GBInterval_from>
          <GBInterval_to>197</GBInterval_to>
          <GBInterval_accession>NP_713497.1</GBInterval_accession>
        </GBInterval>
      </GBFeature_intervals>
      <GBFeature_quals>
        <GBQualifier>
          <GBQualifier_name>organism</GBQualifier_name>
          <GBQualifier_value>Leptospira interrogans serovar Lai str. 56601</GBQualifier_value>
        </GBQualifier>
        <GBQualifier>
          <GBQualifier_name>strain</GBQualifier_name>
          <GBQualifier_value>56601</GBQualifier_value>
        </GBQualifier>
        <GBQualifier>
          <GBQualifier_name>serovar</GBQualifier_name>
          <GBQualifier_value>Lai</GBQualifier_value>
        </GBQualifier>
        <GBQualifier>
          <GBQualifier_name>db_xref</GBQualifier_name>
          <GBQualifier_value>taxon:189518</GBQualifier_value>
        </GBQualifier>
        <GBQualifier>
          <GBQualifier_name>chromosome</GBQualifier_name>
          <GBQualifier_value>I</GBQualifier_value>
        </GBQualifier>
      </GBFeature_quals>
    </GBFeature>
    <GBFeature>
      <GBFeature_key>Protein</GBFeature_key>
      <GBFeature_location>1..197</GBFeature_location>
      <GBFeature_intervals>
        <GBInterval>
          <GBInterval_from>1</GBInterval_from>
          <GBInterval_to>197</GBInterval_to>
          <GBInterval_accession>NP_713497.1</GBInterval_accession>
        </GBInterval>
      </GBFeature_intervals>
      <GBFeature_quals>
        <GBQualifier>
          <GBQualifier_name>product</GBQualifier_name>
          <GBQualifier_value>dihydrofolate reductase</GBQualifier_value>
        </GBQualifier>
        <GBQualifier>
          <GBQualifier_name>calculated_mol_wt</GBQualifier_name>
          <GBQualifier_value>21638</GBQualifier_value>
        </GBQualifier>
      </GBFeature_quals>
    </GBFeature>
    <GBFeature>
      <GBFeature_key>Region</GBFeature_key>
      <GBFeature_location>&lt;58..172</GBFeature_location>
      <GBFeature_intervals>
        <GBInterval>
          <GBInterval_from>58</GBInterval_from>
          <GBInterval_to>172</GBInterval_to>
          <GBInterval_accession>NP_713497.1</GBInterval_accession>
        </GBInterval>
      </GBFeature_intervals>
      <GBFeature_partial5 value="true"/>
      <GBFeature_quals>
        <GBQualifier>
          <GBQualifier_name>region_name</GBQualifier_name>
          <GBQualifier_value>DHFR</GBQualifier_value>
        </GBQualifier>
        <GBQualifier>
          <GBQualifier_name>note</GBQualifier_name>
          <GBQualifier_value>Dihydrofolate reductase (DHFR). Reduces 7,8-dihydrofolate to 5,6,7,8-tetrahydrofolate with NADPH as a cofactor. This is an essential step in the biosynthesis of deoxythymidine phosphate since 5,6,7,8-tetrahydrofolate is required to regenerate 5; cl17279</GBQualifier_value>
        </GBQualifier>
        <GBQualifier>
          <GBQualifier_name>db_xref</GBQualifier_name>
          <GBQualifier_value>CDD:302636</GBQualifier_value>
        </GBQualifier>
      </GBFeature_quals>
    </GBFeature>
    <GBFeature>
      <GBFeature_key>CDS</GBFeature_key>
      <GBFeature_location>1..197</GBFeature_location>
      <GBFeature_intervals>
        <GBInterval>
          <GBInterval_from>1</GBInterval_from>
          <GBInterval_to>197</GBInterval_to>
          <GBInterval_accession>NP_713497.1</GBInterval_accession>
        </GBInterval>
      </GBFeature_intervals>
      <GBFeature_quals>
        <GBQualifier>
          <GBQualifier_name>coded_by</GBQualifier_name>
          <GBQualifier_value>complement(NC_004342.2:3286492..3287085)</GBQualifier_value>
        </GBQualifier>
        <GBQualifier>
          <GBQualifier_name>transl_table</GBQualifier_name>
          <GBQualifier_value>11</GBQualifier_value>
        </GBQualifier>
      </GBFeature_quals>
    </GBFeature>
  </GBSeq_feature-table>
  <GBSeq_sequence>mrkitvlsfitldgvmqapggpeedtsggfkyggwtapyedevsgkimekqmkpadyllgrktfeifasywpehadfwpginegtkyvmsktvkksdwknsvflesladikklknsegsdiqvwgsgeliqllfkndlvdelwlkifpvtlntgkrlfgdgtipaaftliessvtpsgviianykragevktgtvga</GBSeq_sequence>
  <GBSeq_contig>join(WP_001226992.1:1..197)</GBSeq_contig>
  <GBSeq_xrefs>
    <GBXref>
      <GBXref_dbname>BioProject</GBXref_dbname>
      <GBXref_id>PRJNA57881</GBXref_id>
    </GBXref>
    <GBXref>
      <GBXref_dbname>Assembly</GBXref_dbname>
      <GBXref_id>GCF_000092565.1</GBXref_id>
    </GBXref>
  </GBSeq_xrefs>
</GBSeq>

</GBSet>

