<?xml version="1.0" ?>
<!DOCTYPE GBSet PUBLIC "-//NCBI//NCBI GBSeq/EN" "https://www.ncbi.nlm.nih.gov/dtd/NCBI_GBSeq.dtd">
<GBSet>
<GBSeq>
  <GBSeq_locus>NP_706004</GBSeq_locus>
  <GBSeq_length>159</GBSeq_length>
  <GBSeq_moltype>AA</GBSeq_moltype>
  <GBSeq_topology>linear</GBSeq_topology>
  <GBSeq_division>CON</GBSeq_division>
  <GBSeq_update-date>24-AUG-2016</GBSeq_update-date>
  <GBSeq_create-date>16-OCT-2002</GBSeq_create-date>
  <GBSeq_definition>dihydrofolate reductase [Shigella flexneri 2a str. 301]</GBSeq_definition>
  <GBSeq_primary-accession>NP_706004</GBSeq_primary-accession>
  <GBSeq_accession-version>NP_706004.2</GBSeq_accession-version>
  <GBSeq_other-seqids>
    <GBSeqid>ref|NP_706004.2|</GBSeqid>
    <GBSeqid>gi|56479590</GBSeqid>
  </GBSeq_other-seqids>
  <GBSeq_project>PRJNA62907</GBSeq_project>
  <GBSeq_keywords>
    <GBKeyword>RefSeq</GBKeyword>
  </GBSeq_keywords>
  <GBSeq_source>Shigella flexneri 2a str. 301</GBSeq_source>
  <GBSeq_organism>Shigella flexneri 2a str. 301</GBSeq_organism>
  <GBSeq_taxonomy>Bacteria; Proteobacteria; Gammaproteobacteria; Enterobacteriales; Enterobacteriaceae; Shigella</GBSeq_taxonomy>
  <GBSeq_references>
    <GBReference>
      <GBReference_reference>1</GBReference_reference>
      <GBReference_position>1..159</GBReference_position>
      <GBReference_authors>
        <GBAuthor>Jin,Q.</GBAuthor>
        <GBAuthor>Yuan,Z.</GBAuthor>
        <GBAuthor>Xu,J.</GBAuthor>
        <GBAuthor>Wang,Y.</GBAuthor>
        <GBAuthor>Shen,Y.</GBAuthor>
        <GBAuthor>Lu,W.</GBAuthor>
        <GBAuthor>Wang,J.</GBAuthor>
        <GBAuthor>Liu,H.</GBAuthor>
        <GBAuthor>Yang,J.</GBAuthor>
        <GBAuthor>Yang,F.</GBAuthor>
        <GBAuthor>Zhang,X.</GBAuthor>
        <GBAuthor>Zhang,J.</GBAuthor>
        <GBAuthor>Yang,G.</GBAuthor>
        <GBAuthor>Wu,H.</GBAuthor>
        <GBAuthor>Qu,D.</GBAuthor>
        <GBAuthor>Dong,J.</GBAuthor>
        <GBAuthor>Sun,L.</GBAuthor>
        <GBAuthor>Xue,Y.</GBAuthor>
        <GBAuthor>Zhao,A.</GBAuthor>
        <GBAuthor>Gao,Y.</GBAuthor>
        <GBAuthor>Zhu,J.</GBAuthor>
        <GBAuthor>Kan,B.</GBAuthor>
        <GBAuthor>Ding,K.</GBAuthor>
        <GBAuthor>Chen,S.</GBAuthor>
        <GBAuthor>Cheng,H.</GBAuthor>
        <GBAuthor>Yao,Z.</GBAuthor>
        <GBAuthor>He,B.</GBAuthor>
        <GBAuthor>Chen,R.</GBAuthor>
        <GBAuthor>Ma,D.</GBAuthor>
        <GBAuthor>Qiang,B.</GBAuthor>
        <GBAuthor>Wen,Y.</GBAuthor>
        <GBAuthor>Hou,Y.</GBAuthor>
        <GBAuthor>Yu,J.</GBAuthor>
      </GBReference_authors>
      <GBReference_title>Genome sequence of Shigella flexneri 2a: insights into pathogenicity through comparison with genomes of Escherichia coli K12 and O157</GBReference_title>
      <GBReference_journal>Nucleic Acids Res. 30 (20), 4432-4441 (2002)</GBReference_journal>
      <GBReference_pubmed>12384590</GBReference_pubmed>
    </GBReference>
    <GBReference>
      <GBReference_reference>2</GBReference_reference>
      <GBReference_position>1..159</GBReference_position>
      <GBReference_consortium>NCBI Genome Project</GBReference_consortium>
      <GBReference_title>Direct Submission</GBReference_title>
      <GBReference_journal>Submitted (26-AUG-2011) National Center for Biotechnology Information, NIH, Bethesda, MD 20894, USA</GBReference_journal>
    </GBReference>
    <GBReference>
      <GBReference_reference>3</GBReference_reference>
      <GBReference_position>1..159</GBReference_position>
      <GBReference_authors>
        <GBAuthor>Jin,Q.</GBAuthor>
        <GBAuthor>Shen,Y.</GBAuthor>
        <GBAuthor>Wang,J.H.</GBAuthor>
        <GBAuthor>Liu,H.</GBAuthor>
        <GBAuthor>Yang,J.</GBAuthor>
        <GBAuthor>Yang,F.</GBAuthor>
        <GBAuthor>Zhang,X.B.</GBAuthor>
        <GBAuthor>Zhang,J.Y.</GBAuthor>
        <GBAuthor>Yang,G.W.</GBAuthor>
        <GBAuthor>Wu,H.T.</GBAuthor>
        <GBAuthor>Dong,J.</GBAuthor>
        <GBAuthor>Sun,L.L.</GBAuthor>
        <GBAuthor>Xue,Y.</GBAuthor>
        <GBAuthor>Zhao,A.L.</GBAuthor>
        <GBAuthor>Gao,Y.S.</GBAuthor>
        <GBAuthor>Zhu,J.P.</GBAuthor>
        <GBAuthor>Chen,S.X.</GBAuthor>
        <GBAuthor>Yao,Z.J.</GBAuthor>
        <GBAuthor>Wang,Y.</GBAuthor>
        <GBAuthor>Lu,W.C.</GBAuthor>
        <GBAuthor>Qiang,B.Q.</GBAuthor>
        <GBAuthor>Wen,Y.M.</GBAuthor>
        <GBAuthor>Hou,Y.D.</GBAuthor>
      </GBReference_authors>
      <GBReference_title>Direct Submission</GBReference_title>
      <GBReference_journal>Submitted (03-AUG-2011) State Key Laboratory for Moleclular Virology and Genetic Engineering, Microbial Genome Center of Chinese Ministry of Public Health, 6 Rongjing Eastern Street, BDA, Beijing 100176, P.R.China</GBReference_journal>
      <GBReference_remark>Sequence update by submitter</GBReference_remark>
    </GBReference>
    <GBReference>
      <GBReference_reference>4</GBReference_reference>
      <GBReference_position>1..159</GBReference_position>
      <GBReference_authors>
        <GBAuthor>Jin,Q.</GBAuthor>
        <GBAuthor>Shen,Y.</GBAuthor>
        <GBAuthor>Wang,J.H.</GBAuthor>
        <GBAuthor>Liu,H.</GBAuthor>
        <GBAuthor>Yang,J.</GBAuthor>
        <GBAuthor>Yang,F.</GBAuthor>
        <GBAuthor>Zhang,X.B.</GBAuthor>
        <GBAuthor>Zhang,J.Y.</GBAuthor>
        <GBAuthor>Yang,G.W.</GBAuthor>
        <GBAuthor>Wu,H.T.</GBAuthor>
        <GBAuthor>Dong,J.</GBAuthor>
        <GBAuthor>Sun,L.L.</GBAuthor>
        <GBAuthor>Xue,Y.</GBAuthor>
        <GBAuthor>Zhao,A.L.</GBAuthor>
        <GBAuthor>Gao,Y.S.</GBAuthor>
        <GBAuthor>Zhu,J.P.</GBAuthor>
        <GBAuthor>Chen,S.X.</GBAuthor>
        <GBAuthor>Yao,Z.J.</GBAuthor>
        <GBAuthor>Wang,Y.</GBAuthor>
        <GBAuthor>Lu,W.C.</GBAuthor>
        <GBAuthor>Qiang,B.Q.</GBAuthor>
        <GBAuthor>Wen,Y.M.</GBAuthor>
        <GBAuthor>Hou,Y.D.</GBAuthor>
      </GBReference_authors>
      <GBReference_title>Direct Submission</GBReference_title>
      <GBReference_journal>Submitted (06-DEC-2004) State Key Laboratory for Moleclular Virology and Genetic Engineering, Microbial Genome Center of Chinese Ministry of Public Health, 6 Rongjing Eastern Street, BDA, Beijing 100176, P.R.China</GBReference_journal>
      <GBReference_remark>Sequence update by submitter</GBReference_remark>
    </GBReference>
    <GBReference>
      <GBReference_reference>5</GBReference_reference>
      <GBReference_position>1..159</GBReference_position>
      <GBReference_authors>
        <GBAuthor>Jin,Q.</GBAuthor>
        <GBAuthor>Shen,Y.</GBAuthor>
        <GBAuthor>Wang,J.H.</GBAuthor>
        <GBAuthor>Liu,H.</GBAuthor>
        <GBAuthor>Yang,J.</GBAuthor>
        <GBAuthor>Yang,F.</GBAuthor>
        <GBAuthor>Zhang,X.B.</GBAuthor>
        <GBAuthor>Zhang,J.Y.</GBAuthor>
        <GBAuthor>Yang,G.W.</GBAuthor>
        <GBAuthor>Wu,H.T.</GBAuthor>
        <GBAuthor>Dong,J.</GBAuthor>
        <GBAuthor>Sun,L.L.</GBAuthor>
        <GBAuthor>Xue,Y.</GBAuthor>
        <GBAuthor>Zhao,A.L.</GBAuthor>
        <GBAuthor>Gao,Y.S.</GBAuthor>
        <GBAuthor>Zhu,J.P.</GBAuthor>
        <GBAuthor>Chen,S.X.</GBAuthor>
        <GBAuthor>Yao,Z.J.</GBAuthor>
        <GBAuthor>Wang,Y.</GBAuthor>
        <GBAuthor>Lu,W.C.</GBAuthor>
        <GBAuthor>Qiang,B.Q.</GBAuthor>
        <GBAuthor>Wen,Y.M.</GBAuthor>
        <GBAuthor>Hou,Y.D.</GBAuthor>
      </GBReference_authors>
      <GBReference_title>Direct Submission</GBReference_title>
      <GBReference_journal>Submitted (21-MAY-2001) State Key Laboratory for Moleclular Virology and Genetic Engineering, Microbial Genome Center of Chinese Ministry of Public Health, 6 Rongjing Eastern Street, BDA, Beijing 100176, P.R.China</GBReference_journal>
    </GBReference>
  </GBSeq_references>
  <GBSeq_comment>REVIEWED REFSEQ: This record has been curated by NCBI staff. The reference sequence is identical to AAN41711.; On Dec 9, 2004 this sequence version replaced gi:24111494.; RefSeq Category: Reference Genome CLI: Clinical Isolate FGS: First Genome sequenced; Method: conceptual translation.</GBSeq_comment>
  <GBSeq_source-db>REFSEQ: accession NC_004337.2</GBSeq_source-db>
  <GBSeq_feature-table>
    <GBFeature>
      <GBFeature_key>source</GBFeature_key>
      <GBFeature_location>1..159</GBFeature_location>
      <GBFeature_intervals>
        <GBInterval>
          <GBInterval_from>1</GBInterval_from>
          <GBInterval_to>159</GBInterval_to>
          <GBInterval_accession>NP_706004.2</GBInterval_accession>
        </GBInterval>
      </GBFeature_intervals>
      <GBFeature_quals>
        <GBQualifier>
          <GBQualifier_name>organism</GBQualifier_name>
          <GBQualifier_value>Shigella flexneri 2a str. 301</GBQualifier_value>
        </GBQualifier>
        <GBQualifier>
          <GBQualifier_name>strain</GBQualifier_name>
          <GBQualifier_value>301</GBQualifier_value>
        </GBQualifier>
        <GBQualifier>
          <GBQualifier_name>serotype</GBQualifier_name>
          <GBQualifier_value>2a</GBQualifier_value>
        </GBQualifier>
        <GBQualifier>
          <GBQualifier_name>db_xref</GBQualifier_name>
          <GBQualifier_value>taxon:198214</GBQualifier_value>
        </GBQualifier>
      </GBFeature_quals>
    </GBFeature>
    <GBFeature>
      <GBFeature_key>Protein</GBFeature_key>
      <GBFeature_location>1..159</GBFeature_location>
      <GBFeature_intervals>
        <GBInterval>
          <GBInterval_from>1</GBInterval_from>
          <GBInterval_to>159</GBInterval_to>
          <GBInterval_accession>NP_706004.2</GBInterval_accession>
        </GBInterval>
      </GBFeature_intervals>
      <GBFeature_quals>
        <GBQualifier>
          <GBQualifier_name>product</GBQualifier_name>
          <GBQualifier_value>dihydrofolate reductase</GBQualifier_value>
        </GBQualifier>
        <GBQualifier>
          <GBQualifier_name>calculated_mol_wt</GBQualifier_name>
          <GBQualifier_value>17868</GBQualifier_value>
        </GBQualifier>
      </GBFeature_quals>
    </GBFeature>
    <GBFeature>
      <GBFeature_key>Region</GBFeature_key>
      <GBFeature_location>1..159</GBFeature_location>
      <GBFeature_intervals>
        <GBInterval>
          <GBInterval_from>1</GBInterval_from>
          <GBInterval_to>159</GBInterval_to>
          <GBInterval_accession>NP_706004.2</GBInterval_accession>
        </GBInterval>
      </GBFeature_intervals>
      <GBFeature_quals>
        <GBQualifier>
          <GBQualifier_name>region_name</GBQualifier_name>
          <GBQualifier_value>folA</GBQualifier_value>
        </GBQualifier>
        <GBQualifier>
          <GBQualifier_name>note</GBQualifier_name>
          <GBQualifier_value>dihydrofolate reductase; Provisional; PRK10769</GBQualifier_value>
        </GBQualifier>
        <GBQualifier>
          <GBQualifier_name>db_xref</GBQualifier_name>
          <GBQualifier_value>CDD:182714</GBQualifier_value>
        </GBQualifier>
      </GBFeature_quals>
    </GBFeature>
    <GBFeature>
      <GBFeature_key>Site</GBFeature_key>
      <GBFeature_location>order(5,22,27,57,94,100,113)</GBFeature_location>
      <GBFeature_intervals>
        <GBInterval>
          <GBInterval_point>5</GBInterval_point>
          <GBInterval_accession>NP_706004.2</GBInterval_accession>
        </GBInterval>
        <GBInterval>
          <GBInterval_point>22</GBInterval_point>
          <GBInterval_accession>NP_706004.2</GBInterval_accession>
        </GBInterval>
        <GBInterval>
          <GBInterval_point>27</GBInterval_point>
          <GBInterval_accession>NP_706004.2</GBInterval_accession>
        </GBInterval>
        <GBInterval>
          <GBInterval_point>57</GBInterval_point>
          <GBInterval_accession>NP_706004.2</GBInterval_accession>
        </GBInterval>
        <GBInterval>
          <GBInterval_point>94</GBInterval_point>
          <GBInterval_accession>NP_706004.2</GBInterval_accession>
        </GBInterval>
        <GBInterval>
          <GBInterval_point>100</GBInterval_point>
          <GBInterval_accession>NP_706004.2</GBInterval_accession>
        </GBInterval>
        <GBInterval>
          <GBInterval_point>113</GBInterval_point>
          <GBInterval_accession>NP_706004.2</GBInterval_accession>
        </GBInterval>
      </GBFeature_intervals>
      <GBFeature_operator>order</GBFeature_operator>
      <GBFeature_quals>
        <GBQualifier>
          <GBQualifier_name>site_type</GBQualifier_name>
          <GBQualifier_value>other</GBQualifier_value>
        </GBQualifier>
        <GBQualifier>
          <GBQualifier_name>note</GBQualifier_name>
          <GBQualifier_value>folate binding site [chemical binding]</GBQualifier_value>
        </GBQualifier>
        <GBQualifier>
          <GBQualifier_name>db_xref</GBQualifier_name>
          <GBQualifier_value>CDD:238127</GBQualifier_value>
        </GBQualifier>
      </GBFeature_quals>
    </GBFeature>
    <GBFeature>
      <GBFeature_key>Site</GBFeature_key>
      <GBFeature_location>order(7,14,44..46,64,95..98)</GBFeature_location>
      <GBFeature_intervals>
        <GBInterval>
          <GBInterval_point>7</GBInterval_point>
          <GBInterval_accession>NP_706004.2</GBInterval_accession>
        </GBInterval>
        <GBInterval>
          <GBInterval_point>14</GBInterval_point>
          <GBInterval_accession>NP_706004.2</GBInterval_accession>
        </GBInterval>
        <GBInterval>
          <GBInterval_from>44</GBInterval_from>
          <GBInterval_to>46</GBInterval_to>
          <GBInterval_accession>NP_706004.2</GBInterval_accession>
        </GBInterval>
        <GBInterval>
          <GBInterval_point>64</GBInterval_point>
          <GBInterval_accession>NP_706004.2</GBInterval_accession>
        </GBInterval>
        <GBInterval>
          <GBInterval_from>95</GBInterval_from>
          <GBInterval_to>98</GBInterval_to>
          <GBInterval_accession>NP_706004.2</GBInterval_accession>
        </GBInterval>
      </GBFeature_intervals>
      <GBFeature_operator>order</GBFeature_operator>
      <GBFeature_quals>
        <GBQualifier>
          <GBQualifier_name>site_type</GBQualifier_name>
          <GBQualifier_value>other</GBQualifier_value>
        </GBQualifier>
        <GBQualifier>
          <GBQualifier_name>note</GBQualifier_name>
          <GBQualifier_value>NADP+ binding site [chemical binding]</GBQualifier_value>
        </GBQualifier>
        <GBQualifier>
          <GBQualifier_name>db_xref</GBQualifier_name>
          <GBQualifier_value>CDD:238127</GBQualifier_value>
        </GBQualifier>
      </GBFeature_quals>
    </GBFeature>
    <GBFeature>
      <GBFeature_key>CDS</GBFeature_key>
      <GBFeature_location>1..159</GBFeature_location>
      <GBFeature_intervals>
        <GBInterval>
          <GBInterval_from>1</GBInterval_from>
          <GBInterval_to>159</GBInterval_to>
          <GBInterval_accession>NP_706004.2</GBInterval_accession>
        </GBInterval>
      </GBFeature_intervals>
      <GBFeature_quals>
        <GBQualifier>
          <GBQualifier_name>coded_by</GBQualifier_name>
          <GBQualifier_value>NC_004337.2:49141..49620</GBQualifier_value>
        </GBQualifier>
        <GBQualifier>
          <GBQualifier_name>note</GBQualifier_name>
          <GBQualifier_value>Code: H; COG: COG0262</GBQualifier_value>
        </GBQualifier>
        <GBQualifier>
          <GBQualifier_name>transl_table</GBQualifier_name>
          <GBQualifier_value>11</GBQualifier_value>
        </GBQualifier>
      </GBFeature_quals>
    </GBFeature>
  </GBSeq_feature-table>
  <GBSeq_sequence>misliaalavdrvigmenampwnlpadlawfkrntlnkpvimgrhtwesigrplpgrkniilssqpgtddrvtwvksvdeaiaacgdvpeimvigggrvyeqflpkaqklylthidaevegdthfpdyepddwesvfsefhdadaqnshsycfeilerr</GBSeq_sequence>
  <GBSeq_contig>join(WP_000624375.1:1..159)</GBSeq_contig>
  <GBSeq_xrefs>
    <GBXref>
      <GBXref_dbname>BioProject</GBXref_dbname>
      <GBXref_id>PRJNA62907</GBXref_id>
    </GBXref>
    <GBXref>
      <GBXref_dbname>Assembly</GBXref_dbname>
      <GBXref_id>GCF_000006925.2</GBXref_id>
    </GBXref>
  </GBSeq_xrefs>
</GBSeq>

</GBSet>

