<?xml version="1.0" ?>
<!DOCTYPE GBSet PUBLIC "-//NCBI//NCBI GBSeq/EN" "https://www.ncbi.nlm.nih.gov/dtd/NCBI_GBSeq.dtd">
<GBSet>
<GBSeq>
  <GBSeq_locus>NP_747233</GBSeq_locus>
  <GBSeq_length>171</GBSeq_length>
  <GBSeq_moltype>AA</GBSeq_moltype>
  <GBSeq_topology>linear</GBSeq_topology>
  <GBSeq_division>CON</GBSeq_division>
  <GBSeq_update-date>03-AUG-2016</GBSeq_update-date>
  <GBSeq_create-date>16-DEC-2002</GBSeq_create-date>
  <GBSeq_definition>dihydrofolate reductase [Pseudomonas putida KT2440]</GBSeq_definition>
  <GBSeq_primary-accession>NP_747233</GBSeq_primary-accession>
  <GBSeq_accession-version>NP_747233.1</GBSeq_accession-version>
  <GBSeq_other-seqids>
    <GBSeqid>gnl|REF_tigr|PP5132</GBSeqid>
    <GBSeqid>ref|NP_747233.1|</GBSeqid>
    <GBSeqid>gi|26991808</GBSeqid>
  </GBSeq_other-seqids>
  <GBSeq_project>PRJNA57843</GBSeq_project>
  <GBSeq_keywords>
    <GBKeyword>RefSeq</GBKeyword>
  </GBSeq_keywords>
  <GBSeq_source>Pseudomonas putida KT2440</GBSeq_source>
  <GBSeq_organism>Pseudomonas putida KT2440</GBSeq_organism>
  <GBSeq_taxonomy>Bacteria; Proteobacteria; Gammaproteobacteria; Pseudomonadales; Pseudomonadaceae; Pseudomonas</GBSeq_taxonomy>
  <GBSeq_references>
    <GBReference>
      <GBReference_reference>1</GBReference_reference>
      <GBReference_position>1..171</GBReference_position>
      <GBReference_authors>
        <GBAuthor>Belda,E.</GBAuthor>
        <GBAuthor>van Heck,R.G.</GBAuthor>
        <GBAuthor>Lopez-Sanchez,M.J.</GBAuthor>
        <GBAuthor>Cruveiller,S.</GBAuthor>
        <GBAuthor>Barbe,V.</GBAuthor>
        <GBAuthor>Fraser,C.</GBAuthor>
        <GBAuthor>Klenk,H.P.</GBAuthor>
        <GBAuthor>Petersen,J.</GBAuthor>
        <GBAuthor>Morgat,A.</GBAuthor>
        <GBAuthor>Nikel,P.I.</GBAuthor>
        <GBAuthor>Vallenet,D.</GBAuthor>
        <GBAuthor>Rouy,Z.</GBAuthor>
        <GBAuthor>Sekowska,A.</GBAuthor>
        <GBAuthor>Martins Dos Santos,V.A.</GBAuthor>
        <GBAuthor>de Lorenzo,V.</GBAuthor>
        <GBAuthor>Danchin,A.</GBAuthor>
        <GBAuthor>Medigue,C.</GBAuthor>
      </GBReference_authors>
      <GBReference_title>The revisited genome of Pseudomonas putida KT2440 enlightens its value as a robust metabolic chassis</GBReference_title>
      <GBReference_journal>Environ. Microbiol. (2016) In press</GBReference_journal>
      <GBReference_xref>
        <GBXref>
          <GBXref_dbname>doi</GBXref_dbname>
          <GBXref_id>10.1111/1462-2920.13230</GBXref_id>
        </GBXref>
      </GBReference_xref>
      <GBReference_pubmed>26913973</GBReference_pubmed>
      <GBReference_remark>Publication Status: Available-Online prior to print</GBReference_remark>
    </GBReference>
    <GBReference>
      <GBReference_reference>2</GBReference_reference>
      <GBReference_position>1..171</GBReference_position>
      <GBReference_authors>
        <GBAuthor>Nelson,K.E.</GBAuthor>
        <GBAuthor>Weinel,C.</GBAuthor>
        <GBAuthor>Paulsen,I.T.</GBAuthor>
        <GBAuthor>Dodson,R.J.</GBAuthor>
        <GBAuthor>Hilbert,H.</GBAuthor>
        <GBAuthor>Martins dos Santos,V.A.</GBAuthor>
        <GBAuthor>Fouts,D.E.</GBAuthor>
        <GBAuthor>Gill,S.R.</GBAuthor>
        <GBAuthor>Pop,M.</GBAuthor>
        <GBAuthor>Holmes,M.</GBAuthor>
        <GBAuthor>Brinkac,L.</GBAuthor>
        <GBAuthor>Beanan,M.</GBAuthor>
        <GBAuthor>DeBoy,R.T.</GBAuthor>
        <GBAuthor>Daugherty,S.</GBAuthor>
        <GBAuthor>Kolonay,J.</GBAuthor>
        <GBAuthor>Madupu,R.</GBAuthor>
        <GBAuthor>Nelson,W.</GBAuthor>
        <GBAuthor>White,O.</GBAuthor>
        <GBAuthor>Peterson,J.</GBAuthor>
        <GBAuthor>Khouri,H.</GBAuthor>
        <GBAuthor>Hance,I.</GBAuthor>
        <GBAuthor>Chris Lee,P.</GBAuthor>
        <GBAuthor>Holtzapple,E.</GBAuthor>
        <GBAuthor>Scanlan,D.</GBAuthor>
        <GBAuthor>Tran,K.</GBAuthor>
        <GBAuthor>Moazzez,A.</GBAuthor>
        <GBAuthor>Utterback,T.</GBAuthor>
        <GBAuthor>Rizzo,M.</GBAuthor>
        <GBAuthor>Lee,K.</GBAuthor>
        <GBAuthor>Kosack,D.</GBAuthor>
        <GBAuthor>Moestl,D.</GBAuthor>
        <GBAuthor>Wedler,H.</GBAuthor>
        <GBAuthor>Lauber,J.</GBAuthor>
        <GBAuthor>Stjepandic,D.</GBAuthor>
        <GBAuthor>Hoheisel,J.</GBAuthor>
        <GBAuthor>Straetz,M.</GBAuthor>
        <GBAuthor>Heim,S.</GBAuthor>
        <GBAuthor>Kiewitz,C.</GBAuthor>
        <GBAuthor>Eisen,J.A.</GBAuthor>
        <GBAuthor>Timmis,K.N.</GBAuthor>
        <GBAuthor>Dusterhoft,A.</GBAuthor>
        <GBAuthor>Tummler,B.</GBAuthor>
        <GBAuthor>Fraser,C.M.</GBAuthor>
      </GBReference_authors>
      <GBReference_title>Complete genome sequence and comparative analysis of the metabolically versatile Pseudomonas putida KT2440</GBReference_title>
      <GBReference_journal>Environ. Microbiol. 4 (12), 799-808 (2002)</GBReference_journal>
      <GBReference_pubmed>12534463</GBReference_pubmed>
    </GBReference>
    <GBReference>
      <GBReference_reference>3</GBReference_reference>
      <GBReference_position>1..171</GBReference_position>
      <GBReference_consortium>NCBI Genome Project</GBReference_consortium>
      <GBReference_title>Direct Submission</GBReference_title>
      <GBReference_journal>Submitted (04-MAR-2016) National Center for Biotechnology Information, NIH, Bethesda, MD 20894, USA</GBReference_journal>
    </GBReference>
    <GBReference>
      <GBReference_reference>4</GBReference_reference>
      <GBReference_position>1..171</GBReference_position>
      <GBReference_authors>
        <GBAuthor>Belda,E.</GBAuthor>
        <GBAuthor>van Heck,R.</GBAuthor>
        <GBAuthor>Lopez-Sanchez,M.J.</GBAuthor>
        <GBAuthor>Cruveiller,S.</GBAuthor>
        <GBAuthor>Barbe,V.</GBAuthor>
        <GBAuthor>Fraser,C.</GBAuthor>
        <GBAuthor>Henk,H.P.</GBAuthor>
        <GBAuthor>Petersen,J.</GBAuthor>
        <GBAuthor>Morgat,A.</GBAuthor>
        <GBAuthor>Nikel,P.I.</GBAuthor>
        <GBAuthor>Vallenet,D.</GBAuthor>
        <GBAuthor>Rouy,Z.</GBAuthor>
        <GBAuthor>Sekowska,S.</GBAuthor>
        <GBAuthor>Martins dos Santos,V.</GBAuthor>
        <GBAuthor>deLorenzo,V.</GBAuthor>
        <GBAuthor>Danchin,A.</GBAuthor>
        <GBAuthor>Medigue,C.</GBAuthor>
      </GBReference_authors>
      <GBReference_title>Direct Submission</GBReference_title>
      <GBReference_journal>Submitted (26-FEB-2016) Alternative Energies and Atomic Energy Commission (CEA), Genomic Institute, Genoscope, 2 rue Gaston Cremieux, Evry 91057, France</GBReference_journal>
      <GBReference_remark>Sequence update by submitter</GBReference_remark>
    </GBReference>
    <GBReference>
      <GBReference_reference>5</GBReference_reference>
      <GBReference_position>1..171</GBReference_position>
      <GBReference_authors>
        <GBAuthor>Nelson,K.</GBAuthor>
        <GBAuthor>Paulsen,I.</GBAuthor>
        <GBAuthor>Weinel,C.</GBAuthor>
        <GBAuthor>Dodson,R.</GBAuthor>
        <GBAuthor>Hilbert,H.</GBAuthor>
        <GBAuthor>Fouts,D.</GBAuthor>
        <GBAuthor>Gill,S.</GBAuthor>
        <GBAuthor>Pop,M.</GBAuthor>
        <GBAuthor>Martins Dos Santos,V.</GBAuthor>
        <GBAuthor>Holmes,M.</GBAuthor>
        <GBAuthor>Brinkac,L.</GBAuthor>
        <GBAuthor>Beanan,M.</GBAuthor>
        <GBAuthor>DeBoy,R.</GBAuthor>
        <GBAuthor>Daugherty,S.</GBAuthor>
        <GBAuthor>Kolonay,J.</GBAuthor>
        <GBAuthor>Madupu,R.</GBAuthor>
        <GBAuthor>Nelson,W.</GBAuthor>
        <GBAuthor>White,O.</GBAuthor>
        <GBAuthor>Peterson,J.</GBAuthor>
        <GBAuthor>Khouri,H.</GBAuthor>
        <GBAuthor>Hance,I.</GBAuthor>
        <GBAuthor>Lee,P.</GBAuthor>
        <GBAuthor>Holtzapple,E.</GBAuthor>
        <GBAuthor>Scanlan,D.</GBAuthor>
        <GBAuthor>Tran,K.</GBAuthor>
        <GBAuthor>Moazzez,A.</GBAuthor>
        <GBAuthor>Utterback,T.</GBAuthor>
        <GBAuthor>Rizzo,M.</GBAuthor>
        <GBAuthor>Lee,K.</GBAuthor>
        <GBAuthor>Kosack,D.</GBAuthor>
        <GBAuthor>Moestl,D.</GBAuthor>
        <GBAuthor>Wedler,H.</GBAuthor>
        <GBAuthor>Lauber,J.</GBAuthor>
        <GBAuthor>Hoheisel,J.</GBAuthor>
        <GBAuthor>Straetz,M.</GBAuthor>
        <GBAuthor>Heim,S.</GBAuthor>
        <GBAuthor>Kiewitz,C.</GBAuthor>
        <GBAuthor>Eisen,J.</GBAuthor>
        <GBAuthor>Timmis,K.</GBAuthor>
        <GBAuthor>Duesterhoft,A.</GBAuthor>
        <GBAuthor>Tummler,B.</GBAuthor>
        <GBAuthor>Fraser,C.</GBAuthor>
      </GBReference_authors>
      <GBReference_title>Direct Submission</GBReference_title>
      <GBReference_journal>Submitted (05-NOV-2002) The Institute for Genomic Research, 9712 Medical Center Dr, Rockville, MD 20850, USA</GBReference_journal>
    </GBReference>
  </GBSeq_references>
  <GBSeq_comment>PROVISIONAL REFSEQ: This record has not yet been subject to final NCBI review. The reference sequence is identical to AAN70697.; Method: conceptual translation.</GBSeq_comment>
  <GBSeq_source-db>REFSEQ: accession NC_002947.4</GBSeq_source-db>
  <GBSeq_feature-table>
    <GBFeature>
      <GBFeature_key>source</GBFeature_key>
      <GBFeature_location>1..171</GBFeature_location>
      <GBFeature_intervals>
        <GBInterval>
          <GBInterval_from>1</GBInterval_from>
          <GBInterval_to>171</GBInterval_to>
          <GBInterval_accession>NP_747233.1</GBInterval_accession>
        </GBInterval>
      </GBFeature_intervals>
      <GBFeature_quals>
        <GBQualifier>
          <GBQualifier_name>organism</GBQualifier_name>
          <GBQualifier_value>Pseudomonas putida KT2440</GBQualifier_value>
        </GBQualifier>
        <GBQualifier>
          <GBQualifier_name>strain</GBQualifier_name>
          <GBQualifier_value>KT2440</GBQualifier_value>
        </GBQualifier>
        <GBQualifier>
          <GBQualifier_name>db_xref</GBQualifier_name>
          <GBQualifier_value>taxon:160488</GBQualifier_value>
        </GBQualifier>
      </GBFeature_quals>
    </GBFeature>
    <GBFeature>
      <GBFeature_key>Protein</GBFeature_key>
      <GBFeature_location>1..171</GBFeature_location>
      <GBFeature_intervals>
        <GBInterval>
          <GBInterval_from>1</GBInterval_from>
          <GBInterval_to>171</GBInterval_to>
          <GBInterval_accession>NP_747233.1</GBInterval_accession>
        </GBInterval>
      </GBFeature_intervals>
      <GBFeature_quals>
        <GBQualifier>
          <GBQualifier_name>product</GBQualifier_name>
          <GBQualifier_value>dihydrofolate reductase</GBQualifier_value>
        </GBQualifier>
        <GBQualifier>
          <GBQualifier_name>EC_number</GBQualifier_name>
          <GBQualifier_value>1.5.1.3</GBQualifier_value>
        </GBQualifier>
        <GBQualifier>
          <GBQualifier_name>calculated_mol_wt</GBQualifier_name>
          <GBQualifier_value>18818</GBQualifier_value>
        </GBQualifier>
      </GBFeature_quals>
    </GBFeature>
    <GBFeature>
      <GBFeature_key>Region</GBFeature_key>
      <GBFeature_location>7..170</GBFeature_location>
      <GBFeature_intervals>
        <GBInterval>
          <GBInterval_from>7</GBInterval_from>
          <GBInterval_to>170</GBInterval_to>
          <GBInterval_accession>NP_747233.1</GBInterval_accession>
        </GBInterval>
      </GBFeature_intervals>
      <GBFeature_quals>
        <GBQualifier>
          <GBQualifier_name>region_name</GBQualifier_name>
          <GBQualifier_value>DHFR_1</GBQualifier_value>
        </GBQualifier>
        <GBQualifier>
          <GBQualifier_name>note</GBQualifier_name>
          <GBQualifier_value>Dihydrofolate reductase; pfam00186</GBQualifier_value>
        </GBQualifier>
        <GBQualifier>
          <GBQualifier_name>db_xref</GBQualifier_name>
          <GBQualifier_value>CDD:278610</GBQualifier_value>
        </GBQualifier>
      </GBFeature_quals>
    </GBFeature>
    <GBFeature>
      <GBFeature_key>Site</GBFeature_key>
      <GBFeature_location>order(10,27,32,62,106,112,127)</GBFeature_location>
      <GBFeature_intervals>
        <GBInterval>
          <GBInterval_point>10</GBInterval_point>
          <GBInterval_accession>NP_747233.1</GBInterval_accession>
        </GBInterval>
        <GBInterval>
          <GBInterval_point>27</GBInterval_point>
          <GBInterval_accession>NP_747233.1</GBInterval_accession>
        </GBInterval>
        <GBInterval>
          <GBInterval_point>32</GBInterval_point>
          <GBInterval_accession>NP_747233.1</GBInterval_accession>
        </GBInterval>
        <GBInterval>
          <GBInterval_point>62</GBInterval_point>
          <GBInterval_accession>NP_747233.1</GBInterval_accession>
        </GBInterval>
        <GBInterval>
          <GBInterval_point>106</GBInterval_point>
          <GBInterval_accession>NP_747233.1</GBInterval_accession>
        </GBInterval>
        <GBInterval>
          <GBInterval_point>112</GBInterval_point>
          <GBInterval_accession>NP_747233.1</GBInterval_accession>
        </GBInterval>
        <GBInterval>
          <GBInterval_point>127</GBInterval_point>
          <GBInterval_accession>NP_747233.1</GBInterval_accession>
        </GBInterval>
      </GBFeature_intervals>
      <GBFeature_operator>order</GBFeature_operator>
      <GBFeature_quals>
        <GBQualifier>
          <GBQualifier_name>site_type</GBQualifier_name>
          <GBQualifier_value>other</GBQualifier_value>
        </GBQualifier>
        <GBQualifier>
          <GBQualifier_name>note</GBQualifier_name>
          <GBQualifier_value>folate binding site [chemical binding]</GBQualifier_value>
        </GBQualifier>
        <GBQualifier>
          <GBQualifier_name>db_xref</GBQualifier_name>
          <GBQualifier_value>CDD:238127</GBQualifier_value>
        </GBQualifier>
      </GBFeature_quals>
    </GBFeature>
    <GBFeature>
      <GBFeature_key>Site</GBFeature_key>
      <GBFeature_location>order(12,19,49..51,69,107..110)</GBFeature_location>
      <GBFeature_intervals>
        <GBInterval>
          <GBInterval_point>12</GBInterval_point>
          <GBInterval_accession>NP_747233.1</GBInterval_accession>
        </GBInterval>
        <GBInterval>
          <GBInterval_point>19</GBInterval_point>
          <GBInterval_accession>NP_747233.1</GBInterval_accession>
        </GBInterval>
        <GBInterval>
          <GBInterval_from>49</GBInterval_from>
          <GBInterval_to>51</GBInterval_to>
          <GBInterval_accession>NP_747233.1</GBInterval_accession>
        </GBInterval>
        <GBInterval>
          <GBInterval_point>69</GBInterval_point>
          <GBInterval_accession>NP_747233.1</GBInterval_accession>
        </GBInterval>
        <GBInterval>
          <GBInterval_from>107</GBInterval_from>
          <GBInterval_to>110</GBInterval_to>
          <GBInterval_accession>NP_747233.1</GBInterval_accession>
        </GBInterval>
      </GBFeature_intervals>
      <GBFeature_operator>order</GBFeature_operator>
      <GBFeature_quals>
        <GBQualifier>
          <GBQualifier_name>site_type</GBQualifier_name>
          <GBQualifier_value>other</GBQualifier_value>
        </GBQualifier>
        <GBQualifier>
          <GBQualifier_name>note</GBQualifier_name>
          <GBQualifier_value>NADP+ binding site [chemical binding]</GBQualifier_value>
        </GBQualifier>
        <GBQualifier>
          <GBQualifier_name>db_xref</GBQualifier_name>
          <GBQualifier_value>CDD:238127</GBQualifier_value>
        </GBQualifier>
      </GBFeature_quals>
    </GBFeature>
    <GBFeature>
      <GBFeature_key>CDS</GBFeature_key>
      <GBFeature_location>1..171</GBFeature_location>
      <GBFeature_intervals>
        <GBInterval>
          <GBInterval_from>1</GBInterval_from>
          <GBInterval_to>171</GBInterval_to>
          <GBInterval_accession>NP_747233.1</GBInterval_accession>
        </GBInterval>
      </GBFeature_intervals>
      <GBFeature_quals>
        <GBQualifier>
          <GBQualifier_name>coded_by</GBQualifier_name>
          <GBQualifier_value>complement(NC_002947.4:5855504..5856019)</GBQualifier_value>
        </GBQualifier>
        <GBQualifier>
          <GBQualifier_name>note</GBQualifier_name>
          <GBQualifier_value>Evidence 2a : Function of homologous gene experimentally demonstrated in an other organism; PubMedId : 15139807, 1998681, 2185835, 320005, 350268, 3549289, 6159575, 6815179, 7007370, 90280385, 91152032, 92008630, 21506230, 21462996, 21376749, 22122981, 21359214, 21084197, 20923646, 20553049, 20412060, 20045086, 20073522, 20080605, 20043879, 20047317; Product type e : enzyme; Biosynthesisofcofactors,prostheticgroups,andcarriers : Folic acid</GBQualifier_value>
        </GBQualifier>
        <GBQualifier>
          <GBQualifier_name>transl_table</GBQualifier_name>
          <GBQualifier_value>11</GBQualifier_value>
        </GBQualifier>
      </GBFeature_quals>
    </GBFeature>
  </GBSeq_feature-table>
  <GBSeq_sequence>mntslplsliaayaenrvigidnsmpwhlpgdfkyfkattlgkpiimgrktwdslgrplpgrlnivvsrqpglelagaevfasleealvraeqwareqgvgelmliggaqlygqalekglvsrmyltrvelapegdawfpafdegqwrltsseaqaeegkpayhfevwdkg</GBSeq_sequence>
  <GBSeq_contig>join(WP_010955668.1:1..171)</GBSeq_contig>
  <GBSeq_xrefs>
    <GBXref>
      <GBXref_dbname>BioProject</GBXref_dbname>
      <GBXref_id>PRJNA57843</GBXref_id>
    </GBXref>
    <GBXref>
      <GBXref_dbname>BioSample</GBXref_dbname>
      <GBXref_id>SAMN02603999</GBXref_id>
    </GBXref>
    <GBXref>
      <GBXref_dbname>Assembly</GBXref_dbname>
      <GBXref_id>GCF_000007565.2</GBXref_id>
    </GBXref>
  </GBSeq_xrefs>
</GBSeq>

</GBSet>

