<?xml version="1.0" ?>
<!DOCTYPE GBSet PUBLIC "-//NCBI//NCBI GBSeq/EN" "https://www.ncbi.nlm.nih.gov/dtd/NCBI_GBSeq.dtd">
<GBSet>
<GBSeq>
  <GBSeq_locus>NP_732147</GBSeq_locus>
  <GBSeq_length>182</GBSeq_length>
  <GBSeq_moltype>AA</GBSeq_moltype>
  <GBSeq_topology>linear</GBSeq_topology>
  <GBSeq_division>INV</GBSeq_division>
  <GBSeq_update-date>19-OCT-2015</GBSeq_update-date>
  <GBSeq_create-date>06-NOV-2002</GBSeq_create-date>
  <GBSeq_definition>dihydrofolate reductase, isoform A [Drosophila melanogaster]</GBSeq_definition>
  <GBSeq_primary-accession>NP_732147</GBSeq_primary-accession>
  <GBSeq_accession-version>NP_732147.1</GBSeq_accession-version>
  <GBSeq_other-seqids>
    <GBSeqid>ref|NP_732147.1|</GBSeqid>
    <GBSeqid>gnl|REF_FlyBase|CG14887-PA</GBSeqid>
    <GBSeqid>gi|24647458</GBSeqid>
  </GBSeq_other-seqids>
  <GBSeq_project>PRJNA164</GBSeq_project>
  <GBSeq_keywords>
    <GBKeyword>RefSeq</GBKeyword>
  </GBSeq_keywords>
  <GBSeq_source>Drosophila melanogaster (fruit fly)</GBSeq_source>
  <GBSeq_organism>Drosophila melanogaster</GBSeq_organism>
  <GBSeq_taxonomy>Eukaryota; Metazoa; Ecdysozoa; Arthropoda; Hexapoda; Insecta; Pterygota; Neoptera; Endopterygota; Diptera; Brachycera; Muscomorpha; Ephydroidea; Drosophilidae; Drosophila; Sophophora</GBSeq_taxonomy>
  <GBSeq_references>
    <GBReference>
      <GBReference_reference>1</GBReference_reference>
      <GBReference_position>1..182</GBReference_position>
      <GBReference_authors>
        <GBAuthor>Hoskins,R.A.</GBAuthor>
        <GBAuthor>Carlson,J.W.</GBAuthor>
        <GBAuthor>Kennedy,C.</GBAuthor>
        <GBAuthor>Acevedo,D.</GBAuthor>
        <GBAuthor>Evans-Holm,M.</GBAuthor>
        <GBAuthor>Frise,E.</GBAuthor>
        <GBAuthor>Wan,K.H.</GBAuthor>
        <GBAuthor>Park,S.</GBAuthor>
        <GBAuthor>Mendez-Lago,M.</GBAuthor>
        <GBAuthor>Rossi,F.</GBAuthor>
        <GBAuthor>Villasante,A.</GBAuthor>
        <GBAuthor>Dimitri,P.</GBAuthor>
        <GBAuthor>Karpen,G.H.</GBAuthor>
        <GBAuthor>Celniker,S.E.</GBAuthor>
      </GBReference_authors>
      <GBReference_title>Sequence finishing and mapping of Drosophila melanogaster heterochromatin</GBReference_title>
      <GBReference_journal>Science 316 (5831), 1625-1628 (2007)</GBReference_journal>
      <GBReference_xref>
        <GBXref>
          <GBXref_dbname>doi</GBXref_dbname>
          <GBXref_id>10.1126/science.1139816</GBXref_id>
        </GBXref>
      </GBReference_xref>
      <GBReference_pubmed>17569867</GBReference_pubmed>
    </GBReference>
    <GBReference>
      <GBReference_reference>2</GBReference_reference>
      <GBReference_position>1..182</GBReference_position>
      <GBReference_authors>
        <GBAuthor>Smith,C.D.</GBAuthor>
        <GBAuthor>Shu,S.</GBAuthor>
        <GBAuthor>Mungall,C.J.</GBAuthor>
        <GBAuthor>Karpen,G.H.</GBAuthor>
      </GBReference_authors>
      <GBReference_title>The Release 5.1 annotation of Drosophila melanogaster heterochromatin</GBReference_title>
      <GBReference_journal>Science 316 (5831), 1586-1591 (2007)</GBReference_journal>
      <GBReference_xref>
        <GBXref>
          <GBXref_dbname>doi</GBXref_dbname>
          <GBXref_id>10.1126/science.1139815</GBXref_id>
        </GBXref>
      </GBReference_xref>
      <GBReference_pubmed>17569856</GBReference_pubmed>
      <GBReference_remark>Erratum:[Science. 2007 Sep 7;317(5843):1325]</GBReference_remark>
    </GBReference>
    <GBReference>
      <GBReference_reference>3</GBReference_reference>
      <GBReference_position>1..182</GBReference_position>
      <GBReference_authors>
        <GBAuthor>Quesneville,H.</GBAuthor>
        <GBAuthor>Bergman,C.M.</GBAuthor>
        <GBAuthor>Andrieu,O.</GBAuthor>
        <GBAuthor>Autard,D.</GBAuthor>
        <GBAuthor>Nouaud,D.</GBAuthor>
        <GBAuthor>Ashburner,M.</GBAuthor>
        <GBAuthor>Anxolabehere,D.</GBAuthor>
      </GBReference_authors>
      <GBReference_title>Combined evidence annotation of transposable elements in genome sequences</GBReference_title>
      <GBReference_journal>PLoS Comput. Biol. 1 (2), 166-175 (2005)</GBReference_journal>
      <GBReference_xref>
        <GBXref>
          <GBXref_dbname>doi</GBXref_dbname>
          <GBXref_id>10.1371/journal.pcbi.0010022</GBXref_id>
        </GBXref>
      </GBReference_xref>
      <GBReference_pubmed>16110336</GBReference_pubmed>
    </GBReference>
    <GBReference>
      <GBReference_reference>4</GBReference_reference>
      <GBReference_position>1..182</GBReference_position>
      <GBReference_authors>
        <GBAuthor>Hoskins,R.A.</GBAuthor>
        <GBAuthor>Smith,C.D.</GBAuthor>
        <GBAuthor>Carlson,J.W.</GBAuthor>
        <GBAuthor>Carvalho,A.B.</GBAuthor>
        <GBAuthor>Halpern,A.</GBAuthor>
        <GBAuthor>Kaminker,J.S.</GBAuthor>
        <GBAuthor>Kennedy,C.</GBAuthor>
        <GBAuthor>Mungall,C.J.</GBAuthor>
        <GBAuthor>Sullivan,B.A.</GBAuthor>
        <GBAuthor>Sutton,G.G.</GBAuthor>
        <GBAuthor>Yasuhara,J.C.</GBAuthor>
        <GBAuthor>Wakimoto,B.T.</GBAuthor>
        <GBAuthor>Myers,E.W.</GBAuthor>
        <GBAuthor>Celniker,S.E.</GBAuthor>
        <GBAuthor>Rubin,G.M.</GBAuthor>
        <GBAuthor>Karpen,G.H.</GBAuthor>
      </GBReference_authors>
      <GBReference_title>Heterochromatic sequences in a Drosophila whole-genome shotgun assembly</GBReference_title>
      <GBReference_journal>Genome Biol. 3 (12), RESEARCH0085 (2002)</GBReference_journal>
      <GBReference_pubmed>12537574</GBReference_pubmed>
    </GBReference>
    <GBReference>
      <GBReference_reference>5</GBReference_reference>
      <GBReference_position>1..182</GBReference_position>
      <GBReference_authors>
        <GBAuthor>Kaminker,J.S.</GBAuthor>
        <GBAuthor>Bergman,C.M.</GBAuthor>
        <GBAuthor>Kronmiller,B.</GBAuthor>
        <GBAuthor>Carlson,J.</GBAuthor>
        <GBAuthor>Svirskas,R.</GBAuthor>
        <GBAuthor>Patel,S.</GBAuthor>
        <GBAuthor>Frise,E.</GBAuthor>
        <GBAuthor>Wheeler,D.A.</GBAuthor>
        <GBAuthor>Lewis,S.E.</GBAuthor>
        <GBAuthor>Rubin,G.M.</GBAuthor>
        <GBAuthor>Ashburner,M.</GBAuthor>
        <GBAuthor>Celniker,S.E.</GBAuthor>
      </GBReference_authors>
      <GBReference_title>The transposable elements of the Drosophila melanogaster euchromatin: a genomics perspective</GBReference_title>
      <GBReference_journal>Genome Biol. 3 (12), RESEARCH0084 (2002)</GBReference_journal>
      <GBReference_pubmed>12537573</GBReference_pubmed>
    </GBReference>
    <GBReference>
      <GBReference_reference>6</GBReference_reference>
      <GBReference_position>1..182</GBReference_position>
      <GBReference_authors>
        <GBAuthor>Misra,S.</GBAuthor>
        <GBAuthor>Crosby,M.A.</GBAuthor>
        <GBAuthor>Mungall,C.J.</GBAuthor>
        <GBAuthor>Matthews,B.B.</GBAuthor>
        <GBAuthor>Campbell,K.S.</GBAuthor>
        <GBAuthor>Hradecky,P.</GBAuthor>
        <GBAuthor>Huang,Y.</GBAuthor>
        <GBAuthor>Kaminker,J.S.</GBAuthor>
        <GBAuthor>Millburn,G.H.</GBAuthor>
        <GBAuthor>Prochnik,S.E.</GBAuthor>
        <GBAuthor>Smith,C.D.</GBAuthor>
        <GBAuthor>Tupy,J.L.</GBAuthor>
        <GBAuthor>Whitfied,E.J.</GBAuthor>
        <GBAuthor>Bayraktaroglu,L.</GBAuthor>
        <GBAuthor>Berman,B.P.</GBAuthor>
        <GBAuthor>Bettencourt,B.R.</GBAuthor>
        <GBAuthor>Celniker,S.E.</GBAuthor>
        <GBAuthor>de Grey,A.D.</GBAuthor>
        <GBAuthor>Drysdale,R.A.</GBAuthor>
        <GBAuthor>Harris,N.L.</GBAuthor>
        <GBAuthor>Richter,J.</GBAuthor>
        <GBAuthor>Russo,S.</GBAuthor>
        <GBAuthor>Schroeder,A.J.</GBAuthor>
        <GBAuthor>Shu,S.Q.</GBAuthor>
        <GBAuthor>Stapleton,M.</GBAuthor>
        <GBAuthor>Yamada,C.</GBAuthor>
        <GBAuthor>Ashburner,M.</GBAuthor>
        <GBAuthor>Gelbart,W.M.</GBAuthor>
        <GBAuthor>Rubin,G.M.</GBAuthor>
        <GBAuthor>Lewis,S.E.</GBAuthor>
      </GBReference_authors>
      <GBReference_title>Annotation of the Drosophila melanogaster euchromatic genome: a systematic review</GBReference_title>
      <GBReference_journal>Genome Biol. 3 (12), RESEARCH0083 (2002)</GBReference_journal>
      <GBReference_pubmed>12537572</GBReference_pubmed>
    </GBReference>
    <GBReference>
      <GBReference_reference>7</GBReference_reference>
      <GBReference_position>1..182</GBReference_position>
      <GBReference_authors>
        <GBAuthor>Celniker,S.E.</GBAuthor>
        <GBAuthor>Wheeler,D.A.</GBAuthor>
        <GBAuthor>Kronmiller,B.</GBAuthor>
        <GBAuthor>Carlson,J.W.</GBAuthor>
        <GBAuthor>Halpern,A.</GBAuthor>
        <GBAuthor>Patel,S.</GBAuthor>
        <GBAuthor>Adams,M.</GBAuthor>
        <GBAuthor>Champe,M.</GBAuthor>
        <GBAuthor>Dugan,S.P.</GBAuthor>
        <GBAuthor>Frise,E.</GBAuthor>
        <GBAuthor>Hodgson,A.</GBAuthor>
        <GBAuthor>George,R.A.</GBAuthor>
        <GBAuthor>Hoskins,R.A.</GBAuthor>
        <GBAuthor>Laverty,T.</GBAuthor>
        <GBAuthor>Muzny,D.M.</GBAuthor>
        <GBAuthor>Nelson,C.R.</GBAuthor>
        <GBAuthor>Pacleb,J.M.</GBAuthor>
        <GBAuthor>Park,S.</GBAuthor>
        <GBAuthor>Pfeiffer,B.D.</GBAuthor>
        <GBAuthor>Richards,S.</GBAuthor>
        <GBAuthor>Sodergren,E.J.</GBAuthor>
        <GBAuthor>Svirskas,R.</GBAuthor>
        <GBAuthor>Tabor,P.E.</GBAuthor>
        <GBAuthor>Wan,K.</GBAuthor>
        <GBAuthor>Stapleton,M.</GBAuthor>
        <GBAuthor>Sutton,G.G.</GBAuthor>
        <GBAuthor>Venter,C.</GBAuthor>
        <GBAuthor>Weinstock,G.</GBAuthor>
        <GBAuthor>Scherer,S.E.</GBAuthor>
        <GBAuthor>Myers,E.W.</GBAuthor>
        <GBAuthor>Gibbs,R.A.</GBAuthor>
        <GBAuthor>Rubin,G.M.</GBAuthor>
      </GBReference_authors>
      <GBReference_title>Finishing a whole-genome shotgun: release 3 of the Drosophila melanogaster euchromatic genome sequence</GBReference_title>
      <GBReference_journal>Genome Biol. 3 (12), RESEARCH0079 (2002)</GBReference_journal>
      <GBReference_pubmed>12537568</GBReference_pubmed>
    </GBReference>
    <GBReference>
      <GBReference_reference>8</GBReference_reference>
      <GBReference_position>1..182</GBReference_position>
      <GBReference_authors>
        <GBAuthor>Adams,M.D.</GBAuthor>
        <GBAuthor>Celniker,S.E.</GBAuthor>
        <GBAuthor>Holt,R.A.</GBAuthor>
        <GBAuthor>Evans,C.A.</GBAuthor>
        <GBAuthor>Gocayne,J.D.</GBAuthor>
        <GBAuthor>Amanatides,P.G.</GBAuthor>
        <GBAuthor>Scherer,S.E.</GBAuthor>
        <GBAuthor>Li,P.W.</GBAuthor>
        <GBAuthor>Hoskins,R.A.</GBAuthor>
        <GBAuthor>Galle,R.F.</GBAuthor>
        <GBAuthor>George,R.A.</GBAuthor>
        <GBAuthor>Lewis,S.E.</GBAuthor>
        <GBAuthor>Richards,S.</GBAuthor>
        <GBAuthor>Ashburner,M.</GBAuthor>
        <GBAuthor>Henderson,S.N.</GBAuthor>
        <GBAuthor>Sutton,G.G.</GBAuthor>
        <GBAuthor>Wortman,J.R.</GBAuthor>
        <GBAuthor>Yandell,M.D.</GBAuthor>
        <GBAuthor>Zhang,Q.</GBAuthor>
        <GBAuthor>Chen,L.X.</GBAuthor>
        <GBAuthor>Brandon,R.C.</GBAuthor>
        <GBAuthor>Rogers,Y.H.</GBAuthor>
        <GBAuthor>Blazej,R.G.</GBAuthor>
        <GBAuthor>Champe,M.</GBAuthor>
        <GBAuthor>Pfeiffer,B.D.</GBAuthor>
        <GBAuthor>Wan,K.H.</GBAuthor>
        <GBAuthor>Doyle,C.</GBAuthor>
        <GBAuthor>Baxter,E.G.</GBAuthor>
        <GBAuthor>Helt,G.</GBAuthor>
        <GBAuthor>Nelson,C.R.</GBAuthor>
        <GBAuthor>Gabor,G.L.</GBAuthor>
        <GBAuthor>Abril,J.F.</GBAuthor>
        <GBAuthor>Agbayani,A.</GBAuthor>
        <GBAuthor>An,H.J.</GBAuthor>
        <GBAuthor>Andrews-Pfannkoch,C.</GBAuthor>
        <GBAuthor>Baldwin,D.</GBAuthor>
        <GBAuthor>Ballew,R.M.</GBAuthor>
        <GBAuthor>Basu,A.</GBAuthor>
        <GBAuthor>Baxendale,J.</GBAuthor>
        <GBAuthor>Bayraktaroglu,L.</GBAuthor>
        <GBAuthor>Beasley,E.M.</GBAuthor>
        <GBAuthor>Beeson,K.Y.</GBAuthor>
        <GBAuthor>Benos,P.V.</GBAuthor>
        <GBAuthor>Berman,B.P.</GBAuthor>
        <GBAuthor>Bhandari,D.</GBAuthor>
        <GBAuthor>Bolshakov,S.</GBAuthor>
        <GBAuthor>Borkova,D.</GBAuthor>
        <GBAuthor>Botchan,M.R.</GBAuthor>
        <GBAuthor>Bouck,J.</GBAuthor>
        <GBAuthor>Brokstein,P.</GBAuthor>
        <GBAuthor>Brottier,P.</GBAuthor>
        <GBAuthor>Burtis,K.C.</GBAuthor>
        <GBAuthor>Busam,D.A.</GBAuthor>
        <GBAuthor>Butler,H.</GBAuthor>
        <GBAuthor>Cadieu,E.</GBAuthor>
        <GBAuthor>Center,A.</GBAuthor>
        <GBAuthor>Chandra,I.</GBAuthor>
        <GBAuthor>Cherry,J.M.</GBAuthor>
        <GBAuthor>Cawley,S.</GBAuthor>
        <GBAuthor>Dahlke,C.</GBAuthor>
        <GBAuthor>Davenport,L.B.</GBAuthor>
        <GBAuthor>Davies,P.</GBAuthor>
        <GBAuthor>de Pablos,B.</GBAuthor>
        <GBAuthor>Delcher,A.</GBAuthor>
        <GBAuthor>Deng,Z.</GBAuthor>
        <GBAuthor>Mays,A.D.</GBAuthor>
        <GBAuthor>Dew,I.</GBAuthor>
        <GBAuthor>Dietz,S.M.</GBAuthor>
        <GBAuthor>Dodson,K.</GBAuthor>
        <GBAuthor>Doup,L.E.</GBAuthor>
        <GBAuthor>Downes,M.</GBAuthor>
        <GBAuthor>Dugan-Rocha,S.</GBAuthor>
        <GBAuthor>Dunkov,B.C.</GBAuthor>
        <GBAuthor>Dunn,P.</GBAuthor>
        <GBAuthor>Durbin,K.J.</GBAuthor>
        <GBAuthor>Evangelista,C.C.</GBAuthor>
        <GBAuthor>Ferraz,C.</GBAuthor>
        <GBAuthor>Ferriera,S.</GBAuthor>
        <GBAuthor>Fleischmann,W.</GBAuthor>
        <GBAuthor>Fosler,C.</GBAuthor>
        <GBAuthor>Gabrielian,A.E.</GBAuthor>
        <GBAuthor>Garg,N.S.</GBAuthor>
        <GBAuthor>Gelbart,W.M.</GBAuthor>
        <GBAuthor>Glasser,K.</GBAuthor>
        <GBAuthor>Glodek,A.</GBAuthor>
        <GBAuthor>Gong,F.</GBAuthor>
        <GBAuthor>Gorrell,J.H.</GBAuthor>
        <GBAuthor>Gu,Z.</GBAuthor>
        <GBAuthor>Guan,P.</GBAuthor>
        <GBAuthor>Harris,M.</GBAuthor>
        <GBAuthor>Harris,N.L.</GBAuthor>
        <GBAuthor>Harvey,D.</GBAuthor>
        <GBAuthor>Heiman,T.J.</GBAuthor>
        <GBAuthor>Hernandez,J.R.</GBAuthor>
        <GBAuthor>Houck,J.</GBAuthor>
        <GBAuthor>Hostin,D.</GBAuthor>
        <GBAuthor>Houston,K.A.</GBAuthor>
        <GBAuthor>Howland,T.J.</GBAuthor>
        <GBAuthor>Wei,M.H.</GBAuthor>
        <GBAuthor>Ibegwam,C.</GBAuthor>
        <GBAuthor>Jalali,M.</GBAuthor>
        <GBAuthor>Kalush,F.</GBAuthor>
        <GBAuthor>Karpen,G.H.</GBAuthor>
        <GBAuthor>Ke,Z.</GBAuthor>
        <GBAuthor>Kennison,J.A.</GBAuthor>
        <GBAuthor>Ketchum,K.A.</GBAuthor>
        <GBAuthor>Kimmel,B.E.</GBAuthor>
        <GBAuthor>Kodira,C.D.</GBAuthor>
        <GBAuthor>Kraft,C.</GBAuthor>
        <GBAuthor>Kravitz,S.</GBAuthor>
        <GBAuthor>Kulp,D.</GBAuthor>
        <GBAuthor>Lai,Z.</GBAuthor>
        <GBAuthor>Lasko,P.</GBAuthor>
        <GBAuthor>Lei,Y.</GBAuthor>
        <GBAuthor>Levitsky,A.A.</GBAuthor>
        <GBAuthor>Li,J.</GBAuthor>
        <GBAuthor>Li,Z.</GBAuthor>
        <GBAuthor>Liang,Y.</GBAuthor>
        <GBAuthor>Lin,X.</GBAuthor>
        <GBAuthor>Liu,X.</GBAuthor>
        <GBAuthor>Mattei,B.</GBAuthor>
        <GBAuthor>McIntosh,T.C.</GBAuthor>
        <GBAuthor>McLeod,M.P.</GBAuthor>
        <GBAuthor>McPherson,D.</GBAuthor>
        <GBAuthor>Merkulov,G.</GBAuthor>
        <GBAuthor>Milshina,N.V.</GBAuthor>
        <GBAuthor>Mobarry,C.</GBAuthor>
        <GBAuthor>Morris,J.</GBAuthor>
        <GBAuthor>Moshrefi,A.</GBAuthor>
        <GBAuthor>Mount,S.M.</GBAuthor>
        <GBAuthor>Moy,M.</GBAuthor>
        <GBAuthor>Murphy,B.</GBAuthor>
        <GBAuthor>Murphy,L.</GBAuthor>
        <GBAuthor>Muzny,D.M.</GBAuthor>
        <GBAuthor>Nelson,D.L.</GBAuthor>
        <GBAuthor>Nelson,D.R.</GBAuthor>
        <GBAuthor>Nelson,K.A.</GBAuthor>
        <GBAuthor>Nixon,K.</GBAuthor>
        <GBAuthor>Nusskern,D.R.</GBAuthor>
        <GBAuthor>Pacleb,J.M.</GBAuthor>
        <GBAuthor>Palazzolo,M.</GBAuthor>
        <GBAuthor>Pittman,G.S.</GBAuthor>
        <GBAuthor>Pan,S.</GBAuthor>
        <GBAuthor>Pollard,J.</GBAuthor>
        <GBAuthor>Puri,V.</GBAuthor>
        <GBAuthor>Reese,M.G.</GBAuthor>
        <GBAuthor>Reinert,K.</GBAuthor>
        <GBAuthor>Remington,K.</GBAuthor>
        <GBAuthor>Saunders,R.D.</GBAuthor>
        <GBAuthor>Scheeler,F.</GBAuthor>
        <GBAuthor>Shen,H.</GBAuthor>
        <GBAuthor>Shue,B.C.</GBAuthor>
        <GBAuthor>Siden-Kiamos,I.</GBAuthor>
        <GBAuthor>Simpson,M.</GBAuthor>
        <GBAuthor>Skupski,M.P.</GBAuthor>
        <GBAuthor>Smith,T.</GBAuthor>
        <GBAuthor>Spier,E.</GBAuthor>
        <GBAuthor>Spradling,A.C.</GBAuthor>
        <GBAuthor>Stapleton,M.</GBAuthor>
        <GBAuthor>Strong,R.</GBAuthor>
        <GBAuthor>Sun,E.</GBAuthor>
        <GBAuthor>Svirskas,R.</GBAuthor>
        <GBAuthor>Tector,C.</GBAuthor>
        <GBAuthor>Turner,R.</GBAuthor>
        <GBAuthor>Venter,E.</GBAuthor>
        <GBAuthor>Wang,A.H.</GBAuthor>
        <GBAuthor>Wang,X.</GBAuthor>
        <GBAuthor>Wang,Z.Y.</GBAuthor>
        <GBAuthor>Wassarman,D.A.</GBAuthor>
        <GBAuthor>Weinstock,G.M.</GBAuthor>
        <GBAuthor>Weissenbach,J.</GBAuthor>
        <GBAuthor>Williams,S.M.</GBAuthor>
        <GBAuthor>WoodageT</GBAuthor>
        <GBAuthor>Worley,K.C.</GBAuthor>
        <GBAuthor>Wu,D.</GBAuthor>
        <GBAuthor>Yang,S.</GBAuthor>
        <GBAuthor>Yao,Q.A.</GBAuthor>
        <GBAuthor>Ye,J.</GBAuthor>
        <GBAuthor>Yeh,R.F.</GBAuthor>
        <GBAuthor>Zaveri,J.S.</GBAuthor>
        <GBAuthor>Zhan,M.</GBAuthor>
        <GBAuthor>Zhang,G.</GBAuthor>
        <GBAuthor>Zhao,Q.</GBAuthor>
        <GBAuthor>Zheng,L.</GBAuthor>
        <GBAuthor>Zheng,X.H.</GBAuthor>
        <GBAuthor>Zhong,F.N.</GBAuthor>
        <GBAuthor>Zhong,W.</GBAuthor>
        <GBAuthor>Zhou,X.</GBAuthor>
        <GBAuthor>Zhu,S.</GBAuthor>
        <GBAuthor>Zhu,X.</GBAuthor>
        <GBAuthor>Smith,H.O.</GBAuthor>
        <GBAuthor>Gibbs,R.A.</GBAuthor>
        <GBAuthor>Myers,E.W.</GBAuthor>
        <GBAuthor>Rubin,G.M.</GBAuthor>
        <GBAuthor>Venter,J.C.</GBAuthor>
      </GBReference_authors>
      <GBReference_title>The genome sequence of Drosophila melanogaster</GBReference_title>
      <GBReference_journal>Science 287 (5461), 2185-2195 (2000)</GBReference_journal>
      <GBReference_pubmed>10731132</GBReference_pubmed>
    </GBReference>
    <GBReference>
      <GBReference_reference>9</GBReference_reference>
      <GBReference_position>1..182</GBReference_position>
      <GBReference_authors>
        <GBAuthor>Celniker,S.</GBAuthor>
        <GBAuthor>Carlson,J.</GBAuthor>
        <GBAuthor>Wan,K.</GBAuthor>
        <GBAuthor>Pfeiffer,B.</GBAuthor>
        <GBAuthor>Frise,E.</GBAuthor>
        <GBAuthor>George,R.</GBAuthor>
        <GBAuthor>Hoskins,R.</GBAuthor>
        <GBAuthor>Stapleton,M.</GBAuthor>
        <GBAuthor>Pacleb,J.</GBAuthor>
        <GBAuthor>Park,S.</GBAuthor>
        <GBAuthor>Svirskas,R.</GBAuthor>
        <GBAuthor>Smith,E.</GBAuthor>
        <GBAuthor>Yu,C.</GBAuthor>
        <GBAuthor>Rubin,G.</GBAuthor>
      </GBReference_authors>
      <GBReference_consortium>Berkeley Drosophila Genome Project</GBReference_consortium>
      <GBReference_title>Drosophila melanogaster release 4 sequence</GBReference_title>
      <GBReference_journal>Unpublished</GBReference_journal>
    </GBReference>
    <GBReference>
      <GBReference_reference>10</GBReference_reference>
      <GBReference_position>1..182</GBReference_position>
      <GBReference_consortium>NCBI Genome Project</GBReference_consortium>
      <GBReference_title>Direct Submission</GBReference_title>
      <GBReference_journal>Submitted (19-OCT-2015) National Center for Biotechnology Information, NIH, Bethesda, MD 20894, USA</GBReference_journal>
    </GBReference>
    <GBReference>
      <GBReference_reference>11</GBReference_reference>
      <GBReference_position>1..182</GBReference_position>
      <GBReference_consortium>FlyBase</GBReference_consortium>
      <GBReference_title>Direct Submission</GBReference_title>
      <GBReference_journal>Submitted (07-OCT-2015) FlyBase, Harvard University, Biological Laboratories, 16 Divinity Ave, Cambridge, MA 02138, USA</GBReference_journal>
    </GBReference>
    <GBReference>
      <GBReference_reference>12</GBReference_reference>
      <GBReference_position>1..182</GBReference_position>
      <GBReference_authors>
        <GBAuthor>Celniker,S.</GBAuthor>
        <GBAuthor>Carlson,J.</GBAuthor>
        <GBAuthor>Kennedy,C.</GBAuthor>
        <GBAuthor>Wan,K.</GBAuthor>
        <GBAuthor>Frise,E.</GBAuthor>
        <GBAuthor>Hoskins,R.</GBAuthor>
        <GBAuthor>Park,S.</GBAuthor>
        <GBAuthor>Svirskas,R.</GBAuthor>
        <GBAuthor>Karpen,G.</GBAuthor>
      </GBReference_authors>
      <GBReference_title>Direct Submission</GBReference_title>
      <GBReference_journal>Submitted (10-AUG-2006) Berkeley Drosophila Genome Project, Lawrence Berkeley National Laboratory, One #Cyclotron RoadOne Cyclotron Road, MS 64-121, Berkeley, CA 94720, USA</GBReference_journal>
      <GBReference_remark>Direct Submission</GBReference_remark>
    </GBReference>
    <GBReference>
      <GBReference_reference>13</GBReference_reference>
      <GBReference_position>1..182</GBReference_position>
      <GBReference_authors>
        <GBAuthor>Celniker,S.</GBAuthor>
        <GBAuthor>Carlson,J.</GBAuthor>
        <GBAuthor>Wan,K.</GBAuthor>
        <GBAuthor>Frise,E.</GBAuthor>
        <GBAuthor>Hoskins,R.</GBAuthor>
        <GBAuthor>Park,S.</GBAuthor>
        <GBAuthor>Svirskas,R.</GBAuthor>
        <GBAuthor>Rubin,G.</GBAuthor>
      </GBReference_authors>
      <GBReference_title>Direct Submission</GBReference_title>
      <GBReference_journal>Submitted (10-AUG-2006) Berkeley Drosophila Genome Project, Lawrence Berkeley National Laboratory, One Cyclotron Road, MS 64-121, Berkeley, CA 94720, USA</GBReference_journal>
      <GBReference_remark>Direct Submission</GBReference_remark>
    </GBReference>
    <GBReference>
      <GBReference_reference>14</GBReference_reference>
      <GBReference_position>1..182</GBReference_position>
      <GBReference_authors>
        <GBAuthor>Smith,C.D.</GBAuthor>
        <GBAuthor>Shu,S.</GBAuthor>
        <GBAuthor>Mungall,C.J.</GBAuthor>
        <GBAuthor>Karpen,G.H.</GBAuthor>
      </GBReference_authors>
      <GBReference_consortium>Drosophila Heterochromatin Genome Project</GBReference_consortium>
      <GBReference_title>Direct Submission</GBReference_title>
      <GBReference_journal>Submitted (01-AUG-2006) Drosophila Heterochromatin Genome Project, Ernest Orlando Lawrence Berkeley National Laboratory, 1 Cyclotron Road, Mailstop 64-121, Berkeley, CA 94720, USA</GBReference_journal>
    </GBReference>
    <GBReference>
      <GBReference_reference>15</GBReference_reference>
      <GBReference_position>1..182</GBReference_position>
      <GBReference_authors>
        <GBAuthor>Adams,M.D.</GBAuthor>
        <GBAuthor>Celniker,S.E.</GBAuthor>
        <GBAuthor>Gibbs,R.A.</GBAuthor>
        <GBAuthor>Rubin,G.M.</GBAuthor>
        <GBAuthor>Venter,C.J.</GBAuthor>
      </GBReference_authors>
      <GBReference_title>Direct Submission</GBReference_title>
      <GBReference_journal>Submitted (21-MAR-2000) Celera Genomics, 45 West Gude Drive, Rockville, MD 20850, USA</GBReference_journal>
    </GBReference>
  </GBSeq_references>
  <GBSeq_comment>REVIEWED REFSEQ: This record has been curated by FlyBase. The reference sequence is identical to AAF55324.; ##Genome-Annotation-Data-START## Annotation Provider FlyBase Annotation Status Full annotation Annotation Version Release 6.07 URL http://flybase.org ##Genome-Annotation-Data-END##; Method: conceptual translation.</GBSeq_comment>
  <GBSeq_source-db>REFSEQ: accession NM_169721.2</GBSeq_source-db>
  <GBSeq_feature-table>
    <GBFeature>
      <GBFeature_key>source</GBFeature_key>
      <GBFeature_location>1..182</GBFeature_location>
      <GBFeature_intervals>
        <GBInterval>
          <GBInterval_from>1</GBInterval_from>
          <GBInterval_to>182</GBInterval_to>
          <GBInterval_accession>NP_732147.1</GBInterval_accession>
        </GBInterval>
      </GBFeature_intervals>
      <GBFeature_quals>
        <GBQualifier>
          <GBQualifier_name>organism</GBQualifier_name>
          <GBQualifier_value>Drosophila melanogaster</GBQualifier_value>
        </GBQualifier>
        <GBQualifier>
          <GBQualifier_name>db_xref</GBQualifier_name>
          <GBQualifier_value>taxon:7227</GBQualifier_value>
        </GBQualifier>
        <GBQualifier>
          <GBQualifier_name>chromosome</GBQualifier_name>
          <GBQualifier_value>3R</GBQualifier_value>
        </GBQualifier>
        <GBQualifier>
          <GBQualifier_name>genotype</GBQualifier_name>
          <GBQualifier_value>y[1]; Gr22b[1] Gr22d[1] cn[1] CG33964[R4.2] bw[1] sp[1]; LysC[1] MstProx[1] GstD5[1] Rh6[1]</GBQualifier_value>
        </GBQualifier>
      </GBFeature_quals>
    </GBFeature>
    <GBFeature>
      <GBFeature_key>Protein</GBFeature_key>
      <GBFeature_location>1..182</GBFeature_location>
      <GBFeature_intervals>
        <GBInterval>
          <GBInterval_from>1</GBInterval_from>
          <GBInterval_to>182</GBInterval_to>
          <GBInterval_accession>NP_732147.1</GBInterval_accession>
        </GBInterval>
      </GBFeature_intervals>
      <GBFeature_quals>
        <GBQualifier>
          <GBQualifier_name>product</GBQualifier_name>
          <GBQualifier_value>dihydrofolate reductase, isoform A</GBQualifier_value>
        </GBQualifier>
        <GBQualifier>
          <GBQualifier_name>EC_number</GBQualifier_name>
          <GBQualifier_value>1.5.1.3</GBQualifier_value>
        </GBQualifier>
        <GBQualifier>
          <GBQualifier_name>name</GBQualifier_name>
          <GBQualifier_value>CG14887 gene product from transcript CG14887-RA</GBQualifier_value>
        </GBQualifier>
        <GBQualifier>
          <GBQualifier_name>note</GBQualifier_name>
          <GBQualifier_value>CG14887-PA; Dhfr-PA; dihydrofolate reductase</GBQualifier_value>
        </GBQualifier>
        <GBQualifier>
          <GBQualifier_name>calculated_mol_wt</GBQualifier_name>
          <GBQualifier_value>20644</GBQualifier_value>
        </GBQualifier>
      </GBFeature_quals>
    </GBFeature>
    <GBFeature>
      <GBFeature_key>Region</GBFeature_key>
      <GBFeature_location>4..179</GBFeature_location>
      <GBFeature_intervals>
        <GBInterval>
          <GBInterval_from>4</GBInterval_from>
          <GBInterval_to>179</GBInterval_to>
          <GBInterval_accession>NP_732147.1</GBInterval_accession>
        </GBInterval>
      </GBFeature_intervals>
      <GBFeature_quals>
        <GBQualifier>
          <GBQualifier_name>region_name</GBQualifier_name>
          <GBQualifier_value>DHFR</GBQualifier_value>
        </GBQualifier>
        <GBQualifier>
          <GBQualifier_name>note</GBQualifier_name>
          <GBQualifier_value>Dihydrofolate reductase (DHFR). Reduces 7,8-dihydrofolate to 5,6,7,8-tetrahydrofolate with NADPH as a cofactor. This is an essential step in the biosynthesis of deoxythymidine phosphate since 5,6,7,8-tetrahydrofolate is required to regenerate 5; cd00209</GBQualifier_value>
        </GBQualifier>
        <GBQualifier>
          <GBQualifier_name>db_xref</GBQualifier_name>
          <GBQualifier_value>CDD:238127</GBQualifier_value>
        </GBQualifier>
      </GBFeature_quals>
    </GBFeature>
    <GBFeature>
      <GBFeature_key>Site</GBFeature_key>
      <GBFeature_location>order(7,24,29,69,112,118,133)</GBFeature_location>
      <GBFeature_intervals>
        <GBInterval>
          <GBInterval_point>7</GBInterval_point>
          <GBInterval_accession>NP_732147.1</GBInterval_accession>
        </GBInterval>
        <GBInterval>
          <GBInterval_point>24</GBInterval_point>
          <GBInterval_accession>NP_732147.1</GBInterval_accession>
        </GBInterval>
        <GBInterval>
          <GBInterval_point>29</GBInterval_point>
          <GBInterval_accession>NP_732147.1</GBInterval_accession>
        </GBInterval>
        <GBInterval>
          <GBInterval_point>69</GBInterval_point>
          <GBInterval_accession>NP_732147.1</GBInterval_accession>
        </GBInterval>
        <GBInterval>
          <GBInterval_point>112</GBInterval_point>
          <GBInterval_accession>NP_732147.1</GBInterval_accession>
        </GBInterval>
        <GBInterval>
          <GBInterval_point>118</GBInterval_point>
          <GBInterval_accession>NP_732147.1</GBInterval_accession>
        </GBInterval>
        <GBInterval>
          <GBInterval_point>133</GBInterval_point>
          <GBInterval_accession>NP_732147.1</GBInterval_accession>
        </GBInterval>
      </GBFeature_intervals>
      <GBFeature_operator>order</GBFeature_operator>
      <GBFeature_quals>
        <GBQualifier>
          <GBQualifier_name>site_type</GBQualifier_name>
          <GBQualifier_value>other</GBQualifier_value>
        </GBQualifier>
        <GBQualifier>
          <GBQualifier_name>note</GBQualifier_name>
          <GBQualifier_value>folate binding site [chemical binding]</GBQualifier_value>
        </GBQualifier>
        <GBQualifier>
          <GBQualifier_name>db_xref</GBQualifier_name>
          <GBQualifier_value>CDD:238127</GBQualifier_value>
        </GBQualifier>
      </GBFeature_quals>
    </GBFeature>
    <GBFeature>
      <GBFeature_key>Site</GBFeature_key>
      <GBFeature_location>order(9,16,53..55,76,113..116)</GBFeature_location>
      <GBFeature_intervals>
        <GBInterval>
          <GBInterval_point>9</GBInterval_point>
          <GBInterval_accession>NP_732147.1</GBInterval_accession>
        </GBInterval>
        <GBInterval>
          <GBInterval_point>16</GBInterval_point>
          <GBInterval_accession>NP_732147.1</GBInterval_accession>
        </GBInterval>
        <GBInterval>
          <GBInterval_from>53</GBInterval_from>
          <GBInterval_to>55</GBInterval_to>
          <GBInterval_accession>NP_732147.1</GBInterval_accession>
        </GBInterval>
        <GBInterval>
          <GBInterval_point>76</GBInterval_point>
          <GBInterval_accession>NP_732147.1</GBInterval_accession>
        </GBInterval>
        <GBInterval>
          <GBInterval_from>113</GBInterval_from>
          <GBInterval_to>116</GBInterval_to>
          <GBInterval_accession>NP_732147.1</GBInterval_accession>
        </GBInterval>
      </GBFeature_intervals>
      <GBFeature_operator>order</GBFeature_operator>
      <GBFeature_quals>
        <GBQualifier>
          <GBQualifier_name>site_type</GBQualifier_name>
          <GBQualifier_value>other</GBQualifier_value>
        </GBQualifier>
        <GBQualifier>
          <GBQualifier_name>note</GBQualifier_name>
          <GBQualifier_value>NADP+ binding site [chemical binding]</GBQualifier_value>
        </GBQualifier>
        <GBQualifier>
          <GBQualifier_name>db_xref</GBQualifier_name>
          <GBQualifier_value>CDD:238127</GBQualifier_value>
        </GBQualifier>
      </GBFeature_quals>
    </GBFeature>
    <GBFeature>
      <GBFeature_key>CDS</GBFeature_key>
      <GBFeature_location>1..182</GBFeature_location>
      <GBFeature_intervals>
        <GBInterval>
          <GBInterval_from>1</GBInterval_from>
          <GBInterval_to>182</GBInterval_to>
          <GBInterval_accession>NP_732147.1</GBInterval_accession>
        </GBInterval>
      </GBFeature_intervals>
      <GBFeature_quals>
        <GBQualifier>
          <GBQualifier_name>gene</GBQualifier_name>
          <GBQualifier_value>Dhfr</GBQualifier_value>
        </GBQualifier>
        <GBQualifier>
          <GBQualifier_name>locus_tag</GBQualifier_name>
          <GBQualifier_value>Dmel_CG14887</GBQualifier_value>
        </GBQualifier>
        <GBQualifier>
          <GBQualifier_name>gene_synonym</GBQualifier_name>
          <GBQualifier_value>CG14887; dhfr; DHFR; Dmel\CG14887</GBQualifier_value>
        </GBQualifier>
        <GBQualifier>
          <GBQualifier_name>coded_by</GBQualifier_name>
          <GBQualifier_value>NM_169721.2:28..576</GBQualifier_value>
        </GBQualifier>
        <GBQualifier>
          <GBQualifier_name>db_xref</GBQualifier_name>
          <GBQualifier_value>FLYBASE:FBpp0082746</GBQualifier_value>
        </GBQualifier>
        <GBQualifier>
          <GBQualifier_name>db_xref</GBQualifier_name>
          <GBQualifier_value>FLYBASE:FBgn0004087</GBQualifier_value>
        </GBQualifier>
        <GBQualifier>
          <GBQualifier_name>db_xref</GBQualifier_name>
          <GBQualifier_value>GeneID:42003</GBQualifier_value>
        </GBQualifier>
      </GBFeature_quals>
    </GBFeature>
  </GBSeq_feature-table>
  <GBSeq_sequence>mlrfnlivavcenfgigirgdlpwrikselkyfsrttkrtsdptkqnavvmgrktyfgvpeskrplpdrlnivlsttlqesdlpkgvllcpnletamkileeqneveniwivggsgvyeeamasprchrlyitkimqkfdcdtffpaipdsfrevapdsdmplgvqeengikfeykilekhs</GBSeq_sequence>
  <GBSeq_xrefs>
    <GBXref>
      <GBXref_dbname>BioProject</GBXref_dbname>
      <GBXref_id>PRJNA164</GBXref_id>
    </GBXref>
    <GBXref>
      <GBXref_dbname>BioSample</GBXref_dbname>
      <GBXref_id>SAMN02803731</GBXref_id>
    </GBXref>
  </GBSeq_xrefs>
</GBSeq>

</GBSet>

