<?xml version="1.0" ?>
<!DOCTYPE GBSet PUBLIC "-//NCBI//NCBI GBSeq/EN" "https://www.ncbi.nlm.nih.gov/dtd/NCBI_GBSeq.dtd">
<GBSet>
<GBSeq>
  <GBSeq_locus>NP_861932</GBSeq_locus>
  <GBSeq_length>195</GBSeq_length>
  <GBSeq_moltype>AA</GBSeq_moltype>
  <GBSeq_topology>linear</GBSeq_topology>
  <GBSeq_division>PHG</GBSeq_division>
  <GBSeq_update-date>26-MAR-2010</GBSeq_update-date>
  <GBSeq_create-date>07-JUL-2003</GBSeq_create-date>
  <GBSeq_definition>Frd dihydrofolate reductase [Enterobacteria phage RB69]</GBSeq_definition>
  <GBSeq_primary-accession>NP_861932</GBSeq_primary-accession>
  <GBSeq_accession-version>NP_861932.1</GBSeq_accession-version>
  <GBSeq_other-seqids>
    <GBSeqid>ref|NP_861932.1|</GBSeqid>
    <GBSeqid>gi|32453723</GBSeqid>
  </GBSeq_other-seqids>
  <GBSeq_project>PRJNA15141</GBSeq_project>
  <GBSeq_keywords>
    <GBKeyword>RefSeq</GBKeyword>
  </GBSeq_keywords>
  <GBSeq_source>Enterobacteria phage RB69 (RB69)</GBSeq_source>
  <GBSeq_organism>Enterobacteria phage RB69</GBSeq_organism>
  <GBSeq_taxonomy>Viruses; dsDNA viruses, no RNA stage; Caudovirales; Myoviridae; Tevenvirinae; T4likevirus</GBSeq_taxonomy>
  <GBSeq_references>
    <GBReference>
      <GBReference_reference>1</GBReference_reference>
      <GBReference_position>1..195</GBReference_position>
      <GBReference_authors>
        <GBAuthor>Tetart,F.</GBAuthor>
        <GBAuthor>Desplats,C.</GBAuthor>
        <GBAuthor>Kutateladze,M.</GBAuthor>
        <GBAuthor>Monod,C.</GBAuthor>
        <GBAuthor>Ackermann,H.W.</GBAuthor>
        <GBAuthor>Krisch,H.M.</GBAuthor>
      </GBReference_authors>
      <GBReference_title>Phylogeny of the major head and tail genes of the wide-ranging T4-type bacteriophages</GBReference_title>
      <GBReference_journal>J. Bacteriol. 183 (1), 358-366 (2001)</GBReference_journal>
      <GBReference_xref>
        <GBXref>
          <GBXref_dbname>doi</GBXref_dbname>
          <GBXref_id>10.1128/JB.183.1.358-366.2001</GBXref_id>
        </GBXref>
      </GBReference_xref>
      <GBReference_pubmed>11114936</GBReference_pubmed>
    </GBReference>
    <GBReference>
      <GBReference_reference>2</GBReference_reference>
      <GBReference_position>1..195</GBReference_position>
      <GBReference_authors>
        <GBAuthor>Yeh,L.S.</GBAuthor>
        <GBAuthor>Hsu,T.</GBAuthor>
        <GBAuthor>Karam,J.D.</GBAuthor>
      </GBReference_authors>
      <GBReference_title>Divergence of a DNA replication gene cluster in the T4-related bacteriophage RB69</GBReference_title>
      <GBReference_journal>J. Bacteriol. 180 (8), 2005-2013 (1998)</GBReference_journal>
      <GBReference_pubmed>9555879</GBReference_pubmed>
    </GBReference>
    <GBReference>
      <GBReference_reference>3</GBReference_reference>
      <GBReference_position>1..195</GBReference_position>
      <GBReference_authors>
        <GBAuthor>Wang,J.</GBAuthor>
        <GBAuthor>Sattar,A.K.</GBAuthor>
        <GBAuthor>Wang,C.C.</GBAuthor>
        <GBAuthor>Karam,J.D.</GBAuthor>
        <GBAuthor>Konigsberg,W.H.</GBAuthor>
        <GBAuthor>Steitz,T.A.</GBAuthor>
      </GBReference_authors>
      <GBReference_title>Crystal structure of a pol alpha family replication DNA polymerase from bacteriophage RB69</GBReference_title>
      <GBReference_journal>Cell 89 (7), 1087-1099 (1997)</GBReference_journal>
      <GBReference_pubmed>9215631</GBReference_pubmed>
    </GBReference>
    <GBReference>
      <GBReference_reference>4</GBReference_reference>
      <GBReference_position>1..195</GBReference_position>
      <GBReference_authors>
        <GBAuthor>Wang,C.C.</GBAuthor>
        <GBAuthor>Yeh,L.S.</GBAuthor>
        <GBAuthor>Karam,J.D.</GBAuthor>
      </GBReference_authors>
      <GBReference_title>Modular organization of T4 DNA polymerase. Evidence from phylogenetics</GBReference_title>
      <GBReference_journal>J. Biol. Chem. 270 (44), 26558-26564 (1995)</GBReference_journal>
      <GBReference_pubmed>7592876</GBReference_pubmed>
    </GBReference>
    <GBReference>
      <GBReference_reference>5</GBReference_reference>
      <GBReference_position>1..195</GBReference_position>
      <GBReference_authors>
        <GBAuthor>Petrov,V.</GBAuthor>
        <GBAuthor>Nolan,J.</GBAuthor>
        <GBAuthor>Chin,D.</GBAuthor>
        <GBAuthor>Letarov,A.</GBAuthor>
        <GBAuthor>Krisch,H.M.</GBAuthor>
        <GBAuthor>Karam,J.D.</GBAuthor>
      </GBReference_authors>
      <GBReference_title>Enterobacteria phage RB69 complete genome</GBReference_title>
      <GBReference_journal>Unpublished</GBReference_journal>
    </GBReference>
    <GBReference>
      <GBReference_reference>6</GBReference_reference>
      <GBReference_position>1..195</GBReference_position>
      <GBReference_authors>
        <GBAuthor>Borjac,J.</GBAuthor>
        <GBAuthor>Petrov,V.M.</GBAuthor>
        <GBAuthor>Karam,J.D.</GBAuthor>
      </GBReference_authors>
      <GBReference_title>RNA and protein determinants of autogenous translational control by the Ssb proteins of bacteriophages T4 and RB69</GBReference_title>
      <GBReference_journal>Unpublished</GBReference_journal>
    </GBReference>
    <GBReference>
      <GBReference_reference>7</GBReference_reference>
      <GBReference_position>1..195</GBReference_position>
      <GBReference_consortium>NCBI Genome Project</GBReference_consortium>
      <GBReference_title>Direct Submission</GBReference_title>
      <GBReference_journal>Submitted (07-JUL-2003) National Center for Biotechnology Information, NIH, Bethesda, MD 20894, USA</GBReference_journal>
    </GBReference>
    <GBReference>
      <GBReference_reference>8</GBReference_reference>
      <GBReference_position>1..195</GBReference_position>
      <GBReference_authors>
        <GBAuthor>Petrov,V.</GBAuthor>
        <GBAuthor>Nolan,J.</GBAuthor>
        <GBAuthor>Chin,D.</GBAuthor>
        <GBAuthor>Letarov,A.</GBAuthor>
        <GBAuthor>Krisch,H.M.</GBAuthor>
        <GBAuthor>Karam,J.D.</GBAuthor>
      </GBReference_authors>
      <GBReference_title>Direct Submission</GBReference_title>
      <GBReference_journal>Submitted (20-MAY-2003) Biochemistry, Tulane University, 1430 Tulane Avenue, New Orleans, LA 70112, USA</GBReference_journal>
    </GBReference>
  </GBSeq_references>
  <GBSeq_comment>PROVISIONAL REFSEQ: This record has not yet been subject to final NCBI review. The reference sequence was derived from AAP76141.; Method: conceptual translation.</GBSeq_comment>
  <GBSeq_source-db>REFSEQ: accession NC_004928.1</GBSeq_source-db>
  <GBSeq_feature-table>
    <GBFeature>
      <GBFeature_key>source</GBFeature_key>
      <GBFeature_location>1..195</GBFeature_location>
      <GBFeature_intervals>
        <GBInterval>
          <GBInterval_from>1</GBInterval_from>
          <GBInterval_to>195</GBInterval_to>
          <GBInterval_accession>NP_861932.1</GBInterval_accession>
        </GBInterval>
      </GBFeature_intervals>
      <GBFeature_quals>
        <GBQualifier>
          <GBQualifier_name>organism</GBQualifier_name>
          <GBQualifier_value>Enterobacteria phage RB69</GBQualifier_value>
        </GBQualifier>
        <GBQualifier>
          <GBQualifier_name>host</GBQualifier_name>
          <GBQualifier_value>Escherichia coli</GBQualifier_value>
        </GBQualifier>
        <GBQualifier>
          <GBQualifier_name>db_xref</GBQualifier_name>
          <GBQualifier_value>taxon:12353</GBQualifier_value>
        </GBQualifier>
      </GBFeature_quals>
    </GBFeature>
    <GBFeature>
      <GBFeature_key>Protein</GBFeature_key>
      <GBFeature_location>1..195</GBFeature_location>
      <GBFeature_intervals>
        <GBInterval>
          <GBInterval_from>1</GBInterval_from>
          <GBInterval_to>195</GBInterval_to>
          <GBInterval_accession>NP_861932.1</GBInterval_accession>
        </GBInterval>
      </GBFeature_intervals>
      <GBFeature_quals>
        <GBQualifier>
          <GBQualifier_name>product</GBQualifier_name>
          <GBQualifier_value>Frd dihydrofolate reductase</GBQualifier_value>
        </GBQualifier>
        <GBQualifier>
          <GBQualifier_name>name</GBQualifier_name>
          <GBQualifier_value>product is methyl donor used by dTMP synthase</GBQualifier_value>
        </GBQualifier>
        <GBQualifier>
          <GBQualifier_name>calculated_mol_wt</GBQualifier_name>
          <GBQualifier_value>21980</GBQualifier_value>
        </GBQualifier>
      </GBFeature_quals>
    </GBFeature>
    <GBFeature>
      <GBFeature_key>Region</GBFeature_key>
      <GBFeature_location>1..&gt;149</GBFeature_location>
      <GBFeature_intervals>
        <GBInterval>
          <GBInterval_from>1</GBInterval_from>
          <GBInterval_to>149</GBInterval_to>
          <GBInterval_accession>NP_861932.1</GBInterval_accession>
        </GBInterval>
      </GBFeature_intervals>
      <GBFeature_partial3 value="true"/>
      <GBFeature_quals>
        <GBQualifier>
          <GBQualifier_name>region_name</GBQualifier_name>
          <GBQualifier_value>DHFR</GBQualifier_value>
        </GBQualifier>
        <GBQualifier>
          <GBQualifier_name>note</GBQualifier_name>
          <GBQualifier_value>Dihydrofolate reductase (DHFR). Reduces 7,8-dihydrofolate to 5,6,7,8-tetrahydrofolate with NADPH as a cofactor. This is an essential step in the biosynthesis of deoxythymidine phosphate since 5,6,7,8-tetrahydrofolate is required to regenerate 5; cl17279</GBQualifier_value>
        </GBQualifier>
        <GBQualifier>
          <GBQualifier_name>db_xref</GBQualifier_name>
          <GBQualifier_value>CDD:302636</GBQualifier_value>
        </GBQualifier>
      </GBFeature_quals>
    </GBFeature>
    <GBFeature>
      <GBFeature_key>Site</GBFeature_key>
      <GBFeature_location>order(5,30,36,66,128,134,147)</GBFeature_location>
      <GBFeature_intervals>
        <GBInterval>
          <GBInterval_point>5</GBInterval_point>
          <GBInterval_accession>NP_861932.1</GBInterval_accession>
        </GBInterval>
        <GBInterval>
          <GBInterval_point>30</GBInterval_point>
          <GBInterval_accession>NP_861932.1</GBInterval_accession>
        </GBInterval>
        <GBInterval>
          <GBInterval_point>36</GBInterval_point>
          <GBInterval_accession>NP_861932.1</GBInterval_accession>
        </GBInterval>
        <GBInterval>
          <GBInterval_point>66</GBInterval_point>
          <GBInterval_accession>NP_861932.1</GBInterval_accession>
        </GBInterval>
        <GBInterval>
          <GBInterval_point>128</GBInterval_point>
          <GBInterval_accession>NP_861932.1</GBInterval_accession>
        </GBInterval>
        <GBInterval>
          <GBInterval_point>134</GBInterval_point>
          <GBInterval_accession>NP_861932.1</GBInterval_accession>
        </GBInterval>
        <GBInterval>
          <GBInterval_point>147</GBInterval_point>
          <GBInterval_accession>NP_861932.1</GBInterval_accession>
        </GBInterval>
      </GBFeature_intervals>
      <GBFeature_operator>order</GBFeature_operator>
      <GBFeature_quals>
        <GBQualifier>
          <GBQualifier_name>site_type</GBQualifier_name>
          <GBQualifier_value>other</GBQualifier_value>
        </GBQualifier>
        <GBQualifier>
          <GBQualifier_name>note</GBQualifier_name>
          <GBQualifier_value>folate binding site [chemical binding]</GBQualifier_value>
        </GBQualifier>
        <GBQualifier>
          <GBQualifier_name>db_xref</GBQualifier_name>
          <GBQualifier_value>CDD:238127</GBQualifier_value>
        </GBQualifier>
      </GBFeature_quals>
    </GBFeature>
    <GBFeature>
      <GBFeature_key>Site</GBFeature_key>
      <GBFeature_location>order(7,22,53..55,76,129..132)</GBFeature_location>
      <GBFeature_intervals>
        <GBInterval>
          <GBInterval_point>7</GBInterval_point>
          <GBInterval_accession>NP_861932.1</GBInterval_accession>
        </GBInterval>
        <GBInterval>
          <GBInterval_point>22</GBInterval_point>
          <GBInterval_accession>NP_861932.1</GBInterval_accession>
        </GBInterval>
        <GBInterval>
          <GBInterval_from>53</GBInterval_from>
          <GBInterval_to>55</GBInterval_to>
          <GBInterval_accession>NP_861932.1</GBInterval_accession>
        </GBInterval>
        <GBInterval>
          <GBInterval_point>76</GBInterval_point>
          <GBInterval_accession>NP_861932.1</GBInterval_accession>
        </GBInterval>
        <GBInterval>
          <GBInterval_from>129</GBInterval_from>
          <GBInterval_to>132</GBInterval_to>
          <GBInterval_accession>NP_861932.1</GBInterval_accession>
        </GBInterval>
      </GBFeature_intervals>
      <GBFeature_operator>order</GBFeature_operator>
      <GBFeature_quals>
        <GBQualifier>
          <GBQualifier_name>site_type</GBQualifier_name>
          <GBQualifier_value>other</GBQualifier_value>
        </GBQualifier>
        <GBQualifier>
          <GBQualifier_name>note</GBQualifier_name>
          <GBQualifier_value>NADP+ binding site [chemical binding]</GBQualifier_value>
        </GBQualifier>
        <GBQualifier>
          <GBQualifier_name>db_xref</GBQualifier_name>
          <GBQualifier_value>CDD:238127</GBQualifier_value>
        </GBQualifier>
      </GBFeature_quals>
    </GBFeature>
    <GBFeature>
      <GBFeature_key>CDS</GBFeature_key>
      <GBFeature_location>1..195</GBFeature_location>
      <GBFeature_intervals>
        <GBInterval>
          <GBInterval_from>1</GBInterval_from>
          <GBInterval_to>195</GBInterval_to>
          <GBInterval_accession>NP_861932.1</GBInterval_accession>
        </GBInterval>
      </GBFeature_intervals>
      <GBFeature_quals>
        <GBQualifier>
          <GBQualifier_name>gene</GBQualifier_name>
          <GBQualifier_value>frd</GBQualifier_value>
        </GBQualifier>
        <GBQualifier>
          <GBQualifier_name>locus_tag</GBQualifier_name>
          <GBQualifier_value>RB69p242</GBQualifier_value>
        </GBQualifier>
        <GBQualifier>
          <GBQualifier_name>coded_by</GBQualifier_name>
          <GBQualifier_value>complement(NC_004928.1:144383..144970)</GBQualifier_value>
        </GBQualifier>
        <GBQualifier>
          <GBQualifier_name>note</GBQualifier_name>
          <GBQualifier_value>similar to T4 accession AAD42577</GBQualifier_value>
        </GBQualifier>
        <GBQualifier>
          <GBQualifier_name>transl_table</GBQualifier_name>
          <GBQualifier_value>11</GBQualifier_value>
        </GBQualifier>
        <GBQualifier>
          <GBQualifier_name>db_xref</GBQualifier_name>
          <GBQualifier_value>GeneID:1494358</GBQualifier_value>
        </GBQualifier>
      </GBFeature_quals>
    </GBFeature>
  </GBSeq_feature-table>
  <GBSeq_sequence>mlklvfacapsktvddkleyafglgdglpwkhikqdmsnfvartkntvmvmgaktfaslprllpdrthmvvtdmarklprtktdelarfyitqaefitlvmggeinlfspstdvpfklstehvdvsviggpallkqalpyadeivmtkiikkcrvnsdvqldkdfvqdimlqrsmveshyyridelteitesvyk</GBSeq_sequence>
  <GBSeq_xrefs>
    <GBXref>
      <GBXref_dbname>BioProject</GBXref_dbname>
      <GBXref_id>PRJNA15141</GBXref_id>
    </GBXref>
  </GBSeq_xrefs>
</GBSeq>

</GBSet>

