<?xml version="1.0" ?>
<!DOCTYPE GBSet PUBLIC "-//NCBI//NCBI GBSeq/EN" "https://www.ncbi.nlm.nih.gov/dtd/NCBI_GBSeq.dtd">
<GBSet>
<GBSeq>
  <GBSeq_locus>NP_820968</GBSeq_locus>
  <GBSeq_length>161</GBSeq_length>
  <GBSeq_moltype>AA</GBSeq_moltype>
  <GBSeq_topology>linear</GBSeq_topology>
  <GBSeq_division>CON</GBSeq_division>
  <GBSeq_update-date>28-AUG-2016</GBSeq_update-date>
  <GBSeq_create-date>09-APR-2003</GBSeq_create-date>
  <GBSeq_definition>dihydrofolate reductase [Coxiella burnetii RSA 493]</GBSeq_definition>
  <GBSeq_primary-accession>NP_820968</GBSeq_primary-accession>
  <GBSeq_accession-version>NP_820968.1</GBSeq_accession-version>
  <GBSeq_other-seqids>
    <GBSeqid>ref|NP_820968.1|</GBSeqid>
    <GBSeqid>gi|29655276</GBSeqid>
  </GBSeq_other-seqids>
  <GBSeq_project>PRJNA57631</GBSeq_project>
  <GBSeq_keywords>
    <GBKeyword>RefSeq</GBKeyword>
  </GBSeq_keywords>
  <GBSeq_source>Coxiella burnetii RSA 493</GBSeq_source>
  <GBSeq_organism>Coxiella burnetii RSA 493</GBSeq_organism>
  <GBSeq_taxonomy>Bacteria; Proteobacteria; Gammaproteobacteria; Legionellales; Coxiellaceae; Coxiella</GBSeq_taxonomy>
  <GBSeq_references>
    <GBReference>
      <GBReference_reference>1</GBReference_reference>
      <GBReference_position>1..161</GBReference_position>
      <GBReference_authors>
        <GBAuthor>Skultety,L.</GBAuthor>
        <GBAuthor>Hajduch,M.</GBAuthor>
        <GBAuthor>Flores-Ramirez,G.</GBAuthor>
        <GBAuthor>Miernyk,J.A.</GBAuthor>
        <GBAuthor>Ciampor,F.</GBAuthor>
        <GBAuthor>Toman,R.</GBAuthor>
        <GBAuthor>Sekeyova,Z.</GBAuthor>
      </GBReference_authors>
      <GBReference_title>Proteomic comparison of virulent phase I and avirulent phase II of Coxiella burnetii, the causative agent of Q fever</GBReference_title>
      <GBReference_journal>J Proteomics 74 (10), 1974-1984 (2011)</GBReference_journal>
      <GBReference_xref>
        <GBXref>
          <GBXref_dbname>doi</GBXref_dbname>
          <GBXref_id>10.1016/j.jprot.2011.05.017</GBXref_id>
        </GBXref>
      </GBReference_xref>
      <GBReference_pubmed>21616182</GBReference_pubmed>
    </GBReference>
    <GBReference>
      <GBReference_reference>2</GBReference_reference>
      <GBReference_position>1..161</GBReference_position>
      <GBReference_authors>
        <GBAuthor>Beare,P.A.</GBAuthor>
        <GBAuthor>Unsworth,N.</GBAuthor>
        <GBAuthor>Andoh,M.</GBAuthor>
        <GBAuthor>Voth,D.E.</GBAuthor>
        <GBAuthor>Omsland,A.</GBAuthor>
        <GBAuthor>Gilk,S.D.</GBAuthor>
        <GBAuthor>Williams,K.P.</GBAuthor>
        <GBAuthor>Sobral,B.W.</GBAuthor>
        <GBAuthor>Kupko,J.J. III</GBAuthor>
        <GBAuthor>Porcella,S.F.</GBAuthor>
        <GBAuthor>Samuel,J.E.</GBAuthor>
        <GBAuthor>Heinzen,R.A.</GBAuthor>
      </GBReference_authors>
      <GBReference_title>Comparative genomics reveal extensive transposon-mediated genomic plasticity and diversity among potential effector proteins within the genus Coxiella</GBReference_title>
      <GBReference_journal>Infect. Immun. 77 (2), 642-656 (2009)</GBReference_journal>
      <GBReference_xref>
        <GBXref>
          <GBXref_dbname>doi</GBXref_dbname>
          <GBXref_id>10.1128/IAI.01141-08</GBXref_id>
        </GBXref>
      </GBReference_xref>
      <GBReference_pubmed>19047403</GBReference_pubmed>
    </GBReference>
    <GBReference>
      <GBReference_reference>3</GBReference_reference>
      <GBReference_position>1..161</GBReference_position>
      <GBReference_authors>
        <GBAuthor>Seshadri,R.</GBAuthor>
        <GBAuthor>Paulsen,I.T.</GBAuthor>
        <GBAuthor>Eisen,J.A.</GBAuthor>
        <GBAuthor>Read,T.D.</GBAuthor>
        <GBAuthor>Nelson,K.E.</GBAuthor>
        <GBAuthor>Nelson,W.C.</GBAuthor>
        <GBAuthor>Ward,N.L.</GBAuthor>
        <GBAuthor>Tettelin,H.</GBAuthor>
        <GBAuthor>Davidsen,T.M.</GBAuthor>
        <GBAuthor>Beanan,M.J.</GBAuthor>
        <GBAuthor>Deboy,R.T.</GBAuthor>
        <GBAuthor>Daugherty,S.C.</GBAuthor>
        <GBAuthor>Brinkac,L.M.</GBAuthor>
        <GBAuthor>Madupu,R.</GBAuthor>
        <GBAuthor>Dodson,R.J.</GBAuthor>
        <GBAuthor>Khouri,H.M.</GBAuthor>
        <GBAuthor>Lee,K.H.</GBAuthor>
        <GBAuthor>Carty,H.A.</GBAuthor>
        <GBAuthor>Scanlan,D.</GBAuthor>
        <GBAuthor>Heinzen,R.A.</GBAuthor>
        <GBAuthor>Thompson,H.A.</GBAuthor>
        <GBAuthor>Samuel,J.E.</GBAuthor>
        <GBAuthor>Fraser,C.M.</GBAuthor>
        <GBAuthor>Heidelberg,J.F.</GBAuthor>
      </GBReference_authors>
      <GBReference_title>Complete genome sequence of the Q-fever pathogen Coxiella burnetii</GBReference_title>
      <GBReference_journal>Proc. Natl. Acad. Sci. U.S.A. 100 (9), 5455-5460 (2003)</GBReference_journal>
      <GBReference_xref>
        <GBXref>
          <GBXref_dbname>doi</GBXref_dbname>
          <GBXref_id>10.1073/pnas.0931379100</GBXref_id>
        </GBXref>
      </GBReference_xref>
      <GBReference_pubmed>12704232</GBReference_pubmed>
    </GBReference>
    <GBReference>
      <GBReference_reference>4</GBReference_reference>
      <GBReference_position>1..161</GBReference_position>
      <GBReference_consortium>NCBI Genome Project</GBReference_consortium>
      <GBReference_title>Direct Submission</GBReference_title>
      <GBReference_journal>Submitted (05-DEC-2008) National Center for Biotechnology Information, NIH, Bethesda, MD 20894, USA</GBReference_journal>
    </GBReference>
    <GBReference>
      <GBReference_reference>5</GBReference_reference>
      <GBReference_position>1..161</GBReference_position>
      <GBReference_authors>
        <GBAuthor>Beare,P.A.</GBAuthor>
        <GBAuthor>Unsworth,N.</GBAuthor>
        <GBAuthor>Andoh,M.</GBAuthor>
        <GBAuthor>Voth,D.E.</GBAuthor>
        <GBAuthor>Omsland,A.</GBAuthor>
        <GBAuthor>Gilk,S.D.</GBAuthor>
        <GBAuthor>Williams,K.</GBAuthor>
        <GBAuthor>Sobral,B.</GBAuthor>
        <GBAuthor>Kupko,J.J. III</GBAuthor>
        <GBAuthor>Porcella,S.J.</GBAuthor>
        <GBAuthor>Samuel,J.E.</GBAuthor>
        <GBAuthor>Heinzen,R.A.</GBAuthor>
      </GBReference_authors>
      <GBReference_title>Direct Submission</GBReference_title>
      <GBReference_journal>Submitted (24-SEP-2008) Coxiella Pathogenesis Section, Laboratory of Intracellular Parasites, Rocky Mountain Laboratories, National Institute of Allergy and Infectious Diseases, 903 S. 4th Street, Hamilton, MT 59840, USA</GBReference_journal>
      <GBReference_remark>Protein update by submitter</GBReference_remark>
    </GBReference>
    <GBReference>
      <GBReference_reference>6</GBReference_reference>
      <GBReference_position>1..161</GBReference_position>
      <GBReference_authors>
        <GBAuthor>Seshadri,R.</GBAuthor>
        <GBAuthor>Paulsen,I.T.</GBAuthor>
        <GBAuthor>Eisen,J.A.</GBAuthor>
        <GBAuthor>Read,T.D.</GBAuthor>
        <GBAuthor>Nelson,K.E.</GBAuthor>
        <GBAuthor>Nelson,W.C.</GBAuthor>
        <GBAuthor>Ward,N.L.</GBAuthor>
        <GBAuthor>Tettelin,H.</GBAuthor>
        <GBAuthor>Fraser,C.M.</GBAuthor>
        <GBAuthor>Davidsen,T.M.</GBAuthor>
        <GBAuthor>Beanan,M.J.</GBAuthor>
        <GBAuthor>DeBoy,R.T.</GBAuthor>
        <GBAuthor>Daugherty,S.C.</GBAuthor>
        <GBAuthor>Madupu,R.</GBAuthor>
        <GBAuthor>Dodson,R.J.</GBAuthor>
        <GBAuthor>Khouri,H.M.</GBAuthor>
        <GBAuthor>Lee,K.</GBAuthor>
        <GBAuthor>Carty,H.A.</GBAuthor>
        <GBAuthor>Scanlan,D.</GBAuthor>
        <GBAuthor>Heinzen,R.A.</GBAuthor>
        <GBAuthor>Thompson,H.A.</GBAuthor>
        <GBAuthor>Heidelberg,J.F.</GBAuthor>
        <GBAuthor>Brinkac,L.M.</GBAuthor>
      </GBReference_authors>
      <GBReference_title>Direct Submission</GBReference_title>
      <GBReference_journal>Submitted (13-JUL-2005) The Institute for Genomic Research, 9712 Medical Center Dr, Rockville, MD 20850, USA</GBReference_journal>
    </GBReference>
  </GBSeq_references>
  <GBSeq_comment>REVIEWED REFSEQ: This record has been curated by NCBI staff. The reference sequence is identical to AAO91482.; RefSeq Category: Reference Genome FGS: First Genome sequenced UPR: UniProt Genome; Method: conceptual translation.</GBSeq_comment>
  <GBSeq_source-db>REFSEQ: accession NC_002971.3</GBSeq_source-db>
  <GBSeq_feature-table>
    <GBFeature>
      <GBFeature_key>source</GBFeature_key>
      <GBFeature_location>1..161</GBFeature_location>
      <GBFeature_intervals>
        <GBInterval>
          <GBInterval_from>1</GBInterval_from>
          <GBInterval_to>161</GBInterval_to>
          <GBInterval_accession>NP_820968.1</GBInterval_accession>
        </GBInterval>
      </GBFeature_intervals>
      <GBFeature_quals>
        <GBQualifier>
          <GBQualifier_name>organism</GBQualifier_name>
          <GBQualifier_value>Coxiella burnetii RSA 493</GBQualifier_value>
        </GBQualifier>
        <GBQualifier>
          <GBQualifier_name>strain</GBQualifier_name>
          <GBQualifier_value>RSA 493</GBQualifier_value>
        </GBQualifier>
        <GBQualifier>
          <GBQualifier_name>db_xref</GBQualifier_name>
          <GBQualifier_value>taxon:227377</GBQualifier_value>
        </GBQualifier>
      </GBFeature_quals>
    </GBFeature>
    <GBFeature>
      <GBFeature_key>Protein</GBFeature_key>
      <GBFeature_location>1..161</GBFeature_location>
      <GBFeature_intervals>
        <GBInterval>
          <GBInterval_from>1</GBInterval_from>
          <GBInterval_to>161</GBInterval_to>
          <GBInterval_accession>NP_820968.1</GBInterval_accession>
        </GBInterval>
      </GBFeature_intervals>
      <GBFeature_quals>
        <GBQualifier>
          <GBQualifier_name>product</GBQualifier_name>
          <GBQualifier_value>dihydrofolate reductase</GBQualifier_value>
        </GBQualifier>
        <GBQualifier>
          <GBQualifier_name>EC_number</GBQualifier_name>
          <GBQualifier_value>1.5.1.3</GBQualifier_value>
        </GBQualifier>
        <GBQualifier>
          <GBQualifier_name>calculated_mol_wt</GBQualifier_name>
          <GBQualifier_value>18532</GBQualifier_value>
        </GBQualifier>
      </GBFeature_quals>
    </GBFeature>
    <GBFeature>
      <GBFeature_key>Region</GBFeature_key>
      <GBFeature_location>3..160</GBFeature_location>
      <GBFeature_intervals>
        <GBInterval>
          <GBInterval_from>3</GBInterval_from>
          <GBInterval_to>160</GBInterval_to>
          <GBInterval_accession>NP_820968.1</GBInterval_accession>
        </GBInterval>
      </GBFeature_intervals>
      <GBFeature_quals>
        <GBQualifier>
          <GBQualifier_name>region_name</GBQualifier_name>
          <GBQualifier_value>DHFR_1</GBQualifier_value>
        </GBQualifier>
        <GBQualifier>
          <GBQualifier_name>note</GBQualifier_name>
          <GBQualifier_value>Dihydrofolate reductase; pfam00186</GBQualifier_value>
        </GBQualifier>
        <GBQualifier>
          <GBQualifier_name>db_xref</GBQualifier_name>
          <GBQualifier_value>CDD:278610</GBQualifier_value>
        </GBQualifier>
      </GBFeature_quals>
    </GBFeature>
    <GBFeature>
      <GBFeature_key>Site</GBFeature_key>
      <GBFeature_location>order(6,23,28,58,96,102,115)</GBFeature_location>
      <GBFeature_intervals>
        <GBInterval>
          <GBInterval_point>6</GBInterval_point>
          <GBInterval_accession>NP_820968.1</GBInterval_accession>
        </GBInterval>
        <GBInterval>
          <GBInterval_point>23</GBInterval_point>
          <GBInterval_accession>NP_820968.1</GBInterval_accession>
        </GBInterval>
        <GBInterval>
          <GBInterval_point>28</GBInterval_point>
          <GBInterval_accession>NP_820968.1</GBInterval_accession>
        </GBInterval>
        <GBInterval>
          <GBInterval_point>58</GBInterval_point>
          <GBInterval_accession>NP_820968.1</GBInterval_accession>
        </GBInterval>
        <GBInterval>
          <GBInterval_point>96</GBInterval_point>
          <GBInterval_accession>NP_820968.1</GBInterval_accession>
        </GBInterval>
        <GBInterval>
          <GBInterval_point>102</GBInterval_point>
          <GBInterval_accession>NP_820968.1</GBInterval_accession>
        </GBInterval>
        <GBInterval>
          <GBInterval_point>115</GBInterval_point>
          <GBInterval_accession>NP_820968.1</GBInterval_accession>
        </GBInterval>
      </GBFeature_intervals>
      <GBFeature_operator>order</GBFeature_operator>
      <GBFeature_quals>
        <GBQualifier>
          <GBQualifier_name>site_type</GBQualifier_name>
          <GBQualifier_value>other</GBQualifier_value>
        </GBQualifier>
        <GBQualifier>
          <GBQualifier_name>note</GBQualifier_name>
          <GBQualifier_value>folate binding site [chemical binding]</GBQualifier_value>
        </GBQualifier>
        <GBQualifier>
          <GBQualifier_name>db_xref</GBQualifier_name>
          <GBQualifier_value>CDD:238127</GBQualifier_value>
        </GBQualifier>
      </GBFeature_quals>
    </GBFeature>
    <GBFeature>
      <GBFeature_key>Site</GBFeature_key>
      <GBFeature_location>order(8,15,45..47,65,97..100)</GBFeature_location>
      <GBFeature_intervals>
        <GBInterval>
          <GBInterval_point>8</GBInterval_point>
          <GBInterval_accession>NP_820968.1</GBInterval_accession>
        </GBInterval>
        <GBInterval>
          <GBInterval_point>15</GBInterval_point>
          <GBInterval_accession>NP_820968.1</GBInterval_accession>
        </GBInterval>
        <GBInterval>
          <GBInterval_from>45</GBInterval_from>
          <GBInterval_to>47</GBInterval_to>
          <GBInterval_accession>NP_820968.1</GBInterval_accession>
        </GBInterval>
        <GBInterval>
          <GBInterval_point>65</GBInterval_point>
          <GBInterval_accession>NP_820968.1</GBInterval_accession>
        </GBInterval>
        <GBInterval>
          <GBInterval_from>97</GBInterval_from>
          <GBInterval_to>100</GBInterval_to>
          <GBInterval_accession>NP_820968.1</GBInterval_accession>
        </GBInterval>
      </GBFeature_intervals>
      <GBFeature_operator>order</GBFeature_operator>
      <GBFeature_quals>
        <GBQualifier>
          <GBQualifier_name>site_type</GBQualifier_name>
          <GBQualifier_value>other</GBQualifier_value>
        </GBQualifier>
        <GBQualifier>
          <GBQualifier_name>note</GBQualifier_name>
          <GBQualifier_value>NADP+ binding site [chemical binding]</GBQualifier_value>
        </GBQualifier>
        <GBQualifier>
          <GBQualifier_name>db_xref</GBQualifier_name>
          <GBQualifier_value>CDD:238127</GBQualifier_value>
        </GBQualifier>
      </GBFeature_quals>
    </GBFeature>
    <GBFeature>
      <GBFeature_key>CDS</GBFeature_key>
      <GBFeature_location>1..161</GBFeature_location>
      <GBFeature_intervals>
        <GBInterval>
          <GBInterval_from>1</GBInterval_from>
          <GBInterval_to>161</GBInterval_to>
          <GBInterval_accession>NP_820968.1</GBInterval_accession>
        </GBInterval>
      </GBFeature_intervals>
      <GBFeature_quals>
        <GBQualifier>
          <GBQualifier_name>gene</GBQualifier_name>
          <GBQualifier_value>folA</GBQualifier_value>
        </GBQualifier>
        <GBQualifier>
          <GBQualifier_name>locus_tag</GBQualifier_name>
          <GBQualifier_value>CBU_1993</GBQualifier_value>
        </GBQualifier>
        <GBQualifier>
          <GBQualifier_name>coded_by</GBQualifier_name>
          <GBQualifier_value>complement(NC_002971.3:1900569..1901054)</GBQualifier_value>
        </GBQualifier>
        <GBQualifier>
          <GBQualifier_name>transl_table</GBQualifier_name>
          <GBQualifier_value>11</GBQualifier_value>
        </GBQualifier>
        <GBQualifier>
          <GBQualifier_name>db_xref</GBQualifier_name>
          <GBQualifier_value>GeneID:1209906</GBQualifier_value>
        </GBQualifier>
      </GBFeature_quals>
    </GBFeature>
  </GBSeq_feature-table>
  <GBSeq_sequence>miitliaamdknrligrnnelpwhlpadlahfksitlgkpivmgrrtfdsigkplphrrnivitqqknliiegcdifyslddalsaltkepeviiiggarifkealpkadkmiltiinhsfegdvyfpewndkewkitsqikherdeknpypfqflelrrl</GBSeq_sequence>
  <GBSeq_contig>join(WP_005769725.1:1..161)</GBSeq_contig>
  <GBSeq_xrefs>
    <GBXref>
      <GBXref_dbname>BioProject</GBXref_dbname>
      <GBXref_id>PRJNA57631</GBXref_id>
    </GBXref>
    <GBXref>
      <GBXref_dbname>Assembly</GBXref_dbname>
      <GBXref_id>GCF_000007765.1</GBXref_id>
    </GBXref>
  </GBSeq_xrefs>
</GBSeq>

</GBSet>

