<?xml version="1.0" ?>
<!DOCTYPE GBSet PUBLIC "-//NCBI//NCBI GBSeq/EN" "https://www.ncbi.nlm.nih.gov/dtd/NCBI_GBSeq.dtd">
<GBSet>
<GBSeq>
  <GBSeq_locus>NP_844628</GBSeq_locus>
  <GBSeq_length>162</GBSeq_length>
  <GBSeq_moltype>AA</GBSeq_moltype>
  <GBSeq_topology>linear</GBSeq_topology>
  <GBSeq_division>CON</GBSeq_division>
  <GBSeq_update-date>03-AUG-2016</GBSeq_update-date>
  <GBSeq_create-date>30-APR-2003</GBSeq_create-date>
  <GBSeq_definition>dihydrofolate reductase [Bacillus anthracis str. Ames]</GBSeq_definition>
  <GBSeq_primary-accession>NP_844628</GBSeq_primary-accession>
  <GBSeq_accession-version>NP_844628.1</GBSeq_accession-version>
  <GBSeq_other-seqids>
    <GBSeqid>gnl|REF_jcvi|BA_2237</GBSeqid>
    <GBSeqid>ref|NP_844628.1|</GBSeqid>
    <GBSeqid>gi|30262251</GBSeqid>
  </GBSeq_other-seqids>
  <GBSeq_project>PRJNA57909</GBSeq_project>
  <GBSeq_keywords>
    <GBKeyword>RefSeq</GBKeyword>
  </GBSeq_keywords>
  <GBSeq_source>Bacillus anthracis str. Ames</GBSeq_source>
  <GBSeq_organism>Bacillus anthracis str. Ames</GBSeq_organism>
  <GBSeq_taxonomy>Bacteria; Firmicutes; Bacilli; Bacillales; Bacillaceae; Bacillus; Bacillus cereus group</GBSeq_taxonomy>
  <GBSeq_references>
    <GBReference>
      <GBReference_reference>1</GBReference_reference>
      <GBReference_position>1..162</GBReference_position>
      <GBReference_authors>
        <GBAuthor>Read,T.D.</GBAuthor>
        <GBAuthor>Peterson,S.N.</GBAuthor>
        <GBAuthor>Tourasse,N.</GBAuthor>
        <GBAuthor>Baillie,L.W.</GBAuthor>
        <GBAuthor>Paulsen,I.T.</GBAuthor>
        <GBAuthor>Nelson,K.E.</GBAuthor>
        <GBAuthor>Tettelin,H.</GBAuthor>
        <GBAuthor>Fouts,D.E.</GBAuthor>
        <GBAuthor>Eisen,J.A.</GBAuthor>
        <GBAuthor>Gill,S.R.</GBAuthor>
        <GBAuthor>Holtzapple,E.K.</GBAuthor>
        <GBAuthor>Okstad,O.A.</GBAuthor>
        <GBAuthor>Helgason,E.</GBAuthor>
        <GBAuthor>Rilstone,J.</GBAuthor>
        <GBAuthor>Wu,M.</GBAuthor>
        <GBAuthor>Kolonay,J.F.</GBAuthor>
        <GBAuthor>Beanan,M.J.</GBAuthor>
        <GBAuthor>Dodson,R.J.</GBAuthor>
        <GBAuthor>Brinkac,L.M.</GBAuthor>
        <GBAuthor>Gwinn,M.</GBAuthor>
        <GBAuthor>DeBoy,R.T.</GBAuthor>
        <GBAuthor>Madpu,R.</GBAuthor>
        <GBAuthor>Daugherty,S.C.</GBAuthor>
        <GBAuthor>Durkin,A.S.</GBAuthor>
        <GBAuthor>Haft,D.H.</GBAuthor>
        <GBAuthor>Nelson,W.C.</GBAuthor>
        <GBAuthor>Peterson,J.D.</GBAuthor>
        <GBAuthor>Pop,M.</GBAuthor>
        <GBAuthor>Khouri,H.M.</GBAuthor>
        <GBAuthor>Radune,D.</GBAuthor>
        <GBAuthor>Benton,J.L.</GBAuthor>
        <GBAuthor>Mahamoud,Y.</GBAuthor>
        <GBAuthor>Jiang,L.</GBAuthor>
        <GBAuthor>Hance,I.R.</GBAuthor>
        <GBAuthor>Weidman,J.F.</GBAuthor>
        <GBAuthor>Berry,K.J.</GBAuthor>
        <GBAuthor>Plaut,R.D.</GBAuthor>
        <GBAuthor>Wolf,A.M.</GBAuthor>
        <GBAuthor>Watkins,K.L.</GBAuthor>
        <GBAuthor>Nierman,W.C.</GBAuthor>
        <GBAuthor>Hazen,A.</GBAuthor>
        <GBAuthor>Cline,R.</GBAuthor>
        <GBAuthor>Redmond,C.</GBAuthor>
        <GBAuthor>Thwaite,J.E.</GBAuthor>
        <GBAuthor>White,O.</GBAuthor>
        <GBAuthor>Salzberg,S.L.</GBAuthor>
        <GBAuthor>Thomason,B.</GBAuthor>
        <GBAuthor>Friedlander,A.M.</GBAuthor>
        <GBAuthor>Koehler,T.M.</GBAuthor>
        <GBAuthor>Hanna,P.C.</GBAuthor>
        <GBAuthor>Kolsto,A.B.</GBAuthor>
        <GBAuthor>Fraser,C.M.</GBAuthor>
      </GBReference_authors>
      <GBReference_title>The genome sequence of Bacillus anthracis Ames and comparison to closely related bacteria</GBReference_title>
      <GBReference_journal>Nature 423 (6935), 81-86 (2003)</GBReference_journal>
      <GBReference_xref>
        <GBXref>
          <GBXref_dbname>doi</GBXref_dbname>
          <GBXref_id>10.1038/nature01586</GBXref_id>
        </GBXref>
      </GBReference_xref>
      <GBReference_pubmed>12721629</GBReference_pubmed>
    </GBReference>
    <GBReference>
      <GBReference_reference>2</GBReference_reference>
      <GBReference_position>1..162</GBReference_position>
      <GBReference_consortium>NCBI Genome Project</GBReference_consortium>
      <GBReference_title>Direct Submission</GBReference_title>
      <GBReference_journal>Submitted (29-OCT-2014) National Center for Biotechnology Information, NIH, Bethesda, MD 20894, USA</GBReference_journal>
    </GBReference>
    <GBReference>
      <GBReference_reference>3</GBReference_reference>
      <GBReference_position>1..162</GBReference_position>
      <GBReference_authors>
        <GBAuthor>Joardar,V.</GBAuthor>
        <GBAuthor>Shrivastava,S.</GBAuthor>
        <GBAuthor>Brinkac,L.M.</GBAuthor>
        <GBAuthor>Harkins,D.M.</GBAuthor>
        <GBAuthor>Durkin,A.S.</GBAuthor>
        <GBAuthor>Sutton,G.</GBAuthor>
      </GBReference_authors>
      <GBReference_title>Direct Submission</GBReference_title>
      <GBReference_journal>Submitted (19-OCT-2009) The J. Craig Venter Institute, 9704 Medical Center Dr, Rockville, MD 20850, USA</GBReference_journal>
      <GBReference_remark>Protein update by submitter</GBReference_remark>
    </GBReference>
    <GBReference>
      <GBReference_reference>4</GBReference_reference>
      <GBReference_position>1..162</GBReference_position>
      <GBReference_authors>
        <GBAuthor>Read,T.D.</GBAuthor>
        <GBAuthor>Peterson,S.N.</GBAuthor>
        <GBAuthor>Tourasse,N.</GBAuthor>
        <GBAuthor>Baillie,L.W.</GBAuthor>
        <GBAuthor>Paulsen,I.T.</GBAuthor>
        <GBAuthor>Nelson,K.E.</GBAuthor>
        <GBAuthor>Tettelin,H.</GBAuthor>
        <GBAuthor>Fouts,D.E.</GBAuthor>
        <GBAuthor>Madupu,R.</GBAuthor>
        <GBAuthor>Eisen,J.A.</GBAuthor>
        <GBAuthor>Gill,S.R.</GBAuthor>
        <GBAuthor>Holtzapple,E.</GBAuthor>
        <GBAuthor>Okstad,O.A.</GBAuthor>
        <GBAuthor>Rilstone,J.</GBAuthor>
        <GBAuthor>Wu,M.</GBAuthor>
        <GBAuthor>Kolonay,J.F.</GBAuthor>
        <GBAuthor>Beanan,M.J.</GBAuthor>
        <GBAuthor>Dodson,R.J.</GBAuthor>
        <GBAuthor>Brinkac,L.M.</GBAuthor>
        <GBAuthor>Gwinn,M.L.</GBAuthor>
        <GBAuthor>DeBoy,R.T.</GBAuthor>
        <GBAuthor>Daugherty,S.C.</GBAuthor>
        <GBAuthor>Durkin,A.S.</GBAuthor>
        <GBAuthor>Haft,D.H.</GBAuthor>
        <GBAuthor>Nelson,W.C.</GBAuthor>
        <GBAuthor>Peterson,J.D.</GBAuthor>
        <GBAuthor>Pop,M.</GBAuthor>
        <GBAuthor>Khouri,H.M.</GBAuthor>
        <GBAuthor>Radune,D.</GBAuthor>
        <GBAuthor>Benton,J.L.</GBAuthor>
        <GBAuthor>Mahamoud,Y.</GBAuthor>
        <GBAuthor>Jiang,L.</GBAuthor>
        <GBAuthor>Hance,I.</GBAuthor>
        <GBAuthor>Helgason,E.</GBAuthor>
        <GBAuthor>Weidman,J.F.</GBAuthor>
        <GBAuthor>Berry,K.</GBAuthor>
        <GBAuthor>Plaut,R.D.</GBAuthor>
        <GBAuthor>Wolf,A.M.</GBAuthor>
        <GBAuthor>Watkins,K.L.</GBAuthor>
        <GBAuthor>Nierman,W.C.</GBAuthor>
        <GBAuthor>Hazen,A.</GBAuthor>
        <GBAuthor>Cline,R.T.</GBAuthor>
        <GBAuthor>Redmond,C.</GBAuthor>
        <GBAuthor>Thwaite,J.E.</GBAuthor>
        <GBAuthor>White,O.</GBAuthor>
        <GBAuthor>Salzberg,S.L.</GBAuthor>
        <GBAuthor>Thomason,B.</GBAuthor>
        <GBAuthor>Friedlander,A.M.</GBAuthor>
        <GBAuthor>Koehler,T.M.</GBAuthor>
        <GBAuthor>Hanna,P.C.</GBAuthor>
        <GBAuthor>Kolsto,A.-B.</GBAuthor>
        <GBAuthor>Fraser,C.M.</GBAuthor>
      </GBReference_authors>
      <GBReference_title>Direct Submission</GBReference_title>
      <GBReference_journal>Submitted (26-MAR-2003) J. Craig Venter Institute, 9704 Medical Center Dr, Rockville, MD 20850, USA</GBReference_journal>
    </GBReference>
  </GBSeq_references>
  <GBSeq_comment>PROVISIONAL REFSEQ: This record has not yet been subject to final NCBI review. The reference sequence is identical to AAP26114.; RefSeq Category: Reference Genome FGS: First Genome sequenced MOD: Model Organism; Method: conceptual translation.</GBSeq_comment>
  <GBSeq_source-db>REFSEQ: accession NC_003997.3</GBSeq_source-db>
  <GBSeq_feature-table>
    <GBFeature>
      <GBFeature_key>source</GBFeature_key>
      <GBFeature_location>1..162</GBFeature_location>
      <GBFeature_intervals>
        <GBInterval>
          <GBInterval_from>1</GBInterval_from>
          <GBInterval_to>162</GBInterval_to>
          <GBInterval_accession>NP_844628.1</GBInterval_accession>
        </GBInterval>
      </GBFeature_intervals>
      <GBFeature_quals>
        <GBQualifier>
          <GBQualifier_name>organism</GBQualifier_name>
          <GBQualifier_value>Bacillus anthracis str. Ames</GBQualifier_value>
        </GBQualifier>
        <GBQualifier>
          <GBQualifier_name>strain</GBQualifier_name>
          <GBQualifier_value>Ames</GBQualifier_value>
        </GBQualifier>
        <GBQualifier>
          <GBQualifier_name>db_xref</GBQualifier_name>
          <GBQualifier_value>taxon:198094</GBQualifier_value>
        </GBQualifier>
      </GBFeature_quals>
    </GBFeature>
    <GBFeature>
      <GBFeature_key>Protein</GBFeature_key>
      <GBFeature_location>1..162</GBFeature_location>
      <GBFeature_intervals>
        <GBInterval>
          <GBInterval_from>1</GBInterval_from>
          <GBInterval_to>162</GBInterval_to>
          <GBInterval_accession>NP_844628.1</GBInterval_accession>
        </GBInterval>
      </GBFeature_intervals>
      <GBFeature_quals>
        <GBQualifier>
          <GBQualifier_name>product</GBQualifier_name>
          <GBQualifier_value>dihydrofolate reductase</GBQualifier_value>
        </GBQualifier>
        <GBQualifier>
          <GBQualifier_name>EC_number</GBQualifier_name>
          <GBQualifier_value>1.5.1.3</GBQualifier_value>
        </GBQualifier>
        <GBQualifier>
          <GBQualifier_name>calculated_mol_wt</GBQualifier_name>
          <GBQualifier_value>18994</GBQualifier_value>
        </GBQualifier>
      </GBFeature_quals>
    </GBFeature>
    <GBFeature>
      <GBFeature_key>Region</GBFeature_key>
      <GBFeature_location>3..160</GBFeature_location>
      <GBFeature_intervals>
        <GBInterval>
          <GBInterval_from>3</GBInterval_from>
          <GBInterval_to>160</GBInterval_to>
          <GBInterval_accession>NP_844628.1</GBInterval_accession>
        </GBInterval>
      </GBFeature_intervals>
      <GBFeature_quals>
        <GBQualifier>
          <GBQualifier_name>region_name</GBQualifier_name>
          <GBQualifier_value>DHFR_1</GBQualifier_value>
        </GBQualifier>
        <GBQualifier>
          <GBQualifier_name>note</GBQualifier_name>
          <GBQualifier_value>Dihydrofolate reductase; pfam00186</GBQualifier_value>
        </GBQualifier>
        <GBQualifier>
          <GBQualifier_name>db_xref</GBQualifier_name>
          <GBQualifier_value>CDD:278610</GBQualifier_value>
        </GBQualifier>
      </GBFeature_quals>
    </GBFeature>
    <GBFeature>
      <GBFeature_key>Site</GBFeature_key>
      <GBFeature_location>order(6,23,28,58,96,102,115)</GBFeature_location>
      <GBFeature_intervals>
        <GBInterval>
          <GBInterval_point>6</GBInterval_point>
          <GBInterval_accession>NP_844628.1</GBInterval_accession>
        </GBInterval>
        <GBInterval>
          <GBInterval_point>23</GBInterval_point>
          <GBInterval_accession>NP_844628.1</GBInterval_accession>
        </GBInterval>
        <GBInterval>
          <GBInterval_point>28</GBInterval_point>
          <GBInterval_accession>NP_844628.1</GBInterval_accession>
        </GBInterval>
        <GBInterval>
          <GBInterval_point>58</GBInterval_point>
          <GBInterval_accession>NP_844628.1</GBInterval_accession>
        </GBInterval>
        <GBInterval>
          <GBInterval_point>96</GBInterval_point>
          <GBInterval_accession>NP_844628.1</GBInterval_accession>
        </GBInterval>
        <GBInterval>
          <GBInterval_point>102</GBInterval_point>
          <GBInterval_accession>NP_844628.1</GBInterval_accession>
        </GBInterval>
        <GBInterval>
          <GBInterval_point>115</GBInterval_point>
          <GBInterval_accession>NP_844628.1</GBInterval_accession>
        </GBInterval>
      </GBFeature_intervals>
      <GBFeature_operator>order</GBFeature_operator>
      <GBFeature_quals>
        <GBQualifier>
          <GBQualifier_name>site_type</GBQualifier_name>
          <GBQualifier_value>other</GBQualifier_value>
        </GBQualifier>
        <GBQualifier>
          <GBQualifier_name>note</GBQualifier_name>
          <GBQualifier_value>folate binding site [chemical binding]</GBQualifier_value>
        </GBQualifier>
        <GBQualifier>
          <GBQualifier_name>db_xref</GBQualifier_name>
          <GBQualifier_value>CDD:238127</GBQualifier_value>
        </GBQualifier>
      </GBFeature_quals>
    </GBFeature>
    <GBFeature>
      <GBFeature_key>Site</GBFeature_key>
      <GBFeature_location>order(8,15,45..47,65,97..100)</GBFeature_location>
      <GBFeature_intervals>
        <GBInterval>
          <GBInterval_point>8</GBInterval_point>
          <GBInterval_accession>NP_844628.1</GBInterval_accession>
        </GBInterval>
        <GBInterval>
          <GBInterval_point>15</GBInterval_point>
          <GBInterval_accession>NP_844628.1</GBInterval_accession>
        </GBInterval>
        <GBInterval>
          <GBInterval_from>45</GBInterval_from>
          <GBInterval_to>47</GBInterval_to>
          <GBInterval_accession>NP_844628.1</GBInterval_accession>
        </GBInterval>
        <GBInterval>
          <GBInterval_point>65</GBInterval_point>
          <GBInterval_accession>NP_844628.1</GBInterval_accession>
        </GBInterval>
        <GBInterval>
          <GBInterval_from>97</GBInterval_from>
          <GBInterval_to>100</GBInterval_to>
          <GBInterval_accession>NP_844628.1</GBInterval_accession>
        </GBInterval>
      </GBFeature_intervals>
      <GBFeature_operator>order</GBFeature_operator>
      <GBFeature_quals>
        <GBQualifier>
          <GBQualifier_name>site_type</GBQualifier_name>
          <GBQualifier_value>other</GBQualifier_value>
        </GBQualifier>
        <GBQualifier>
          <GBQualifier_name>note</GBQualifier_name>
          <GBQualifier_value>NADP+ binding site [chemical binding]</GBQualifier_value>
        </GBQualifier>
        <GBQualifier>
          <GBQualifier_name>db_xref</GBQualifier_name>
          <GBQualifier_value>CDD:238127</GBQualifier_value>
        </GBQualifier>
      </GBFeature_quals>
    </GBFeature>
    <GBFeature>
      <GBFeature_key>CDS</GBFeature_key>
      <GBFeature_location>1..162</GBFeature_location>
      <GBFeature_intervals>
        <GBInterval>
          <GBInterval_from>1</GBInterval_from>
          <GBInterval_to>162</GBInterval_to>
          <GBInterval_accession>NP_844628.1</GBInterval_accession>
        </GBInterval>
      </GBFeature_intervals>
      <GBFeature_quals>
        <GBQualifier>
          <GBQualifier_name>coded_by</GBQualifier_name>
          <GBQualifier_value>NC_003997.3:2088843..2089331</GBQualifier_value>
        </GBQualifier>
        <GBQualifier>
          <GBQualifier_name>transl_table</GBQualifier_name>
          <GBQualifier_value>11</GBQualifier_value>
        </GBQualifier>
      </GBFeature_quals>
    </GBFeature>
  </GBSeq_feature-table>
  <GBSeq_sequence>mivsfmvamdenrvigkdnnlpwrlpselqyvkkttmghplimgrknyeaigrplpgrrniivtrnegyhvegcevahsveevfelckneeeififggaqiydlflpyvdklyitkihhafegdtffpemdmtnwkevfvekgltdeknpytyyyhvyekqq</GBSeq_sequence>
  <GBSeq_contig>join(WP_000637198.1:1..162)</GBSeq_contig>
  <GBSeq_xrefs>
    <GBXref>
      <GBXref_dbname>BioProject</GBXref_dbname>
      <GBXref_id>PRJNA57909</GBXref_id>
    </GBXref>
    <GBXref>
      <GBXref_dbname>BioSample</GBXref_dbname>
      <GBXref_id>SAMN02603432</GBXref_id>
    </GBXref>
    <GBXref>
      <GBXref_dbname>Assembly</GBXref_dbname>
      <GBXref_id>GCF_000007845.1</GBXref_id>
    </GBXref>
  </GBSeq_xrefs>
</GBSeq>

</GBSet>

