<?xml version="1.0" ?>
<!DOCTYPE GBSet PUBLIC "-//NCBI//NCBI GBSeq/EN" "https://www.ncbi.nlm.nih.gov/dtd/NCBI_GBSeq.dtd">
<GBSet>
<GBSeq>
  <GBSeq_locus>OAV03843</GBSeq_locus>
  <GBSeq_length>164</GBSeq_length>
  <GBSeq_moltype>AA</GBSeq_moltype>
  <GBSeq_topology>linear</GBSeq_topology>
  <GBSeq_division>BCT</GBSeq_division>
  <GBSeq_update-date>03-JUN-2016</GBSeq_update-date>
  <GBSeq_create-date>03-JUN-2016</GBSeq_create-date>
  <GBSeq_definition>Dihydrofolate reductase [Moraxella catarrhalis]</GBSeq_definition>
  <GBSeq_primary-accession>OAV03843</GBSeq_primary-accession>
  <GBSeq_accession-version>OAV03843.1</GBSeq_accession-version>
  <GBSeq_other-seqids>
    <GBSeqid>gb|OAV03843.1|</GBSeqid>
    <GBSeqid>gnl|WGS:LXHG|AO380_1662</GBSeqid>
    <GBSeqid>gi|1034431685</GBSeqid>
  </GBSeq_other-seqids>
  <GBSeq_project>PRJNA297370</GBSeq_project>
  <GBSeq_source>Moraxella catarrhalis</GBSeq_source>
  <GBSeq_organism>Moraxella catarrhalis</GBSeq_organism>
  <GBSeq_taxonomy>Bacteria; Proteobacteria; Gammaproteobacteria; Pseudomonadales; Moraxellaceae; Moraxella</GBSeq_taxonomy>
  <GBSeq_references>
    <GBReference>
      <GBReference_reference>1</GBReference_reference>
      <GBReference_position>1..164</GBReference_position>
      <GBReference_authors>
        <GBAuthor>Earl,J.P.</GBAuthor>
        <GBAuthor>de Vries,S.P.</GBAuthor>
        <GBAuthor>Ahmed,A.</GBAuthor>
        <GBAuthor>Powell,E.</GBAuthor>
        <GBAuthor>Schultz,M.P.</GBAuthor>
        <GBAuthor>Hermans,P.W.</GBAuthor>
        <GBAuthor>Hill,D.J.</GBAuthor>
        <GBAuthor>Zhou,Z.</GBAuthor>
        <GBAuthor>Constantinidou,C.I.</GBAuthor>
        <GBAuthor>Hu,F.Z.</GBAuthor>
        <GBAuthor>Bootsma,H.J.</GBAuthor>
        <GBAuthor>Ehrlich,G.D.</GBAuthor>
      </GBReference_authors>
      <GBReference_title>Comparative Genomic Analyses of the Moraxella catarrhalis Serosensitive and Seroresistant Lineages Demonstrate Their Independent Evolution</GBReference_title>
      <GBReference_journal>Genome Biol Evol 8 (4), 955-974 (2016)</GBReference_journal>
      <GBReference_xref>
        <GBXref>
          <GBXref_dbname>doi</GBXref_dbname>
          <GBXref_id>10.1093/gbe/evw039</GBXref_id>
        </GBXref>
      </GBReference_xref>
      <GBReference_pubmed>26912404</GBReference_pubmed>
      <GBReference_remark>Publication Status: Online-Only</GBReference_remark>
    </GBReference>
    <GBReference>
      <GBReference_reference>2</GBReference_reference>
      <GBReference_position>1..164</GBReference_position>
      <GBReference_authors>
        <GBAuthor>Earl,J.P.</GBAuthor>
      </GBReference_authors>
      <GBReference_title>Direct Submission</GBReference_title>
      <GBReference_journal>Submitted (15-APR-2016) Microbiology and Immunology, Drexel University College of Medicine, 245 N. 15th St., Philadelphia, PA 19102, USA</GBReference_journal>
    </GBReference>
  </GBSeq_references>
  <GBSeq_comment>##Genome-Assembly-Data-START## Assembly Method Newbler v. 2.6 Genome Coverage 449.7x Sequencing Technology Illumina HiSeq ##Genome-Assembly-Data-END##; Method: conceptual translation.</GBSeq_comment>
  <GBSeq_source-db>accession LXHG01000152.1</GBSeq_source-db>
  <GBSeq_feature-table>
    <GBFeature>
      <GBFeature_key>source</GBFeature_key>
      <GBFeature_location>1..164</GBFeature_location>
      <GBFeature_intervals>
        <GBInterval>
          <GBInterval_from>1</GBInterval_from>
          <GBInterval_to>164</GBInterval_to>
          <GBInterval_accession>OAV03843.1</GBInterval_accession>
        </GBInterval>
      </GBFeature_intervals>
      <GBFeature_quals>
        <GBQualifier>
          <GBQualifier_name>organism</GBQualifier_name>
          <GBQualifier_value>Moraxella catarrhalis</GBQualifier_value>
        </GBQualifier>
        <GBQualifier>
          <GBQualifier_name>strain</GBQualifier_name>
          <GBQualifier_value>MX1</GBQualifier_value>
        </GBQualifier>
        <GBQualifier>
          <GBQualifier_name>isolation_source</GBQualifier_name>
          <GBQualifier_value>Sputum</GBQualifier_value>
        </GBQualifier>
        <GBQualifier>
          <GBQualifier_name>host</GBQualifier_name>
          <GBQualifier_value>Homo sapiens</GBQualifier_value>
        </GBQualifier>
        <GBQualifier>
          <GBQualifier_name>db_xref</GBQualifier_name>
          <GBQualifier_value>taxon:480</GBQualifier_value>
        </GBQualifier>
        <GBQualifier>
          <GBQualifier_name>country</GBQualifier_name>
          <GBQualifier_value>United Kingdom</GBQualifier_value>
        </GBQualifier>
        <GBQualifier>
          <GBQualifier_name>collected_by</GBQualifier_name>
          <GBQualifier_value>Darryl Hill</GBQualifier_value>
        </GBQualifier>
      </GBFeature_quals>
    </GBFeature>
    <GBFeature>
      <GBFeature_key>Protein</GBFeature_key>
      <GBFeature_location>1..164</GBFeature_location>
      <GBFeature_intervals>
        <GBInterval>
          <GBInterval_from>1</GBInterval_from>
          <GBInterval_to>164</GBInterval_to>
          <GBInterval_accession>OAV03843.1</GBInterval_accession>
        </GBInterval>
      </GBFeature_intervals>
      <GBFeature_quals>
        <GBQualifier>
          <GBQualifier_name>product</GBQualifier_name>
          <GBQualifier_value>Dihydrofolate reductase</GBQualifier_value>
        </GBQualifier>
        <GBQualifier>
          <GBQualifier_name>EC_number</GBQualifier_name>
          <GBQualifier_value>1.5.1.3</GBQualifier_value>
        </GBQualifier>
        <GBQualifier>
          <GBQualifier_name>calculated_mol_wt</GBQualifier_name>
          <GBQualifier_value>18665</GBQualifier_value>
        </GBQualifier>
      </GBFeature_quals>
    </GBFeature>
    <GBFeature>
      <GBFeature_key>CDS</GBFeature_key>
      <GBFeature_location>1..164</GBFeature_location>
      <GBFeature_intervals>
        <GBInterval>
          <GBInterval_from>1</GBInterval_from>
          <GBInterval_to>164</GBInterval_to>
          <GBInterval_accession>OAV03843.1</GBInterval_accession>
        </GBInterval>
      </GBFeature_intervals>
      <GBFeature_quals>
        <GBQualifier>
          <GBQualifier_name>locus_tag</GBQualifier_name>
          <GBQualifier_value>AO380_1662</GBQualifier_value>
        </GBQualifier>
        <GBQualifier>
          <GBQualifier_name>coded_by</GBQualifier_name>
          <GBQualifier_value>complement(LXHG01000152.1:5643..6137)</GBQualifier_value>
        </GBQualifier>
        <GBQualifier>
          <GBQualifier_name>transl_table</GBQualifier_name>
          <GBQualifier_value>11</GBQualifier_value>
        </GBQualifier>
        <GBQualifier>
          <GBQualifier_name>db_xref</GBQualifier_name>
          <GBQualifier_value>GO:0004146</GBQualifier_value>
        </GBQualifier>
      </GBFeature_quals>
    </GBFeature>
  </GBSeq_feature-table>
  <GBSeq_sequence>mhvvamsqnraigkdnqllwhipddlqhfkritqggvivmgrktfeslpnllpnrthivitrqpidyegaetahslqdaillakayahakrqnkifiigggeiyhqslemadvleitevdtviegdafypdidekfiktdetktfycdksgfqfrfctwqkvlt</GBSeq_sequence>
  <GBSeq_xrefs>
    <GBXref>
      <GBXref_dbname>BioProject</GBXref_dbname>
      <GBXref_id>PRJNA297370</GBXref_id>
    </GBXref>
    <GBXref>
      <GBXref_dbname>BioSample</GBXref_dbname>
      <GBXref_id>SAMN04122860</GBXref_id>
    </GBXref>
  </GBSeq_xrefs>
</GBSeq>

</GBSet>

