<?xml version="1.0" ?>
<!DOCTYPE GBSet PUBLIC "-//NCBI//NCBI GBSeq/EN" "https://www.ncbi.nlm.nih.gov/dtd/NCBI_GBSeq.dtd">
<GBSet>
<GBSeq>
  <GBSeq_locus>OAV59576</GBSeq_locus>
  <GBSeq_length>181</GBSeq_length>
  <GBSeq_moltype>AA</GBSeq_moltype>
  <GBSeq_topology>linear</GBSeq_topology>
  <GBSeq_division>BCT</GBSeq_division>
  <GBSeq_update-date>03-JUN-2016</GBSeq_update-date>
  <GBSeq_create-date>03-JUN-2016</GBSeq_create-date>
  <GBSeq_definition>hypothetical protein A6F49_15445 [Enteractinococcus helveticum]</GBSeq_definition>
  <GBSeq_primary-accession>OAV59576</GBSeq_primary-accession>
  <GBSeq_accession-version>OAV59576.1</GBSeq_accession-version>
  <GBSeq_other-seqids>
    <GBSeqid>gb|OAV59576.1|</GBSeqid>
    <GBSeqid>gnl|WGS:LXEY|A6F49_15445</GBSeqid>
    <GBSeqid>gi|1034492636</GBSeqid>
  </GBSeq_other-seqids>
  <GBSeq_project>PRJNA318866</GBSeq_project>
  <GBSeq_source>Enteractinococcus helveticum</GBSeq_source>
  <GBSeq_organism>Enteractinococcus helveticum</GBSeq_organism>
  <GBSeq_taxonomy>Bacteria; Actinobacteria; Micrococcales; Micrococcaceae</GBSeq_taxonomy>
  <GBSeq_references>
    <GBReference>
      <GBReference_reference>1</GBReference_reference>
      <GBReference_position>1..181</GBReference_position>
      <GBReference_authors>
        <GBAuthor>Crovadore,J.</GBAuthor>
        <GBAuthor>Calmin,G.</GBAuthor>
        <GBAuthor>Chablais,R.</GBAuthor>
        <GBAuthor>Cochard,B.</GBAuthor>
        <GBAuthor>Lefort,F.</GBAuthor>
      </GBReference_authors>
      <GBReference_title>Whole-Genome Sequence of Enteractinococcus helveticum sp. nov. Strain UASWS1574 Isolated from Industrial Used Waters</GBReference_title>
      <GBReference_journal>Genome Announc 4 (4) (2016)</GBReference_journal>
      <GBReference_xref>
        <GBXref>
          <GBXref_dbname>doi</GBXref_dbname>
          <GBXref_id>10.1128/genomeA.00756-16</GBXref_id>
        </GBXref>
      </GBReference_xref>
      <GBReference_pubmed>27469945</GBReference_pubmed>
      <GBReference_remark>Publication Status: Online-Only</GBReference_remark>
    </GBReference>
    <GBReference>
      <GBReference_reference>2</GBReference_reference>
      <GBReference_position>1..181</GBReference_position>
      <GBReference_authors>
        <GBAuthor>Crovadore,J.</GBAuthor>
        <GBAuthor>Chablais,R.</GBAuthor>
        <GBAuthor>Lefort,F.</GBAuthor>
      </GBReference_authors>
      <GBReference_title>Direct Submission</GBReference_title>
      <GBReference_journal>Submitted (28-APR-2016) Plants and Pathogens Group, Institute Earth Nature Environment, Geneva Institute for Technology Architecture and Landscape, University of Applied Sciences Western Switzerland, 150 Route de Presinge, Jussy, Geneva 1254, Switzerland</GBReference_journal>
    </GBReference>
  </GBSeq_references>
  <GBSeq_comment>Annotation was added by the NCBI Prokaryotic Genome Annotation Pipeline (released 2013). Information about the Pipeline can be found here: https://www.ncbi.nlm.nih.gov/genome/annotation_prok/; ##Genome-Assembly-Data-START## Assembly Date 2016 Assembly Method SPAdes v. 3.7.1 Genome Representation Full Expected Final Version Yes Genome Coverage 114.35x Sequencing Technology Illumina Miseq 2x250 ##Genome-Assembly-Data-END##; ##Genome-Annotation-Data-START## Annotation Date 04/29/2016 15:04:58 Annotation Method Best-placed reference protein set; GeneMarkS+ Annotation Pipeline NCBI Prokaryotic Genome Annotation Pipeline Annotation Provider NCBI Features Annotated Gene; CDS; rRNA; tRNA; ncRNA; repeat_region Annotation Software revision 3.1 Genes (total) 3,427 CDS (total) 3,364 Genes (coding) 3,201 CDS (coding) 3,201 Genes (RNA) 63 rRNAs 3, 5, 5 (5S, 16S, 23S) complete rRNAs 2 (5S) partial rRNAs 1, 5, 5 (5S, 16S, 23S) tRNAs 47 ncRNAs 3 Pseudo Genes (total) 163 Pseudo Genes (ambiguous residues) 0 of 163 Pseudo Genes (frameshifted) 24 of 163 Pseudo Genes (incomplete) 126 of 163 Pseudo Genes (internal stop) 22 of 163 Pseudo Genes (multiple problems) 7 of 163 ##Genome-Annotation-Data-END##</GBSeq_comment>
  <GBSeq_source-db>accession LXEY01000022.1</GBSeq_source-db>
  <GBSeq_feature-table>
    <GBFeature>
      <GBFeature_key>source</GBFeature_key>
      <GBFeature_location>1..181</GBFeature_location>
      <GBFeature_intervals>
        <GBInterval>
          <GBInterval_from>1</GBInterval_from>
          <GBInterval_to>181</GBInterval_to>
          <GBInterval_accession>OAV59576.1</GBInterval_accession>
        </GBInterval>
      </GBFeature_intervals>
      <GBFeature_quals>
        <GBQualifier>
          <GBQualifier_name>organism</GBQualifier_name>
          <GBQualifier_value>Enteractinococcus helveticum</GBQualifier_value>
        </GBQualifier>
        <GBQualifier>
          <GBQualifier_name>strain</GBQualifier_name>
          <GBQualifier_value>UASWS1574</GBQualifier_value>
        </GBQualifier>
        <GBQualifier>
          <GBQualifier_name>isolation_source</GBQualifier_name>
          <GBQualifier_value>sludge</GBQualifier_value>
        </GBQualifier>
        <GBQualifier>
          <GBQualifier_name>db_xref</GBQualifier_name>
          <GBQualifier_value>taxon:1837282</GBQualifier_value>
        </GBQualifier>
        <GBQualifier>
          <GBQualifier_name>country</GBQualifier_name>
          <GBQualifier_value>Switzerland: Geneva</GBQualifier_value>
        </GBQualifier>
        <GBQualifier>
          <GBQualifier_name>lat_lon</GBQualifier_name>
          <GBQualifier_value>46.12 N 6.080000000000041 E</GBQualifier_value>
        </GBQualifier>
        <GBQualifier>
          <GBQualifier_name>altitude</GBQualifier_name>
          <GBQualifier_value>375 m</GBQualifier_value>
        </GBQualifier>
        <GBQualifier>
          <GBQualifier_name>collection_date</GBQualifier_name>
          <GBQualifier_value>2014</GBQualifier_value>
        </GBQualifier>
        <GBQualifier>
          <GBQualifier_name>collected_by</GBQualifier_name>
          <GBQualifier_value>Julien Crovadore</GBQualifier_value>
        </GBQualifier>
        <GBQualifier>
          <GBQualifier_name>identified_by</GBQualifier_name>
          <GBQualifier_value>Julien Crovadore</GBQualifier_value>
        </GBQualifier>
      </GBFeature_quals>
    </GBFeature>
    <GBFeature>
      <GBFeature_key>Protein</GBFeature_key>
      <GBFeature_location>1..181</GBFeature_location>
      <GBFeature_intervals>
        <GBInterval>
          <GBInterval_from>1</GBInterval_from>
          <GBInterval_to>181</GBInterval_to>
          <GBInterval_accession>OAV59576.1</GBInterval_accession>
        </GBInterval>
      </GBFeature_intervals>
      <GBFeature_quals>
        <GBQualifier>
          <GBQualifier_name>product</GBQualifier_name>
          <GBQualifier_value>hypothetical protein</GBQualifier_value>
        </GBQualifier>
        <GBQualifier>
          <GBQualifier_name>calculated_mol_wt</GBQualifier_name>
          <GBQualifier_value>19987</GBQualifier_value>
        </GBQualifier>
      </GBFeature_quals>
    </GBFeature>
    <GBFeature>
      <GBFeature_key>Region</GBFeature_key>
      <GBFeature_location>7..178</GBFeature_location>
      <GBFeature_intervals>
        <GBInterval>
          <GBInterval_from>7</GBInterval_from>
          <GBInterval_to>178</GBInterval_to>
          <GBInterval_accession>OAV59576.1</GBInterval_accession>
        </GBInterval>
      </GBFeature_intervals>
      <GBFeature_quals>
        <GBQualifier>
          <GBQualifier_name>region_name</GBQualifier_name>
          <GBQualifier_value>DHFR_1</GBQualifier_value>
        </GBQualifier>
        <GBQualifier>
          <GBQualifier_name>note</GBQualifier_name>
          <GBQualifier_value>Dihydrofolate reductase; pfam00186</GBQualifier_value>
        </GBQualifier>
        <GBQualifier>
          <GBQualifier_name>db_xref</GBQualifier_name>
          <GBQualifier_value>CDD:278610</GBQualifier_value>
        </GBQualifier>
      </GBFeature_quals>
    </GBFeature>
    <GBFeature>
      <GBFeature_key>Site</GBFeature_key>
      <GBFeature_location>order(10,27,32,65,113,119,132)</GBFeature_location>
      <GBFeature_intervals>
        <GBInterval>
          <GBInterval_point>10</GBInterval_point>
          <GBInterval_accession>OAV59576.1</GBInterval_accession>
        </GBInterval>
        <GBInterval>
          <GBInterval_point>27</GBInterval_point>
          <GBInterval_accession>OAV59576.1</GBInterval_accession>
        </GBInterval>
        <GBInterval>
          <GBInterval_point>32</GBInterval_point>
          <GBInterval_accession>OAV59576.1</GBInterval_accession>
        </GBInterval>
        <GBInterval>
          <GBInterval_point>65</GBInterval_point>
          <GBInterval_accession>OAV59576.1</GBInterval_accession>
        </GBInterval>
        <GBInterval>
          <GBInterval_point>113</GBInterval_point>
          <GBInterval_accession>OAV59576.1</GBInterval_accession>
        </GBInterval>
        <GBInterval>
          <GBInterval_point>119</GBInterval_point>
          <GBInterval_accession>OAV59576.1</GBInterval_accession>
        </GBInterval>
        <GBInterval>
          <GBInterval_point>132</GBInterval_point>
          <GBInterval_accession>OAV59576.1</GBInterval_accession>
        </GBInterval>
      </GBFeature_intervals>
      <GBFeature_operator>order</GBFeature_operator>
      <GBFeature_quals>
        <GBQualifier>
          <GBQualifier_name>site_type</GBQualifier_name>
          <GBQualifier_value>other</GBQualifier_value>
        </GBQualifier>
        <GBQualifier>
          <GBQualifier_name>note</GBQualifier_name>
          <GBQualifier_value>folate binding site [chemical binding]</GBQualifier_value>
        </GBQualifier>
        <GBQualifier>
          <GBQualifier_name>db_xref</GBQualifier_name>
          <GBQualifier_value>CDD:238127</GBQualifier_value>
        </GBQualifier>
      </GBFeature_quals>
    </GBFeature>
    <GBFeature>
      <GBFeature_key>Site</GBFeature_key>
      <GBFeature_location>order(12,19,49..51,72,114..117)</GBFeature_location>
      <GBFeature_intervals>
        <GBInterval>
          <GBInterval_point>12</GBInterval_point>
          <GBInterval_accession>OAV59576.1</GBInterval_accession>
        </GBInterval>
        <GBInterval>
          <GBInterval_point>19</GBInterval_point>
          <GBInterval_accession>OAV59576.1</GBInterval_accession>
        </GBInterval>
        <GBInterval>
          <GBInterval_from>49</GBInterval_from>
          <GBInterval_to>51</GBInterval_to>
          <GBInterval_accession>OAV59576.1</GBInterval_accession>
        </GBInterval>
        <GBInterval>
          <GBInterval_point>72</GBInterval_point>
          <GBInterval_accession>OAV59576.1</GBInterval_accession>
        </GBInterval>
        <GBInterval>
          <GBInterval_from>114</GBInterval_from>
          <GBInterval_to>117</GBInterval_to>
          <GBInterval_accession>OAV59576.1</GBInterval_accession>
        </GBInterval>
      </GBFeature_intervals>
      <GBFeature_operator>order</GBFeature_operator>
      <GBFeature_quals>
        <GBQualifier>
          <GBQualifier_name>site_type</GBQualifier_name>
          <GBQualifier_value>other</GBQualifier_value>
        </GBQualifier>
        <GBQualifier>
          <GBQualifier_name>note</GBQualifier_name>
          <GBQualifier_value>NADP+ binding site [chemical binding]</GBQualifier_value>
        </GBQualifier>
        <GBQualifier>
          <GBQualifier_name>db_xref</GBQualifier_name>
          <GBQualifier_value>CDD:238127</GBQualifier_value>
        </GBQualifier>
      </GBFeature_quals>
    </GBFeature>
    <GBFeature>
      <GBFeature_key>CDS</GBFeature_key>
      <GBFeature_location>1..181</GBFeature_location>
      <GBFeature_intervals>
        <GBInterval>
          <GBInterval_from>1</GBInterval_from>
          <GBInterval_to>181</GBInterval_to>
          <GBInterval_accession>OAV59576.1</GBInterval_accession>
        </GBInterval>
      </GBFeature_intervals>
      <GBFeature_quals>
        <GBQualifier>
          <GBQualifier_name>locus_tag</GBQualifier_name>
          <GBQualifier_value>A6F49_15445</GBQualifier_value>
        </GBQualifier>
        <GBQualifier>
          <GBQualifier_name>coded_by</GBQualifier_name>
          <GBQualifier_value>complement(LXEY01000022.1:150993..151538)</GBQualifier_value>
        </GBQualifier>
        <GBQualifier>
          <GBQualifier_name>inference</GBQualifier_name>
          <GBQualifier_value>EXISTENCE: similar to AA sequence:RefSeq:WP_010143202.1</GBQualifier_value>
        </GBQualifier>
        <GBQualifier>
          <GBQualifier_name>note</GBQualifier_name>
          <GBQualifier_value>Derived by automated computational analysis using gene prediction method: Protein Homology.</GBQualifier_value>
        </GBQualifier>
        <GBQualifier>
          <GBQualifier_name>transl_table</GBQualifier_name>
          <GBQualifier_value>11</GBQualifier_value>
        </GBQualifier>
      </GBFeature_quals>
    </GBFeature>
  </GBSeq_feature-table>
  <GBSeq_sequence>mpssthiglvwaqsldgvigldgdmpwhvpedlkhfkevtmgevlvmgrktwssfpesfrplpgrtsivvsktltedpsddkldhgdvhvvadlaqglqlagelktgpmiwvigggslydqtlevatvverslfnihvdgdtyapkldtswtltqqdpsagwhtskssvqyrferwertld</GBSeq_sequence>
  <GBSeq_xrefs>
    <GBXref>
      <GBXref_dbname>BioSample</GBXref_dbname>
      <GBXref_id>SAMN04869617</GBXref_id>
    </GBXref>
    <GBXref>
      <GBXref_dbname>BioProject</GBXref_dbname>
      <GBXref_id>PRJNA318866</GBXref_id>
    </GBXref>
  </GBSeq_xrefs>
</GBSeq>

</GBSet>

