<?xml version="1.0" ?>
<!DOCTYPE GBSet PUBLIC "-//NCBI//NCBI GBSeq/EN" "https://www.ncbi.nlm.nih.gov/dtd/NCBI_GBSeq.dtd">
<GBSet>
<GBSeq>
  <GBSeq_locus>OAX52782</GBSeq_locus>
  <GBSeq_length>190</GBSeq_length>
  <GBSeq_moltype>AA</GBSeq_moltype>
  <GBSeq_topology>linear</GBSeq_topology>
  <GBSeq_division>BCT</GBSeq_division>
  <GBSeq_update-date>08-JUN-2016</GBSeq_update-date>
  <GBSeq_create-date>08-JUN-2016</GBSeq_create-date>
  <GBSeq_definition>hypothetical protein AN277_0202230 [Kocuria kristinae]</GBSeq_definition>
  <GBSeq_primary-accession>OAX52782</GBSeq_primary-accession>
  <GBSeq_accession-version>OAX52782.1</GBSeq_accession-version>
  <GBSeq_other-seqids>
    <GBSeqid>gb|OAX52782.1|</GBSeqid>
    <GBSeqid>gnl|WGS:LJBJ|AN277_0202230</GBSeqid>
    <GBSeqid>gi|1035449788</GBSeqid>
  </GBSeq_other-seqids>
  <GBSeq_project>PRJNA294377</GBSeq_project>
  <GBSeq_source>Kocuria kristinae</GBSeq_source>
  <GBSeq_organism>Kocuria kristinae</GBSeq_organism>
  <GBSeq_taxonomy>Bacteria; Actinobacteria; Micrococcales; Micrococcaceae; Kocuria</GBSeq_taxonomy>
  <GBSeq_references>
    <GBReference>
      <GBReference_reference>1</GBReference_reference>
      <GBReference_position>1..190</GBReference_position>
      <GBReference_authors>
        <GBAuthor>Waterworth,S.C.</GBAuthor>
        <GBAuthor>Walmsley,T.A.</GBAuthor>
        <GBAuthor>Matongo,T.</GBAuthor>
        <GBAuthor>Davies-Coleman,M.T.</GBAuthor>
        <GBAuthor>Dorrington,R.A.</GBAuthor>
      </GBReference_authors>
      <GBReference_title>Identification of putative biosynthetic pathways for the production of bioactive secondary metabolites by the marine actinomycete Kocuria kristinae RUTW2-3</GBReference_title>
      <GBReference_journal>Unpublished</GBReference_journal>
    </GBReference>
    <GBReference>
      <GBReference_reference>2</GBReference_reference>
      <GBReference_position>1..190</GBReference_position>
      <GBReference_authors>
        <GBAuthor>Waterworth,S.</GBAuthor>
        <GBAuthor>Matcher,G.</GBAuthor>
        <GBAuthor>Dorrington,R.</GBAuthor>
      </GBReference_authors>
      <GBReference_title>Direct Submission</GBReference_title>
      <GBReference_journal>Submitted (01-SEP-2015) Microbiology and Biochemistry, Rhodes University, Prince Alfred, Grahamstown, Eastern Cape 6140, South Africa</GBReference_journal>
    </GBReference>
    <GBReference>
      <GBReference_reference>3</GBReference_reference>
      <GBReference_position>1..190</GBReference_position>
      <GBReference_authors>
        <GBAuthor>Waterworth,S.</GBAuthor>
        <GBAuthor>Matcher,G.</GBAuthor>
      </GBReference_authors>
      <GBReference_title>Direct Submission</GBReference_title>
      <GBReference_journal>Submitted (11-APR-2016) Microbiology and Biochemistry, Rhodes University, Prince Alfred, Grahamstown, Eastern Cape 6140, South Africa</GBReference_journal>
    </GBReference>
  </GBSeq_references>
  <GBSeq_comment>Strain name changed from RuSp02-3 to RUTW2-3 in June 2016.; Annotation was added by the NCBI Prokaryotic Genome Annotation Pipeline (released 2013). Information about the Pipeline can be found here: https://www.ncbi.nlm.nih.gov/genome/annotation_prok/; ##Genome-Assembly-Data-START## Assembly Date 14-AUG-2015 Assembly Method GS De Novo Assembler v. 3.0 Genome Representation Full Expected Final Version Yes Genome Coverage 10.0x Sequencing Technology 454 ##Genome-Assembly-Data-END##; ##Genome-Annotation-Data-START## Annotation Provider NCBI Annotation Date 04/12/2016 10:54:36 Annotation Pipeline NCBI Prokaryotic Genome Annotation Pipeline Annotation Method Best-placed reference protein set; GeneMarkS+ Annotation Software revision 3.1 Features Annotated Gene; CDS; rRNA; tRNA; ncRNA; repeat_region Genes (total) 2,085 CDS (total) 2,030 Genes (coding) 1,872 CDS (coding) 1,872 Genes (RNA) 55 rRNAs 3, 1, 1 (5S, 16S, 23S) complete rRNAs 3, 1, 1 (5S, 16S, 23S) tRNAs 47 ncRNAs 3 Pseudo Genes (total) 158 Pseudo Genes (ambiguous residues) 0 of 158 Pseudo Genes (frameshifted) 22 of 158 Pseudo Genes (incomplete) 132 of 158 Pseudo Genes (internal stop) 9 of 158 Pseudo Genes (multiple problems) 5 of 158 CRISPR Arrays 3 ##Genome-Annotation-Data-END##</GBSeq_comment>
  <GBSeq_source-db>accession LJBJ02000002.1</GBSeq_source-db>
  <GBSeq_feature-table>
    <GBFeature>
      <GBFeature_key>source</GBFeature_key>
      <GBFeature_location>1..190</GBFeature_location>
      <GBFeature_intervals>
        <GBInterval>
          <GBInterval_from>1</GBInterval_from>
          <GBInterval_to>190</GBInterval_to>
          <GBInterval_accession>OAX52782.1</GBInterval_accession>
        </GBInterval>
      </GBFeature_intervals>
      <GBFeature_quals>
        <GBQualifier>
          <GBQualifier_name>organism</GBQualifier_name>
          <GBQualifier_value>Kocuria kristinae</GBQualifier_value>
        </GBQualifier>
        <GBQualifier>
          <GBQualifier_name>strain</GBQualifier_name>
          <GBQualifier_value>RUTW2-3</GBQualifier_value>
        </GBQualifier>
        <GBQualifier>
          <GBQualifier_name>host</GBQualifier_name>
          <GBQualifier_value>Tsitsikamma</GBQualifier_value>
        </GBQualifier>
        <GBQualifier>
          <GBQualifier_name>db_xref</GBQualifier_name>
          <GBQualifier_value>taxon:37923</GBQualifier_value>
        </GBQualifier>
        <GBQualifier>
          <GBQualifier_name>country</GBQualifier_name>
          <GBQualifier_value>South Africa: Port Elizabeth, Evans Peak</GBQualifier_value>
        </GBQualifier>
        <GBQualifier>
          <GBQualifier_name>collection_date</GBQualifier_name>
          <GBQualifier_value>May-2009</GBQualifier_value>
        </GBQualifier>
        <GBQualifier>
          <GBQualifier_name>collected_by</GBQualifier_name>
          <GBQualifier_value>Dr Shirley Parker-Nance</GBQualifier_value>
        </GBQualifier>
        <GBQualifier>
          <GBQualifier_name>identified_by</GBQualifier_name>
          <GBQualifier_value>Dr Shirley Parker-Nance</GBQualifier_value>
        </GBQualifier>
      </GBFeature_quals>
    </GBFeature>
    <GBFeature>
      <GBFeature_key>Protein</GBFeature_key>
      <GBFeature_location>1..190</GBFeature_location>
      <GBFeature_intervals>
        <GBInterval>
          <GBInterval_from>1</GBInterval_from>
          <GBInterval_to>190</GBInterval_to>
          <GBInterval_accession>OAX52782.1</GBInterval_accession>
        </GBInterval>
      </GBFeature_intervals>
      <GBFeature_quals>
        <GBQualifier>
          <GBQualifier_name>product</GBQualifier_name>
          <GBQualifier_value>hypothetical protein</GBQualifier_value>
        </GBQualifier>
        <GBQualifier>
          <GBQualifier_name>calculated_mol_wt</GBQualifier_name>
          <GBQualifier_value>20406</GBQualifier_value>
        </GBQualifier>
      </GBFeature_quals>
    </GBFeature>
    <GBFeature>
      <GBFeature_key>CDS</GBFeature_key>
      <GBFeature_location>1..190</GBFeature_location>
      <GBFeature_intervals>
        <GBInterval>
          <GBInterval_from>1</GBInterval_from>
          <GBInterval_to>190</GBInterval_to>
          <GBInterval_accession>OAX52782.1</GBInterval_accession>
        </GBInterval>
      </GBFeature_intervals>
      <GBFeature_quals>
        <GBQualifier>
          <GBQualifier_name>locus_tag</GBQualifier_name>
          <GBQualifier_value>AN277_0202230</GBQualifier_value>
        </GBQualifier>
        <GBQualifier>
          <GBQualifier_name>coded_by</GBQualifier_name>
          <GBQualifier_value>LJBJ02000002.1:233200..233772</GBQualifier_value>
        </GBQualifier>
        <GBQualifier>
          <GBQualifier_name>inference</GBQualifier_name>
          <GBQualifier_value>COORDINATES: ab initio prediction:GeneMarkS+</GBQualifier_value>
        </GBQualifier>
        <GBQualifier>
          <GBQualifier_name>note</GBQualifier_name>
          <GBQualifier_value>Derived by automated computational analysis using gene prediction method: GeneMarkS+.</GBQualifier_value>
        </GBQualifier>
        <GBQualifier>
          <GBQualifier_name>transl_table</GBQualifier_name>
          <GBQualifier_value>11</GBQualifier_value>
        </GBQualifier>
      </GBFeature_quals>
    </GBFeature>
  </GBSeq_feature-table>
  <GBSeq_sequence>mgpelaaiwaqaagevigrdggmpwhcpadfaffrertmgypvimgratwqsfpqrfrplpgrtnivlsrtvspgehdgarwvrdlpealrvaaetpsgseriwllggaslydralgaedlpvvrggrvsrvlvtqldaevpgdarapqlgpewsvrelgsgvdpkarvagpdgalspaalpyrfleatr</GBSeq_sequence>
  <GBSeq_xrefs>
    <GBXref>
      <GBXref_dbname>BioProject</GBXref_dbname>
      <GBXref_id>PRJNA294377</GBXref_id>
    </GBXref>
    <GBXref>
      <GBXref_dbname>BioSample</GBXref_dbname>
      <GBXref_id>SAMN04025229</GBXref_id>
    </GBXref>
  </GBSeq_xrefs>
</GBSeq>

</GBSet>

