<?xml version="1.0" ?>
<!DOCTYPE GBSet PUBLIC "-//NCBI//NCBI GBSeq/EN" "https://www.ncbi.nlm.nih.gov/dtd/NCBI_GBSeq.dtd">
<GBSet>
<GBSeq>
  <GBSeq_locus>ODU45543</GBSeq_locus>
  <GBSeq_length>163</GBSeq_length>
  <GBSeq_moltype>AA</GBSeq_moltype>
  <GBSeq_topology>linear</GBSeq_topology>
  <GBSeq_division>ENV</GBSeq_division>
  <GBSeq_update-date>13-SEP-2016</GBSeq_update-date>
  <GBSeq_create-date>13-SEP-2016</GBSeq_create-date>
  <GBSeq_definition>diacylglycerol kinase [Xanthomonadaceae bacterium SCN 69-123]</GBSeq_definition>
  <GBSeq_primary-accession>ODU45543</GBSeq_primary-accession>
  <GBSeq_accession-version>ODU45543.1</GBSeq_accession-version>
  <GBSeq_other-seqids>
    <GBSeqid>gb|ODU45543.1|</GBSeqid>
    <GBSeqid>gnl|WGS:MEFO|ABS96_13685</GBSeqid>
    <GBSeqid>gi|1064146804</GBSeqid>
  </GBSeq_other-seqids>
  <GBSeq_project>PRJNA279279</GBSeq_project>
  <GBSeq_keywords>
    <GBKeyword>ENV</GBKeyword>
  </GBSeq_keywords>
  <GBSeq_source>Xanthomonadaceae bacterium SCN 69-123 (bioreactor metagenome)</GBSeq_source>
  <GBSeq_organism>Xanthomonadaceae bacterium SCN 69-123</GBSeq_organism>
  <GBSeq_taxonomy>Bacteria; Proteobacteria; Gammaproteobacteria; Xanthomonadales; Xanthomonadaceae</GBSeq_taxonomy>
  <GBSeq_references>
    <GBReference>
      <GBReference_reference>1</GBReference_reference>
      <GBReference_position>1..163</GBReference_position>
      <GBReference_authors>
        <GBAuthor>Kantor,R.S.</GBAuthor>
        <GBAuthor>van Zyl,A.W.</GBAuthor>
        <GBAuthor>van Hille,R.P.</GBAuthor>
        <GBAuthor>Thomas,B.C.</GBAuthor>
        <GBAuthor>Harrison,S.T.</GBAuthor>
        <GBAuthor>Banfield,J.F.</GBAuthor>
      </GBReference_authors>
      <GBReference_title>Bioreactor microbial ecosystems for thiocyanate and cyanide degradation unravelled with genome-resolved metagenomics</GBReference_title>
      <GBReference_journal>Environ. Microbiol. 17 (12), 4929-4941 (2015)</GBReference_journal>
      <GBReference_xref>
        <GBXref>
          <GBXref_dbname>doi</GBXref_dbname>
          <GBXref_id>10.1111/1462-2920.12936</GBXref_id>
        </GBXref>
      </GBReference_xref>
      <GBReference_pubmed>26031303</GBReference_pubmed>
    </GBReference>
    <GBReference>
      <GBReference_reference>2</GBReference_reference>
      <GBReference_position>1..163</GBReference_position>
      <GBReference_authors>
        <GBAuthor>Kantor,R.S.</GBAuthor>
        <GBAuthor>Van Zyl,A.W.</GBAuthor>
        <GBAuthor>Van Hille,R.P.</GBAuthor>
        <GBAuthor>Thomas,B.C.</GBAuthor>
        <GBAuthor>Harrison,S.T.</GBAuthor>
        <GBAuthor>Banfield,J.F.</GBAuthor>
      </GBReference_authors>
      <GBReference_title>Direct Submission</GBReference_title>
      <GBReference_journal>Submitted (03-AUG-2016) Earth and Planetary Sciences, Banfield Lab, University of California, Berkeley, 307 McCone Hall, Berkeley, CA 94720, USA</GBReference_journal>
    </GBReference>
  </GBSeq_references>
  <GBSeq_comment>Annotation was added by the NCBI Prokaryotic Genome Annotation Pipeline (released 2013). Information about the Pipeline can be found here: https://www.ncbi.nlm.nih.gov/genome/annotation_prok/; This assembly contains two or more draft genomes of the same species that could not be separated using binning techniques.; ##Genome-Assembly-Data-START## Assembly Method idba_ud v. 1.1 Genome Coverage 122.41x Sequencing Technology Illumina HiSeq2000 ##Genome-Assembly-Data-END##; ##Genome-Annotation-Data-START## Annotation Provider NCBI Annotation Date 08/31/2016 18:20:23 Annotation Pipeline NCBI Prokaryotic Genome Annotation Pipeline Annotation Method Best-placed reference protein set; GeneMarkS+ Annotation Software revision 3.3 Features Annotated Gene; CDS; rRNA; tRNA; ncRNA; repeat_region Genes (total) 7,055 CDS (total) 6,948 Genes (coding) 6,825 CDS (coding) 6,825 Genes (RNA) 107 rRNAs 1 (16S) partial rRNAs 1 (16S) tRNAs 99 ncRNAs 7 Pseudo Genes (total) 123 Pseudo Genes (ambiguous residues) 0 of 123 Pseudo Genes (frameshifted) 41 of 123 Pseudo Genes (incomplete) 79 of 123 Pseudo Genes (internal stop) 6 of 123 Pseudo Genes (multiple problems) 3 of 123 CRISPR Arrays 2 ##Genome-Annotation-Data-END##</GBSeq_comment>
  <GBSeq_source-db>accession MEFO01000017.1</GBSeq_source-db>
  <GBSeq_feature-table>
    <GBFeature>
      <GBFeature_key>source</GBFeature_key>
      <GBFeature_location>1..163</GBFeature_location>
      <GBFeature_intervals>
        <GBInterval>
          <GBInterval_from>1</GBInterval_from>
          <GBInterval_to>163</GBInterval_to>
          <GBInterval_accession>ODU45543.1</GBInterval_accession>
        </GBInterval>
      </GBFeature_intervals>
      <GBFeature_quals>
        <GBQualifier>
          <GBQualifier_name>organism</GBQualifier_name>
          <GBQualifier_value>Xanthomonadaceae bacterium SCN 69-123</GBQualifier_value>
        </GBQualifier>
        <GBQualifier>
          <GBQualifier_name>isolation_source</GBQualifier_name>
          <GBQualifier_value>Cyanide and thiocyanate bioreactor</GBQualifier_value>
        </GBQualifier>
        <GBQualifier>
          <GBQualifier_name>db_xref</GBQualifier_name>
          <GBQualifier_value>taxon:1660170</GBQualifier_value>
        </GBQualifier>
        <GBQualifier>
          <GBQualifier_name>environmental_sample</GBQualifier_name>
        </GBQualifier>
        <GBQualifier>
          <GBQualifier_name>country</GBQualifier_name>
          <GBQualifier_value>South Africa: University of Cape Town, Rondebosch</GBQualifier_value>
        </GBQualifier>
        <GBQualifier>
          <GBQualifier_name>lat_lon</GBQualifier_name>
          <GBQualifier_value>33.96 S 18.46 E</GBQualifier_value>
        </GBQualifier>
        <GBQualifier>
          <GBQualifier_name>collection_date</GBQualifier_name>
          <GBQualifier_value>Oct-2012</GBQualifier_value>
        </GBQualifier>
        <GBQualifier>
          <GBQualifier_name>note</GBQualifier_name>
          <GBQualifier_value>metagenomic; derived from metagenome: bioreactor metagenome</GBQualifier_value>
        </GBQualifier>
      </GBFeature_quals>
    </GBFeature>
    <GBFeature>
      <GBFeature_key>Protein</GBFeature_key>
      <GBFeature_location>1..163</GBFeature_location>
      <GBFeature_intervals>
        <GBInterval>
          <GBInterval_from>1</GBInterval_from>
          <GBInterval_to>163</GBInterval_to>
          <GBInterval_accession>ODU45543.1</GBInterval_accession>
        </GBInterval>
      </GBFeature_intervals>
      <GBFeature_quals>
        <GBQualifier>
          <GBQualifier_name>product</GBQualifier_name>
          <GBQualifier_value>diacylglycerol kinase</GBQualifier_value>
        </GBQualifier>
        <GBQualifier>
          <GBQualifier_name>calculated_mol_wt</GBQualifier_name>
          <GBQualifier_value>17781</GBQualifier_value>
        </GBQualifier>
      </GBFeature_quals>
    </GBFeature>
    <GBFeature>
      <GBFeature_key>CDS</GBFeature_key>
      <GBFeature_location>1..163</GBFeature_location>
      <GBFeature_intervals>
        <GBInterval>
          <GBInterval_from>1</GBInterval_from>
          <GBInterval_to>163</GBInterval_to>
          <GBInterval_accession>ODU45543.1</GBInterval_accession>
        </GBInterval>
      </GBFeature_intervals>
      <GBFeature_quals>
        <GBQualifier>
          <GBQualifier_name>locus_tag</GBQualifier_name>
          <GBQualifier_value>ABS96_13685</GBQualifier_value>
        </GBQualifier>
        <GBQualifier>
          <GBQualifier_name>coded_by</GBQualifier_name>
          <GBQualifier_value>MEFO01000017.1:37024..37515</GBQualifier_value>
        </GBQualifier>
        <GBQualifier>
          <GBQualifier_name>inference</GBQualifier_name>
          <GBQualifier_value>EXISTENCE: similar to AA sequence:RefSeq:WP_017907354.1</GBQualifier_value>
        </GBQualifier>
        <GBQualifier>
          <GBQualifier_name>note</GBQualifier_name>
          <GBQualifier_value>Derived by automated computational analysis using gene prediction method: Protein Homology.</GBQualifier_value>
        </GBQualifier>
        <GBQualifier>
          <GBQualifier_name>transl_table</GBQualifier_name>
          <GBQualifier_value>11</GBQualifier_value>
        </GBQualifier>
      </GBFeature_quals>
    </GBFeature>
  </GBSeq_feature-table>
  <GBSeq_sequence>melvvamdraraigrgnalpwslpddlkhfkaltlgkpllmgrrtaeslgralpgrlnlvltrsgrvpfegmqavasveaalgiaeesraealmvigggelyaqllpqaqrlhltevdalvdgadtwfpdfdrsawaerarshhppdarhalafdfvelerrp</GBSeq_sequence>
  <GBSeq_xrefs>
    <GBXref>
      <GBXref_dbname>BioProject</GBXref_dbname>
      <GBXref_id>PRJNA279279</GBXref_id>
    </GBXref>
    <GBXref>
      <GBXref_dbname>BioSample</GBXref_dbname>
      <GBXref_id>SAMN03652491</GBXref_id>
    </GBXref>
  </GBSeq_xrefs>
</GBSeq>

</GBSet>

