<?xml version="1.0" ?>
<!DOCTYPE GBSet PUBLIC "-//NCBI//NCBI GBSeq/EN" "https://www.ncbi.nlm.nih.gov/dtd/NCBI_GBSeq.dtd">
<GBSet>
<GBSeq>
  <GBSeq_locus>ODV13197</GBSeq_locus>
  <GBSeq_length>167</GBSeq_length>
  <GBSeq_moltype>AA</GBSeq_moltype>
  <GBSeq_topology>linear</GBSeq_topology>
  <GBSeq_division>ENV</GBSeq_division>
  <GBSeq_update-date>13-SEP-2016</GBSeq_update-date>
  <GBSeq_create-date>13-SEP-2016</GBSeq_create-date>
  <GBSeq_definition>diacylglycerol kinase [Thiobacillus sp. SCN 64-317]</GBSeq_definition>
  <GBSeq_primary-accession>ODV13197</GBSeq_primary-accession>
  <GBSeq_accession-version>ODV13197.1</GBSeq_accession-version>
  <GBSeq_other-seqids>
    <GBSeqid>gb|ODV13197.1|</GBSeqid>
    <GBSeqid>gnl|WGS:MEGO|ABT22_04475</GBSeqid>
    <GBSeqid>gi|1064217856</GBSeqid>
  </GBSeq_other-seqids>
  <GBSeq_project>PRJNA279279</GBSeq_project>
  <GBSeq_keywords>
    <GBKeyword>ENV</GBKeyword>
  </GBSeq_keywords>
  <GBSeq_source>Thiobacillus sp. SCN 64-317 (bioreactor metagenome)</GBSeq_source>
  <GBSeq_organism>Thiobacillus sp. SCN 64-317</GBSeq_organism>
  <GBSeq_taxonomy>Bacteria; Proteobacteria; Betaproteobacteria; Hydrogenophilales; Hydrogenophilaceae; Thiobacillus</GBSeq_taxonomy>
  <GBSeq_references>
    <GBReference>
      <GBReference_reference>1</GBReference_reference>
      <GBReference_position>1..167</GBReference_position>
      <GBReference_authors>
        <GBAuthor>Kantor,R.S.</GBAuthor>
        <GBAuthor>van Zyl,A.W.</GBAuthor>
        <GBAuthor>van Hille,R.P.</GBAuthor>
        <GBAuthor>Thomas,B.C.</GBAuthor>
        <GBAuthor>Harrison,S.T.</GBAuthor>
        <GBAuthor>Banfield,J.F.</GBAuthor>
      </GBReference_authors>
      <GBReference_title>Bioreactor microbial ecosystems for thiocyanate and cyanide degradation unravelled with genome-resolved metagenomics</GBReference_title>
      <GBReference_journal>Environ. Microbiol. 17 (12), 4929-4941 (2015)</GBReference_journal>
      <GBReference_xref>
        <GBXref>
          <GBXref_dbname>doi</GBXref_dbname>
          <GBXref_id>10.1111/1462-2920.12936</GBXref_id>
        </GBXref>
      </GBReference_xref>
      <GBReference_pubmed>26031303</GBReference_pubmed>
    </GBReference>
    <GBReference>
      <GBReference_reference>2</GBReference_reference>
      <GBReference_position>1..167</GBReference_position>
      <GBReference_authors>
        <GBAuthor>Kantor,R.S.</GBAuthor>
        <GBAuthor>Van Zyl,A.W.</GBAuthor>
        <GBAuthor>Van Hille,R.P.</GBAuthor>
        <GBAuthor>Thomas,B.C.</GBAuthor>
        <GBAuthor>Harrison,S.T.</GBAuthor>
        <GBAuthor>Banfield,J.F.</GBAuthor>
      </GBReference_authors>
      <GBReference_title>Direct Submission</GBReference_title>
      <GBReference_journal>Submitted (04-AUG-2016) Earth and Planetary Sciences, Banfield Lab, University of California, Berkeley, 307 McCone Hall, Berkeley, CA 94720, USA</GBReference_journal>
    </GBReference>
  </GBSeq_references>
  <GBSeq_comment>Annotation was added by the NCBI Prokaryotic Genome Annotation Pipeline (released 2013). Information about the Pipeline can be found here: https://www.ncbi.nlm.nih.gov/genome/annotation_prok/; ##Genome-Assembly-Data-START## Assembly Method idba_ud v. 1.1 Genome Coverage 316.70x Sequencing Technology Illumina HiSeq2000 ##Genome-Assembly-Data-END##; ##Genome-Annotation-Data-START## Annotation Provider NCBI Annotation Date 08/31/2016 18:02:30 Annotation Pipeline NCBI Prokaryotic Genome Annotation Pipeline Annotation Method Best-placed reference protein set; GeneMarkS+ Annotation Software revision 3.3 Features Annotated Gene; CDS; rRNA; tRNA; ncRNA; repeat_region Genes (total) 2,675 CDS (total) 2,635 Genes (coding) 2,476 CDS (coding) 2,476 Genes (RNA) 40 tRNAs 35 ncRNAs 5 Pseudo Genes (total) 159 Pseudo Genes (ambiguous residues) 9 of 159 Pseudo Genes (frameshifted) 56 of 159 Pseudo Genes (incomplete) 99 of 159 Pseudo Genes (internal stop) 7 of 159 Pseudo Genes (multiple problems) 10 of 159 ##Genome-Annotation-Data-END##</GBSeq_comment>
  <GBSeq_source-db>accession MEGO01000017.1</GBSeq_source-db>
  <GBSeq_feature-table>
    <GBFeature>
      <GBFeature_key>source</GBFeature_key>
      <GBFeature_location>1..167</GBFeature_location>
      <GBFeature_intervals>
        <GBInterval>
          <GBInterval_from>1</GBInterval_from>
          <GBInterval_to>167</GBInterval_to>
          <GBInterval_accession>ODV13197.1</GBInterval_accession>
        </GBInterval>
      </GBFeature_intervals>
      <GBFeature_quals>
        <GBQualifier>
          <GBQualifier_name>organism</GBQualifier_name>
          <GBQualifier_value>Thiobacillus sp. SCN 64-317</GBQualifier_value>
        </GBQualifier>
        <GBQualifier>
          <GBQualifier_name>isolation_source</GBQualifier_name>
          <GBQualifier_value>Thiocyanate bioreactor</GBQualifier_value>
        </GBQualifier>
        <GBQualifier>
          <GBQualifier_name>db_xref</GBQualifier_name>
          <GBQualifier_value>taxon:1660143</GBQualifier_value>
        </GBQualifier>
        <GBQualifier>
          <GBQualifier_name>environmental_sample</GBQualifier_name>
        </GBQualifier>
        <GBQualifier>
          <GBQualifier_name>country</GBQualifier_name>
          <GBQualifier_value>South Africa: University of Cape Town, Rondebosch</GBQualifier_value>
        </GBQualifier>
        <GBQualifier>
          <GBQualifier_name>lat_lon</GBQualifier_name>
          <GBQualifier_value>33.96 S 18.46 E</GBQualifier_value>
        </GBQualifier>
        <GBQualifier>
          <GBQualifier_name>collection_date</GBQualifier_name>
          <GBQualifier_value>Oct-2012</GBQualifier_value>
        </GBQualifier>
        <GBQualifier>
          <GBQualifier_name>note</GBQualifier_name>
          <GBQualifier_value>metagenomic; derived from metagenome: bioreactor metagenome</GBQualifier_value>
        </GBQualifier>
      </GBFeature_quals>
    </GBFeature>
    <GBFeature>
      <GBFeature_key>Protein</GBFeature_key>
      <GBFeature_location>1..167</GBFeature_location>
      <GBFeature_intervals>
        <GBInterval>
          <GBInterval_from>1</GBInterval_from>
          <GBInterval_to>167</GBInterval_to>
          <GBInterval_accession>ODV13197.1</GBInterval_accession>
        </GBInterval>
      </GBFeature_intervals>
      <GBFeature_quals>
        <GBQualifier>
          <GBQualifier_name>product</GBQualifier_name>
          <GBQualifier_value>diacylglycerol kinase</GBQualifier_value>
        </GBQualifier>
        <GBQualifier>
          <GBQualifier_name>calculated_mol_wt</GBQualifier_name>
          <GBQualifier_value>18229</GBQualifier_value>
        </GBQualifier>
      </GBFeature_quals>
    </GBFeature>
    <GBFeature>
      <GBFeature_key>CDS</GBFeature_key>
      <GBFeature_location>1..167</GBFeature_location>
      <GBFeature_intervals>
        <GBInterval>
          <GBInterval_from>1</GBInterval_from>
          <GBInterval_to>167</GBInterval_to>
          <GBInterval_accession>ODV13197.1</GBInterval_accession>
        </GBInterval>
      </GBFeature_intervals>
      <GBFeature_quals>
        <GBQualifier>
          <GBQualifier_name>locus_tag</GBQualifier_name>
          <GBQualifier_value>ABT22_04475</GBQualifier_value>
        </GBQualifier>
        <GBQualifier>
          <GBQualifier_name>coded_by</GBQualifier_name>
          <GBQualifier_value>MEGO01000017.1:50030..50533</GBQualifier_value>
        </GBQualifier>
        <GBQualifier>
          <GBQualifier_name>inference</GBQualifier_name>
          <GBQualifier_value>EXISTENCE: similar to AA sequence:RefSeq:WP_011312551.1</GBQualifier_value>
        </GBQualifier>
        <GBQualifier>
          <GBQualifier_name>note</GBQualifier_name>
          <GBQualifier_value>Derived by automated computational analysis using gene prediction method: Protein Homology.</GBQualifier_value>
        </GBQualifier>
        <GBQualifier>
          <GBQualifier_name>transl_table</GBQualifier_name>
          <GBQualifier_value>11</GBQualifier_value>
        </GBQualifier>
      </GBFeature_quals>
    </GBFeature>
  </GBSeq_feature-table>
  <GBSeq_sequence>mssaktprvsviaalarnrvigidnrlpwrlpedlahfkaltlnhpilmgrktfeslgrplpgrinivitrnpgyrrdgclvadsipaalalcgdaaevffiggaelyaqaipladrlyltevdieaegdarfpdydsgafrelsreshtggkgdalafdfvmyerk</GBSeq_sequence>
  <GBSeq_xrefs>
    <GBXref>
      <GBXref_dbname>BioProject</GBXref_dbname>
      <GBXref_id>PRJNA279279</GBXref_id>
    </GBXref>
    <GBXref>
      <GBXref_dbname>BioSample</GBXref_dbname>
      <GBXref_id>SAMN03652518</GBXref_id>
    </GBXref>
  </GBSeq_xrefs>
</GBSeq>

</GBSet>

