<?xml version="1.0" ?>
<!DOCTYPE GBSet PUBLIC "-//NCBI//NCBI GBSeq/EN" "https://www.ncbi.nlm.nih.gov/dtd/NCBI_GBSeq.dtd">
<GBSet>
<GBSeq>
  <GBSeq_locus>DYR_BOVIN</GBSeq_locus>
  <GBSeq_length>187</GBSeq_length>
  <GBSeq_moltype>AA</GBSeq_moltype>
  <GBSeq_topology>linear</GBSeq_topology>
  <GBSeq_division>MAM</GBSeq_division>
  <GBSeq_update-date>22-NOV-2017</GBSeq_update-date>
  <GBSeq_create-date>21-JUL-1986</GBSeq_create-date>
  <GBSeq_definition>RecName: Full=Dihydrofolate reductase</GBSeq_definition>
  <GBSeq_primary-accession>P00376</GBSeq_primary-accession>
  <GBSeq_accession-version>P00376.3</GBSeq_accession-version>
  <GBSeq_other-seqids>
    <GBSeqid>sp|P00376.3|DYR_BOVIN</GBSeqid>
    <GBSeqid>gi|109940075</GBSeqid>
  </GBSeq_other-seqids>
  <GBSeq_keywords>
    <GBKeyword>Complete proteome</GBKeyword>
    <GBKeyword>Cytoplasm</GBKeyword>
    <GBKeyword>Direct protein sequencing</GBKeyword>
    <GBKeyword>Methotrexate resistance</GBKeyword>
    <GBKeyword>Mitochondrion</GBKeyword>
    <GBKeyword>NADP</GBKeyword>
    <GBKeyword>One-carbon metabolism</GBKeyword>
    <GBKeyword>Oxidoreductase</GBKeyword>
    <GBKeyword>Reference proteome</GBKeyword>
    <GBKeyword>RNA-binding</GBKeyword>
  </GBSeq_keywords>
  <GBSeq_source>Bos taurus (cattle)</GBSeq_source>
  <GBSeq_organism>Bos taurus</GBSeq_organism>
  <GBSeq_taxonomy>Eukaryota; Metazoa; Chordata; Craniata; Vertebrata; Euteleostomi; Mammalia; Eutheria; Laurasiatheria; Cetartiodactyla; Ruminantia; Pecora; Bovidae; Bovinae; Bos</GBSeq_taxonomy>
  <GBSeq_references>
    <GBReference>
      <GBReference_reference>1</GBReference_reference>
      <GBReference_position>1..187</GBReference_position>
      <GBReference_consortium>NIH - Mammalian Gene Collection (MGC) project</GBReference_consortium>
      <GBReference_title>Direct Submission</GBReference_title>
      <GBReference_journal>Submitted (??-FEB-2006)</GBReference_journal>
      <GBReference_remark>NUCLEOTIDE SEQUENCE [LARGE SCALE MRNA].;~STRAIN=Hereford; TISSUE=Heart ventricle</GBReference_remark>
    </GBReference>
    <GBReference>
      <GBReference_reference>2</GBReference_reference>
      <GBReference_position>1..187</GBReference_position>
      <GBReference_authors>
        <GBAuthor>Lai,P.H.</GBAuthor>
        <GBAuthor>Pan,Y.C.</GBAuthor>
        <GBAuthor>Gleisner,J.M.</GBAuthor>
        <GBAuthor>Peterson,D.L.</GBAuthor>
        <GBAuthor>Williams,K.R.</GBAuthor>
        <GBAuthor>Blakley,R.L.</GBAuthor>
      </GBReference_authors>
      <GBReference_title>Structure of dihydrofolate reductase: primary sequence of the bovine liver enzyme</GBReference_title>
      <GBReference_journal>Biochemistry 21 (14), 3284-3294 (1982)</GBReference_journal>
      <GBReference_xref>
        <GBXref>
          <GBXref_dbname>doi</GBXref_dbname>
          <GBXref_id>10.1021/bi00257a006</GBXref_id>
        </GBXref>
      </GBReference_xref>
      <GBReference_pubmed>7115669</GBReference_pubmed>
      <GBReference_remark>PROTEIN SEQUENCE OF 2-187.;~TISSUE=Liver</GBReference_remark>
    </GBReference>
  </GBSeq_references>
  <GBSeq_comment>On Jun 30, 2006 this sequence version replaced gi:118982.; [FUNCTION] Key enzyme in folate metabolism. Contributes to the de novo mitochondrial thymidylate biosynthesis pathway. Catalyzes an essential reaction for de novo glycine and purine synthesis, and for DNA precursor synthesis. Binds its own mRNA and that of DHFR2 (By similarity). {ECO:0000250|UniProtKB:P00374}.; [CATALYTIC ACTIVITY] 5,6,7,8-tetrahydrofolate + NADP(+) = 7,8-dihydrofolate + NADPH. {ECO:0000250|UniProtKB:P00375, ECO:0000255|PROSITE-ProRule:PRU00660}.; [PATHWAY] Cofactor biosynthesis; tetrahydrofolate biosynthesis; 5,6,7,8-tetrahydrofolate from 7,8-dihydrofolate: step 1/1.; [SUBUNIT] Homodimer. {ECO:0000250|UniProtKB:P00374}.; [SUBCELLULAR LOCATION] Mitochondrion {ECO:0000250|UniProtKB:P00375}. Cytoplasm {ECO:0000250|UniProtKB:P00375}.; [SIMILARITY] Belongs to the dihydrofolate reductase family. {ECO:0000305}.</GBSeq_comment>
  <GBSeq_source-db>UniProtKB: locus DYR_BOVIN, accession P00376; class: standard. extra accessions:Q29RI1 created: Jul 21, 1986. sequence updated: Jan 23, 2007. annotation updated: Nov 22, 2017. xrefs: BC114162.1, AAI14163.1, RDBOD, NP_001071351.1 xrefs (non-sequence databases): UniGene:Bt.18730, ProteinModelPortal:P00376, SMR:P00376, STRING:9913.ENSBTAP00000010103, BindingDB:P00376, ChEMBL:CHEMBL1075051, PaxDb:P00376, PeptideAtlas:P00376, PRIDE:P00376, GeneID:508809, KEGG:bta:508809, CTD:1719, eggNOG:KOG1324, eggNOG:COG0262, HOGENOM:HOG000040235, HOVERGEN:HBG000773, InParanoid:P00376, KO:K00287, TreeFam:TF317636, SABIO-RK:P00376, UniPathway:UPA00077, PRO:PR:P00376, Proteomes:UP000009136, GO:0005737, GO:0005739, GO:0004146, GO:0008144, GO:0003729, GO:0050661, GO:0006545, GO:0009165, GO:0006730, GO:0031427, GO:0046654, GO:0046653, CDD:cd00209, Gene3D:3.40.430.10, InterPro:IPR012259, InterPro:IPR024072, InterPro:IPR017925, InterPro:IPR001796, Pfam:PF00186, PRINTS:PR00070, SUPFAM:SSF53597, PROSITE:PS00075, PROSITE:PS51330</GBSeq_source-db>
  <GBSeq_feature-table>
    <GBFeature>
      <GBFeature_key>source</GBFeature_key>
      <GBFeature_location>1..187</GBFeature_location>
      <GBFeature_intervals>
        <GBInterval>
          <GBInterval_from>1</GBInterval_from>
          <GBInterval_to>187</GBInterval_to>
          <GBInterval_accession>P00376.3</GBInterval_accession>
        </GBInterval>
      </GBFeature_intervals>
      <GBFeature_quals>
        <GBQualifier>
          <GBQualifier_name>organism</GBQualifier_name>
          <GBQualifier_value>Bos taurus</GBQualifier_value>
        </GBQualifier>
        <GBQualifier>
          <GBQualifier_name>db_xref</GBQualifier_name>
          <GBQualifier_value>taxon:9913</GBQualifier_value>
        </GBQualifier>
      </GBFeature_quals>
    </GBFeature>
    <GBFeature>
      <GBFeature_key>gene</GBFeature_key>
      <GBFeature_location>1..187</GBFeature_location>
      <GBFeature_intervals>
        <GBInterval>
          <GBInterval_from>1</GBInterval_from>
          <GBInterval_to>187</GBInterval_to>
          <GBInterval_accession>P00376.3</GBInterval_accession>
        </GBInterval>
      </GBFeature_intervals>
      <GBFeature_quals>
        <GBQualifier>
          <GBQualifier_name>gene</GBQualifier_name>
          <GBQualifier_value>DHFR</GBQualifier_value>
        </GBQualifier>
      </GBFeature_quals>
    </GBFeature>
    <GBFeature>
      <GBFeature_key>Protein</GBFeature_key>
      <GBFeature_location>1..187</GBFeature_location>
      <GBFeature_intervals>
        <GBInterval>
          <GBInterval_from>1</GBInterval_from>
          <GBInterval_to>187</GBInterval_to>
          <GBInterval_accession>P00376.3</GBInterval_accession>
        </GBInterval>
      </GBFeature_intervals>
      <GBFeature_quals>
        <GBQualifier>
          <GBQualifier_name>gene</GBQualifier_name>
          <GBQualifier_value>DHFR</GBQualifier_value>
        </GBQualifier>
        <GBQualifier>
          <GBQualifier_name>product</GBQualifier_name>
          <GBQualifier_value>Dihydrofolate reductase</GBQualifier_value>
        </GBQualifier>
        <GBQualifier>
          <GBQualifier_name>EC_number</GBQualifier_name>
          <GBQualifier_value>1.5.1.3</GBQualifier_value>
        </GBQualifier>
        <GBQualifier>
          <GBQualifier_name>UniProtKB_evidence</GBQualifier_name>
          <GBQualifier_value>Evidence at protein level</GBQualifier_value>
        </GBQualifier>
        <GBQualifier>
          <GBQualifier_name>calculated_mol_wt</GBQualifier_name>
          <GBQualifier_value>21473</GBQualifier_value>
        </GBQualifier>
      </GBFeature_quals>
    </GBFeature>
    <GBFeature>
      <GBFeature_key>Region</GBFeature_key>
      <GBFeature_location>2..187</GBFeature_location>
      <GBFeature_intervals>
        <GBInterval>
          <GBInterval_from>2</GBInterval_from>
          <GBInterval_to>187</GBInterval_to>
          <GBInterval_accession>P00376.3</GBInterval_accession>
        </GBInterval>
      </GBFeature_intervals>
      <GBFeature_quals>
        <GBQualifier>
          <GBQualifier_name>gene</GBQualifier_name>
          <GBQualifier_value>DHFR</GBQualifier_value>
        </GBQualifier>
        <GBQualifier>
          <GBQualifier_name>region_name</GBQualifier_name>
          <GBQualifier_value>Mature chain</GBQualifier_value>
        </GBQualifier>
        <GBQualifier>
          <GBQualifier_name>experiment</GBQualifier_name>
          <GBQualifier_value>experimental evidence, no additional details recorded</GBQualifier_value>
        </GBQualifier>
        <GBQualifier>
          <GBQualifier_name>note</GBQualifier_name>
          <GBQualifier_value>Dihydrofolate reductase. /FTId=PRO_0000186361.</GBQualifier_value>
        </GBQualifier>
      </GBFeature_quals>
    </GBFeature>
    <GBFeature>
      <GBFeature_key>Region</GBFeature_key>
      <GBFeature_location>4..185</GBFeature_location>
      <GBFeature_intervals>
        <GBInterval>
          <GBInterval_from>4</GBInterval_from>
          <GBInterval_to>185</GBInterval_to>
          <GBInterval_accession>P00376.3</GBInterval_accession>
        </GBInterval>
      </GBFeature_intervals>
      <GBFeature_quals>
        <GBQualifier>
          <GBQualifier_name>gene</GBQualifier_name>
          <GBQualifier_value>DHFR</GBQualifier_value>
        </GBQualifier>
        <GBQualifier>
          <GBQualifier_name>region_name</GBQualifier_name>
          <GBQualifier_value>Domain</GBQualifier_value>
        </GBQualifier>
        <GBQualifier>
          <GBQualifier_name>experiment</GBQualifier_name>
          <GBQualifier_value>experimental evidence, no additional details recorded</GBQualifier_value>
        </GBQualifier>
        <GBQualifier>
          <GBQualifier_name>note</GBQualifier_name>
          <GBQualifier_value>DHFR. {ECO:0000255|PROSITE-ProRule:PRU00660}.</GBQualifier_value>
        </GBQualifier>
      </GBFeature_quals>
    </GBFeature>
    <GBFeature>
      <GBFeature_key>Region</GBFeature_key>
      <GBFeature_location>5..184</GBFeature_location>
      <GBFeature_intervals>
        <GBInterval>
          <GBInterval_from>5</GBInterval_from>
          <GBInterval_to>184</GBInterval_to>
          <GBInterval_accession>P00376.3</GBInterval_accession>
        </GBInterval>
      </GBFeature_intervals>
      <GBFeature_quals>
        <GBQualifier>
          <GBQualifier_name>gene</GBQualifier_name>
          <GBQualifier_value>DHFR</GBQualifier_value>
        </GBQualifier>
        <GBQualifier>
          <GBQualifier_name>region_name</GBQualifier_name>
          <GBQualifier_value>DHFR</GBQualifier_value>
        </GBQualifier>
        <GBQualifier>
          <GBQualifier_name>note</GBQualifier_name>
          <GBQualifier_value>Dihydrofolate reductase (DHFR). Reduces 7,8-dihydrofolate to 5,6,7,8-tetrahydrofolate with NADPH as a cofactor. This is an essential step in the biosynthesis of deoxythymidine phosphate since 5,6,7,8-tetrahydrofolate is required to regenerate 5; cd00209</GBQualifier_value>
        </GBQualifier>
        <GBQualifier>
          <GBQualifier_name>db_xref</GBQualifier_name>
          <GBQualifier_value>CDD:238127</GBQualifier_value>
        </GBQualifier>
      </GBFeature_quals>
    </GBFeature>
    <GBFeature>
      <GBFeature_key>Site</GBFeature_key>
      <GBFeature_location>order(8,25,31,71,116,122,137)</GBFeature_location>
      <GBFeature_intervals>
        <GBInterval>
          <GBInterval_point>8</GBInterval_point>
          <GBInterval_accession>P00376.3</GBInterval_accession>
        </GBInterval>
        <GBInterval>
          <GBInterval_point>25</GBInterval_point>
          <GBInterval_accession>P00376.3</GBInterval_accession>
        </GBInterval>
        <GBInterval>
          <GBInterval_point>31</GBInterval_point>
          <GBInterval_accession>P00376.3</GBInterval_accession>
        </GBInterval>
        <GBInterval>
          <GBInterval_point>71</GBInterval_point>
          <GBInterval_accession>P00376.3</GBInterval_accession>
        </GBInterval>
        <GBInterval>
          <GBInterval_point>116</GBInterval_point>
          <GBInterval_accession>P00376.3</GBInterval_accession>
        </GBInterval>
        <GBInterval>
          <GBInterval_point>122</GBInterval_point>
          <GBInterval_accession>P00376.3</GBInterval_accession>
        </GBInterval>
        <GBInterval>
          <GBInterval_point>137</GBInterval_point>
          <GBInterval_accession>P00376.3</GBInterval_accession>
        </GBInterval>
      </GBFeature_intervals>
      <GBFeature_operator>order</GBFeature_operator>
      <GBFeature_quals>
        <GBQualifier>
          <GBQualifier_name>gene</GBQualifier_name>
          <GBQualifier_value>DHFR</GBQualifier_value>
        </GBQualifier>
        <GBQualifier>
          <GBQualifier_name>site_type</GBQualifier_name>
          <GBQualifier_value>other</GBQualifier_value>
        </GBQualifier>
        <GBQualifier>
          <GBQualifier_name>note</GBQualifier_name>
          <GBQualifier_value>folate binding site [chemical binding]</GBQualifier_value>
        </GBQualifier>
        <GBQualifier>
          <GBQualifier_name>db_xref</GBQualifier_name>
          <GBQualifier_value>CDD:238127</GBQualifier_value>
        </GBQualifier>
      </GBFeature_quals>
    </GBFeature>
    <GBFeature>
      <GBFeature_key>Site</GBFeature_key>
      <GBFeature_location>order(10,17,55..57,78,117..120)</GBFeature_location>
      <GBFeature_intervals>
        <GBInterval>
          <GBInterval_point>10</GBInterval_point>
          <GBInterval_accession>P00376.3</GBInterval_accession>
        </GBInterval>
        <GBInterval>
          <GBInterval_point>17</GBInterval_point>
          <GBInterval_accession>P00376.3</GBInterval_accession>
        </GBInterval>
        <GBInterval>
          <GBInterval_from>55</GBInterval_from>
          <GBInterval_to>57</GBInterval_to>
          <GBInterval_accession>P00376.3</GBInterval_accession>
        </GBInterval>
        <GBInterval>
          <GBInterval_point>78</GBInterval_point>
          <GBInterval_accession>P00376.3</GBInterval_accession>
        </GBInterval>
        <GBInterval>
          <GBInterval_from>117</GBInterval_from>
          <GBInterval_to>120</GBInterval_to>
          <GBInterval_accession>P00376.3</GBInterval_accession>
        </GBInterval>
      </GBFeature_intervals>
      <GBFeature_operator>order</GBFeature_operator>
      <GBFeature_quals>
        <GBQualifier>
          <GBQualifier_name>gene</GBQualifier_name>
          <GBQualifier_value>DHFR</GBQualifier_value>
        </GBQualifier>
        <GBQualifier>
          <GBQualifier_name>site_type</GBQualifier_name>
          <GBQualifier_value>other</GBQualifier_value>
        </GBQualifier>
        <GBQualifier>
          <GBQualifier_name>note</GBQualifier_name>
          <GBQualifier_value>NADP+ binding site [chemical binding]</GBQualifier_value>
        </GBQualifier>
        <GBQualifier>
          <GBQualifier_name>db_xref</GBQualifier_name>
          <GBQualifier_value>CDD:238127</GBQualifier_value>
        </GBQualifier>
      </GBFeature_quals>
    </GBFeature>
    <GBFeature>
      <GBFeature_key>Site</GBFeature_key>
      <GBFeature_location>10</GBFeature_location>
      <GBFeature_intervals>
        <GBInterval>
          <GBInterval_point>10</GBInterval_point>
          <GBInterval_accession>P00376.3</GBInterval_accession>
        </GBInterval>
      </GBFeature_intervals>
      <GBFeature_quals>
        <GBQualifier>
          <GBQualifier_name>gene</GBQualifier_name>
          <GBQualifier_value>DHFR</GBQualifier_value>
        </GBQualifier>
        <GBQualifier>
          <GBQualifier_name>site_type</GBQualifier_name>
          <GBQualifier_value>binding</GBQualifier_value>
        </GBQualifier>
        <GBQualifier>
          <GBQualifier_name>experiment</GBQualifier_name>
          <GBQualifier_value>experimental evidence, no additional details recorded</GBQualifier_value>
        </GBQualifier>
        <GBQualifier>
          <GBQualifier_name>note</GBQualifier_name>
          <GBQualifier_value>NADP; via amide nitrogen and carbonyl oxygen. {ECO:0000250|UniProtKB:P00374}.</GBQualifier_value>
        </GBQualifier>
      </GBFeature_quals>
    </GBFeature>
    <GBFeature>
      <GBFeature_key>Site</GBFeature_key>
      <GBFeature_location>16..22</GBFeature_location>
      <GBFeature_intervals>
        <GBInterval>
          <GBInterval_from>16</GBInterval_from>
          <GBInterval_to>22</GBInterval_to>
          <GBInterval_accession>P00376.3</GBInterval_accession>
        </GBInterval>
      </GBFeature_intervals>
      <GBFeature_quals>
        <GBQualifier>
          <GBQualifier_name>gene</GBQualifier_name>
          <GBQualifier_value>DHFR</GBQualifier_value>
        </GBQualifier>
        <GBQualifier>
          <GBQualifier_name>site_type</GBQualifier_name>
          <GBQualifier_value>np-binding</GBQualifier_value>
        </GBQualifier>
        <GBQualifier>
          <GBQualifier_name>experiment</GBQualifier_name>
          <GBQualifier_value>experimental evidence, no additional details recorded</GBQualifier_value>
        </GBQualifier>
        <GBQualifier>
          <GBQualifier_name>note</GBQualifier_name>
          <GBQualifier_value>NADP. {ECO:0000250|UniProtKB:P00374}.</GBQualifier_value>
        </GBQualifier>
      </GBFeature_quals>
    </GBFeature>
    <GBFeature>
      <GBFeature_key>Region</GBFeature_key>
      <GBFeature_location>22</GBFeature_location>
      <GBFeature_intervals>
        <GBInterval>
          <GBInterval_point>22</GBInterval_point>
          <GBInterval_accession>P00376.3</GBInterval_accession>
        </GBInterval>
      </GBFeature_intervals>
      <GBFeature_quals>
        <GBQualifier>
          <GBQualifier_name>gene</GBQualifier_name>
          <GBQualifier_value>DHFR</GBQualifier_value>
        </GBQualifier>
        <GBQualifier>
          <GBQualifier_name>region_name</GBQualifier_name>
          <GBQualifier_value>Conflict</GBQualifier_value>
        </GBQualifier>
        <GBQualifier>
          <GBQualifier_name>experiment</GBQualifier_name>
          <GBQualifier_value>experimental evidence, no additional details recorded</GBQualifier_value>
        </GBQualifier>
        <GBQualifier>
          <GBQualifier_name>note</GBQualifier_name>
          <GBQualifier_value>D -&gt; N (in Ref. 1; AAI14163). {ECO:0000305}.</GBQualifier_value>
        </GBQualifier>
      </GBFeature_quals>
    </GBFeature>
    <GBFeature>
      <GBFeature_key>Region</GBFeature_key>
      <GBFeature_location>31..36</GBFeature_location>
      <GBFeature_intervals>
        <GBInterval>
          <GBInterval_from>31</GBInterval_from>
          <GBInterval_to>36</GBInterval_to>
          <GBInterval_accession>P00376.3</GBInterval_accession>
        </GBInterval>
      </GBFeature_intervals>
      <GBFeature_quals>
        <GBQualifier>
          <GBQualifier_name>gene</GBQualifier_name>
          <GBQualifier_value>DHFR</GBQualifier_value>
        </GBQualifier>
        <GBQualifier>
          <GBQualifier_name>region_name</GBQualifier_name>
          <GBQualifier_value>Region of interest in the sequence</GBQualifier_value>
        </GBQualifier>
        <GBQualifier>
          <GBQualifier_name>experiment</GBQualifier_name>
          <GBQualifier_value>experimental evidence, no additional details recorded</GBQualifier_value>
        </GBQualifier>
        <GBQualifier>
          <GBQualifier_name>note</GBQualifier_name>
          <GBQualifier_value>Substrate binding. {ECO:0000250|UniProtKB:P00374}.</GBQualifier_value>
        </GBQualifier>
      </GBFeature_quals>
    </GBFeature>
    <GBFeature>
      <GBFeature_key>Site</GBFeature_key>
      <GBFeature_location>55..57</GBFeature_location>
      <GBFeature_intervals>
        <GBInterval>
          <GBInterval_from>55</GBInterval_from>
          <GBInterval_to>57</GBInterval_to>
          <GBInterval_accession>P00376.3</GBInterval_accession>
        </GBInterval>
      </GBFeature_intervals>
      <GBFeature_quals>
        <GBQualifier>
          <GBQualifier_name>gene</GBQualifier_name>
          <GBQualifier_value>DHFR</GBQualifier_value>
        </GBQualifier>
        <GBQualifier>
          <GBQualifier_name>site_type</GBQualifier_name>
          <GBQualifier_value>np-binding</GBQualifier_value>
        </GBQualifier>
        <GBQualifier>
          <GBQualifier_name>experiment</GBQualifier_name>
          <GBQualifier_value>experimental evidence, no additional details recorded</GBQualifier_value>
        </GBQualifier>
        <GBQualifier>
          <GBQualifier_name>note</GBQualifier_name>
          <GBQualifier_value>NADP. {ECO:0000250|UniProtKB:P00374}.</GBQualifier_value>
        </GBQualifier>
      </GBFeature_quals>
    </GBFeature>
    <GBFeature>
      <GBFeature_key>Site</GBFeature_key>
      <GBFeature_location>71</GBFeature_location>
      <GBFeature_intervals>
        <GBInterval>
          <GBInterval_point>71</GBInterval_point>
          <GBInterval_accession>P00376.3</GBInterval_accession>
        </GBInterval>
      </GBFeature_intervals>
      <GBFeature_quals>
        <GBQualifier>
          <GBQualifier_name>gene</GBQualifier_name>
          <GBQualifier_value>DHFR</GBQualifier_value>
        </GBQualifier>
        <GBQualifier>
          <GBQualifier_name>site_type</GBQualifier_name>
          <GBQualifier_value>binding</GBQualifier_value>
        </GBQualifier>
        <GBQualifier>
          <GBQualifier_name>experiment</GBQualifier_name>
          <GBQualifier_value>experimental evidence, no additional details recorded</GBQualifier_value>
        </GBQualifier>
        <GBQualifier>
          <GBQualifier_name>note</GBQualifier_name>
          <GBQualifier_value>Substrate. {ECO:0000250|UniProtKB:P00374}.</GBQualifier_value>
        </GBQualifier>
      </GBFeature_quals>
    </GBFeature>
    <GBFeature>
      <GBFeature_key>Site</GBFeature_key>
      <GBFeature_location>77..79</GBFeature_location>
      <GBFeature_intervals>
        <GBInterval>
          <GBInterval_from>77</GBInterval_from>
          <GBInterval_to>79</GBInterval_to>
          <GBInterval_accession>P00376.3</GBInterval_accession>
        </GBInterval>
      </GBFeature_intervals>
      <GBFeature_quals>
        <GBQualifier>
          <GBQualifier_name>gene</GBQualifier_name>
          <GBQualifier_value>DHFR</GBQualifier_value>
        </GBQualifier>
        <GBQualifier>
          <GBQualifier_name>site_type</GBQualifier_name>
          <GBQualifier_value>np-binding</GBQualifier_value>
        </GBQualifier>
        <GBQualifier>
          <GBQualifier_name>experiment</GBQualifier_name>
          <GBQualifier_value>experimental evidence, no additional details recorded</GBQualifier_value>
        </GBQualifier>
        <GBQualifier>
          <GBQualifier_name>note</GBQualifier_name>
          <GBQualifier_value>NADP. {ECO:0000250|UniProtKB:P00374}.</GBQualifier_value>
        </GBQualifier>
      </GBFeature_quals>
    </GBFeature>
    <GBFeature>
      <GBFeature_key>Region</GBFeature_key>
      <GBFeature_location>102</GBFeature_location>
      <GBFeature_intervals>
        <GBInterval>
          <GBInterval_point>102</GBInterval_point>
          <GBInterval_accession>P00376.3</GBInterval_accession>
        </GBInterval>
      </GBFeature_intervals>
      <GBFeature_quals>
        <GBQualifier>
          <GBQualifier_name>gene</GBQualifier_name>
          <GBQualifier_value>DHFR</GBQualifier_value>
        </GBQualifier>
        <GBQualifier>
          <GBQualifier_name>region_name</GBQualifier_name>
          <GBQualifier_value>Conflict</GBQualifier_value>
        </GBQualifier>
        <GBQualifier>
          <GBQualifier_name>experiment</GBQualifier_name>
          <GBQualifier_value>experimental evidence, no additional details recorded</GBQualifier_value>
        </GBQualifier>
        <GBQualifier>
          <GBQualifier_name>note</GBQualifier_name>
          <GBQualifier_value>E -&gt; Q (in Ref. 2; AA sequence). {ECO:0000305}.</GBQualifier_value>
        </GBQualifier>
      </GBFeature_quals>
    </GBFeature>
    <GBFeature>
      <GBFeature_key>Site</GBFeature_key>
      <GBFeature_location>117..124</GBFeature_location>
      <GBFeature_intervals>
        <GBInterval>
          <GBInterval_from>117</GBInterval_from>
          <GBInterval_to>124</GBInterval_to>
          <GBInterval_accession>P00376.3</GBInterval_accession>
        </GBInterval>
      </GBFeature_intervals>
      <GBFeature_quals>
        <GBQualifier>
          <GBQualifier_name>gene</GBQualifier_name>
          <GBQualifier_value>DHFR</GBQualifier_value>
        </GBQualifier>
        <GBQualifier>
          <GBQualifier_name>site_type</GBQualifier_name>
          <GBQualifier_value>np-binding</GBQualifier_value>
        </GBQualifier>
        <GBQualifier>
          <GBQualifier_name>experiment</GBQualifier_name>
          <GBQualifier_value>experimental evidence, no additional details recorded</GBQualifier_value>
        </GBQualifier>
        <GBQualifier>
          <GBQualifier_name>note</GBQualifier_name>
          <GBQualifier_value>NADP. {ECO:0000250|UniProtKB:P00374}.</GBQualifier_value>
        </GBQualifier>
      </GBFeature_quals>
    </GBFeature>
  </GBSeq_feature-table>
  <GBSeq_sequence>mvrplncivavsqnmgigkngdlpwpplrnefqyfqrmttvssvegkqnlvimgrktwfsipeknrplkdrinivlsrelkeppkgahflakslddaleliedpeltnkvdvvwivggssvykeamnkpghvrlfvtrimqefesdaffpeidfekykllpeypgvpldvqeekgikykfevyeknn</GBSeq_sequence>
</GBSeq>

</GBSet>
