<?xml version="1.0" ?>
<!DOCTYPE GBSet PUBLIC "-//NCBI//NCBI GBSeq/EN" "https://www.ncbi.nlm.nih.gov/dtd/NCBI_GBSeq.dtd">
<GBSet>
<GBSeq>
  <GBSeq_locus>DYR_MOUSE</GBSeq_locus>
  <GBSeq_length>187</GBSeq_length>
  <GBSeq_moltype>AA</GBSeq_moltype>
  <GBSeq_topology>linear</GBSeq_topology>
  <GBSeq_division>ROD</GBSeq_division>
  <GBSeq_update-date>22-NOV-2017</GBSeq_update-date>
  <GBSeq_create-date>21-JUL-1986</GBSeq_create-date>
  <GBSeq_definition>RecName: Full=Dihydrofolate reductase</GBSeq_definition>
  <GBSeq_primary-accession>P00375</GBSeq_primary-accession>
  <GBSeq_accession-version>P00375.3</GBSeq_accession-version>
  <GBSeq_other-seqids>
    <GBSeqid>sp|P00375.3|DYR_MOUSE</GBSeqid>
    <GBSeqid>gi|1706542</GBSeqid>
  </GBSeq_other-seqids>
  <GBSeq_keywords>
    <GBKeyword>3D-structure</GBKeyword>
    <GBKeyword>Acetylation</GBKeyword>
    <GBKeyword>Complete proteome</GBKeyword>
    <GBKeyword>Cytoplasm</GBKeyword>
    <GBKeyword>Direct protein sequencing</GBKeyword>
    <GBKeyword>Methotrexate resistance</GBKeyword>
    <GBKeyword>Mitochondrion</GBKeyword>
    <GBKeyword>NADP</GBKeyword>
    <GBKeyword>One-carbon metabolism</GBKeyword>
    <GBKeyword>Oxidoreductase</GBKeyword>
    <GBKeyword>Reference proteome</GBKeyword>
    <GBKeyword>RNA-binding</GBKeyword>
  </GBSeq_keywords>
  <GBSeq_source>Mus musculus (house mouse)</GBSeq_source>
  <GBSeq_organism>Mus musculus</GBSeq_organism>
  <GBSeq_taxonomy>Eukaryota; Metazoa; Chordata; Craniata; Vertebrata; Euteleostomi; Mammalia; Eutheria; Euarchontoglires; Glires; Rodentia; Myomorpha; Muroidea; Muridae; Murinae; Mus; Mus</GBSeq_taxonomy>
  <GBSeq_references>
    <GBReference>
      <GBReference_reference>1</GBReference_reference>
      <GBReference_position>1..187</GBReference_position>
      <GBReference_authors>
        <GBAuthor>Crouse,G.F.</GBAuthor>
        <GBAuthor>Simonsen,C.C.</GBAuthor>
        <GBAuthor>McEwan,R.N.</GBAuthor>
        <GBAuthor>Schimke,R.T.</GBAuthor>
      </GBReference_authors>
      <GBReference_title>Structure of amplified normal and variant dihydrofolate reductase genes in mouse sarcoma S180 cells</GBReference_title>
      <GBReference_journal>J. Biol. Chem. 257 (13), 7887-7897 (1982)</GBReference_journal>
      <GBReference_pubmed>6282858</GBReference_pubmed>
      <GBReference_remark>NUCLEOTIDE SEQUENCE [GENOMIC DNA].</GBReference_remark>
    </GBReference>
    <GBReference>
      <GBReference_reference>2</GBReference_reference>
      <GBReference_position>1..187</GBReference_position>
      <GBReference_authors>
        <GBAuthor>Simonsen,C.C.</GBAuthor>
        <GBAuthor>Levinson,A.D.</GBAuthor>
      </GBReference_authors>
      <GBReference_title>Isolation and expression of an altered mouse dihydrofolate reductase cDNA</GBReference_title>
      <GBReference_journal>Proc. Natl. Acad. Sci. U.S.A. 80 (9), 2495-2499 (1983)</GBReference_journal>
      <GBReference_xref>
        <GBXref>
          <GBXref_dbname>doi</GBXref_dbname>
          <GBXref_id>10.1073/pnas.80.9.2495</GBXref_id>
        </GBXref>
      </GBReference_xref>
      <GBReference_pubmed>6573667</GBReference_pubmed>
      <GBReference_remark>NUCLEOTIDE SEQUENCE [MRNA].</GBReference_remark>
    </GBReference>
    <GBReference>
      <GBReference_reference>3</GBReference_reference>
      <GBReference_position>1..187</GBReference_position>
      <GBReference_authors>
        <GBAuthor>McIvor,R.S.</GBAuthor>
        <GBAuthor>Simonsen,C.C.</GBAuthor>
      </GBReference_authors>
      <GBReference_title>Isolation and characterization of a variant dihydrofolate reductase cDNA from methotrexate-resistant murine L5178Y cells</GBReference_title>
      <GBReference_journal>Nucleic Acids Res. 18 (23), 7025-7032 (1990)</GBReference_journal>
      <GBReference_xref>
        <GBXref>
          <GBXref_dbname>doi</GBXref_dbname>
          <GBXref_id>10.1093/nar/18.23.7025</GBXref_id>
        </GBXref>
      </GBReference_xref>
      <GBReference_pubmed>2263462</GBReference_pubmed>
      <GBReference_remark>NUCLEOTIDE SEQUENCE [MRNA].</GBReference_remark>
    </GBReference>
    <GBReference>
      <GBReference_reference>4</GBReference_reference>
      <GBReference_position>1..187</GBReference_position>
      <GBReference_authors>
        <GBAuthor>Gerhard,D.S.</GBAuthor>
        <GBAuthor>Wagner,L.</GBAuthor>
        <GBAuthor>Feingold,E.A.</GBAuthor>
        <GBAuthor>Shenmen,C.M.</GBAuthor>
        <GBAuthor>Grouse,L.H.</GBAuthor>
        <GBAuthor>Schuler,G.</GBAuthor>
        <GBAuthor>Klein,S.L.</GBAuthor>
        <GBAuthor>Old,S.</GBAuthor>
        <GBAuthor>Rasooly,R.</GBAuthor>
        <GBAuthor>Good,P.</GBAuthor>
        <GBAuthor>Guyer,M.</GBAuthor>
        <GBAuthor>Peck,A.M.</GBAuthor>
        <GBAuthor>Derge,J.G.</GBAuthor>
        <GBAuthor>Lipman,D.</GBAuthor>
        <GBAuthor>Collins,F.S.</GBAuthor>
        <GBAuthor>Jang,W.</GBAuthor>
        <GBAuthor>Sherry,S.</GBAuthor>
        <GBAuthor>Feolo,M.</GBAuthor>
        <GBAuthor>Misquitta,L.</GBAuthor>
        <GBAuthor>Lee,E.</GBAuthor>
        <GBAuthor>Rotmistrovsky,K.</GBAuthor>
        <GBAuthor>Greenhut,S.F.</GBAuthor>
        <GBAuthor>Schaefer,C.F.</GBAuthor>
        <GBAuthor>Buetow,K.</GBAuthor>
        <GBAuthor>Bonner,T.I.</GBAuthor>
        <GBAuthor>Haussler,D.</GBAuthor>
        <GBAuthor>Kent,J.</GBAuthor>
        <GBAuthor>Kiekhaus,M.</GBAuthor>
        <GBAuthor>Furey,T.</GBAuthor>
        <GBAuthor>Brent,M.</GBAuthor>
        <GBAuthor>Prange,C.</GBAuthor>
        <GBAuthor>Schreiber,K.</GBAuthor>
        <GBAuthor>Shapiro,N.</GBAuthor>
        <GBAuthor>Bhat,N.K.</GBAuthor>
        <GBAuthor>Hopkins,R.F.</GBAuthor>
        <GBAuthor>Hsie,F.</GBAuthor>
        <GBAuthor>Driscoll,T.</GBAuthor>
        <GBAuthor>Soares,M.B.</GBAuthor>
        <GBAuthor>Casavant,T.L.</GBAuthor>
        <GBAuthor>Scheetz,T.E.</GBAuthor>
        <GBAuthor>Brown-stein,M.J.</GBAuthor>
        <GBAuthor>Usdin,T.B.</GBAuthor>
        <GBAuthor>Toshiyuki,S.</GBAuthor>
        <GBAuthor>Carninci,P.</GBAuthor>
        <GBAuthor>Piao,Y.</GBAuthor>
        <GBAuthor>Dudekula,D.B.</GBAuthor>
        <GBAuthor>Ko,M.S.</GBAuthor>
        <GBAuthor>Kawakami,K.</GBAuthor>
        <GBAuthor>Suzuki,Y.</GBAuthor>
        <GBAuthor>Sugano,S.</GBAuthor>
        <GBAuthor>Gruber,C.E.</GBAuthor>
        <GBAuthor>Smith,M.R.</GBAuthor>
        <GBAuthor>Simmons,B.</GBAuthor>
        <GBAuthor>Moore,T.</GBAuthor>
        <GBAuthor>Waterman,R.</GBAuthor>
        <GBAuthor>Johnson,S.L.</GBAuthor>
        <GBAuthor>Ruan,Y.</GBAuthor>
        <GBAuthor>Wei,C.L.</GBAuthor>
        <GBAuthor>Mathavan,S.</GBAuthor>
        <GBAuthor>Gunaratne,P.H.</GBAuthor>
        <GBAuthor>Wu,J.</GBAuthor>
        <GBAuthor>Garcia,A.M.</GBAuthor>
        <GBAuthor>Hulyk,S.W.</GBAuthor>
        <GBAuthor>Fuh,E.</GBAuthor>
        <GBAuthor>Yuan,Y.</GBAuthor>
        <GBAuthor>Sneed,A.</GBAuthor>
        <GBAuthor>Kowis,C.</GBAuthor>
        <GBAuthor>Hodgson,A.</GBAuthor>
        <GBAuthor>Muzny,D.M.</GBAuthor>
        <GBAuthor>McPherson,J.</GBAuthor>
        <GBAuthor>Gibbs,R.A.</GBAuthor>
        <GBAuthor>Fahey,J.</GBAuthor>
        <GBAuthor>Helton,E.</GBAuthor>
        <GBAuthor>Ketteman,M.</GBAuthor>
        <GBAuthor>Madan,A.</GBAuthor>
        <GBAuthor>Rodrigues,S.</GBAuthor>
        <GBAuthor>Sanchez,A.</GBAuthor>
        <GBAuthor>Whiting,M.</GBAuthor>
        <GBAuthor>Madari,A.</GBAuthor>
        <GBAuthor>Young,A.C.</GBAuthor>
        <GBAuthor>Wetherby,K.D.</GBAuthor>
        <GBAuthor>Granite,S.J.</GBAuthor>
        <GBAuthor>Kwong,P.N.</GBAuthor>
        <GBAuthor>Brinkley,C.P.</GBAuthor>
        <GBAuthor>Pearson,R.L.</GBAuthor>
        <GBAuthor>Bouffard,G.G.</GBAuthor>
        <GBAuthor>Blakesly,R.W.</GBAuthor>
        <GBAuthor>Green,E.D.</GBAuthor>
        <GBAuthor>Dickson,M.C.</GBAuthor>
        <GBAuthor>Rodriguez,A.C.</GBAuthor>
        <GBAuthor>Grimwood,J.</GBAuthor>
        <GBAuthor>Schmutz,J.</GBAuthor>
        <GBAuthor>Myers,R.M.</GBAuthor>
        <GBAuthor>Butterfield,Y.S.</GBAuthor>
        <GBAuthor>Griffith,M.</GBAuthor>
        <GBAuthor>Griffith,O.L.</GBAuthor>
        <GBAuthor>Krzywinski,M.I.</GBAuthor>
        <GBAuthor>Liao,N.</GBAuthor>
        <GBAuthor>Morin,R.</GBAuthor>
        <GBAuthor>Palmquist,D.</GBAuthor>
        <GBAuthor>Petrescu,A.S.</GBAuthor>
        <GBAuthor>Skalska,U.</GBAuthor>
        <GBAuthor>Smailus,D.E.</GBAuthor>
        <GBAuthor>Stott,J.M.</GBAuthor>
        <GBAuthor>Schnerch,A.</GBAuthor>
        <GBAuthor>Schein,J.E.</GBAuthor>
        <GBAuthor>Jones,S.J.</GBAuthor>
        <GBAuthor>Holt,R.A.</GBAuthor>
        <GBAuthor>Baross,A.</GBAuthor>
        <GBAuthor>Marra,M.A.</GBAuthor>
        <GBAuthor>Clifton,S.</GBAuthor>
        <GBAuthor>Makowski,K.A.</GBAuthor>
        <GBAuthor>Bosak,S.</GBAuthor>
        <GBAuthor>Malek,J.</GBAuthor>
      </GBReference_authors>
      <GBReference_consortium>MGC Project Team</GBReference_consortium>
      <GBReference_title>The status, quality, and expansion of the NIH full-length cDNA project: the Mammalian Gene Collection (MGC)</GBReference_title>
      <GBReference_journal>Genome Res. 14 (10B), 2121-2127 (2004)</GBReference_journal>
      <GBReference_xref>
        <GBXref>
          <GBXref_dbname>doi</GBXref_dbname>
          <GBXref_id>10.1101/gr.2596504</GBXref_id>
        </GBXref>
      </GBReference_xref>
      <GBReference_pubmed>15489334</GBReference_pubmed>
      <GBReference_remark>NUCLEOTIDE SEQUENCE [LARGE SCALE MRNA].;~STRAIN=FVB/N; TISSUE=Mammary gland; Erratum:[Genome Res. 2006 Jun;16(6):804. Morrin, Ryan [corrected to Morin, Ryan]]</GBReference_remark>
    </GBReference>
    <GBReference>
      <GBReference_reference>5</GBReference_reference>
      <GBReference_position>1..187</GBReference_position>
      <GBReference_authors>
        <GBAuthor>Stone,D.</GBAuthor>
        <GBAuthor>Paterson,S.J.</GBAuthor>
        <GBAuthor>Raper,J.H.</GBAuthor>
        <GBAuthor>Phillips,A.W.</GBAuthor>
      </GBReference_authors>
      <GBReference_title>The amino acid sequence of dihydrofolate reductase from the mouse lymphoma L1210</GBReference_title>
      <GBReference_journal>J. Biol. Chem. 254 (2), 480-488 (1979)</GBReference_journal>
      <GBReference_pubmed>762074</GBReference_pubmed>
      <GBReference_remark>PROTEIN SEQUENCE OF 2-187.;~TISSUE=Lymphoma</GBReference_remark>
    </GBReference>
    <GBReference>
      <GBReference_reference>6</GBReference_reference>
      <GBReference_position>1..187</GBReference_position>
      <GBReference_authors>
        <GBAuthor>McGrogan,M.</GBAuthor>
        <GBAuthor>Simonsen,C.C.</GBAuthor>
        <GBAuthor>Smouse,D.T.</GBAuthor>
        <GBAuthor>Farnham,P.J.</GBAuthor>
        <GBAuthor>Schimke,R.T.</GBAuthor>
      </GBReference_authors>
      <GBReference_title>Heterogeneity at the 5&apos; termini of mouse dihydrofolate reductase mRNAs. Evidence for multiple promoter regions</GBReference_title>
      <GBReference_journal>J. Biol. Chem. 260 (4), 2307-2314 (1985)</GBReference_journal>
      <GBReference_pubmed>2982814</GBReference_pubmed>
      <GBReference_remark>NUCLEOTIDE SEQUENCE [GENOMIC DNA] OF 1-28.</GBReference_remark>
    </GBReference>
    <GBReference>
      <GBReference_reference>7</GBReference_reference>
      <GBReference_position>1..187</GBReference_position>
      <GBReference_authors>
        <GBAuthor>Nunberg,J.H.</GBAuthor>
        <GBAuthor>Kaufman,R.J.</GBAuthor>
        <GBAuthor>Chang,A.C.</GBAuthor>
        <GBAuthor>Cohen,S.N.</GBAuthor>
        <GBAuthor>Schimke,R.T.</GBAuthor>
      </GBReference_authors>
      <GBReference_title>Structure and genomic organization of the mouse dihydrofolate reductase gene</GBReference_title>
      <GBReference_journal>Cell 19 (2), 355-364 (1980)</GBReference_journal>
      <GBReference_xref>
        <GBXref>
          <GBXref_dbname>doi</GBXref_dbname>
          <GBXref_id>10.1016/0092-8674(80)90510-3</GBXref_id>
        </GBXref>
      </GBReference_xref>
      <GBReference_pubmed>6244105</GBReference_pubmed>
      <GBReference_remark>NUCLEOTIDE SEQUENCE [GENOMIC DNA / MRNA] OF 1-24; 50-127 AND 154-187.</GBReference_remark>
    </GBReference>
    <GBReference>
      <GBReference_reference>8</GBReference_reference>
      <GBReference_position>1..187</GBReference_position>
      <GBReference_authors>
        <GBAuthor>Chang,A.C.</GBAuthor>
        <GBAuthor>Nunberg,J.H.</GBAuthor>
        <GBAuthor>Kaufman,R.J.</GBAuthor>
        <GBAuthor>Erlich,H.A.</GBAuthor>
        <GBAuthor>Schimke,R.T.</GBAuthor>
        <GBAuthor>Cohen,S.N.</GBAuthor>
      </GBReference_authors>
      <GBReference_title>Phenotypic expression in E. coli of a DNA sequence coding for mouse dihydrofolate reductase</GBReference_title>
      <GBReference_journal>Nature 275 (5681), 617-624 (1978)</GBReference_journal>
      <GBReference_xref>
        <GBXref>
          <GBXref_dbname>doi</GBXref_dbname>
          <GBXref_id>10.1038/275617a0</GBXref_id>
        </GBXref>
      </GBReference_xref>
      <GBReference_pubmed>360074</GBReference_pubmed>
      <GBReference_remark>NUCLEOTIDE SEQUENCE [MRNA] OF 1-24 AND 50-127.</GBReference_remark>
    </GBReference>
    <GBReference>
      <GBReference_reference>9</GBReference_reference>
      <GBReference_position>1..187</GBReference_position>
      <GBReference_authors>
        <GBAuthor>Setzer,D.R.</GBAuthor>
        <GBAuthor>McGrogan,M.</GBAuthor>
        <GBAuthor>Schimke,R.T.</GBAuthor>
      </GBReference_authors>
      <GBReference_title>Nucleotide sequence surrounding multiple polyadenylation sites in the mouse dihydrofolate reductase gene</GBReference_title>
      <GBReference_journal>J. Biol. Chem. 257 (9), 5143-5147 (1982)</GBReference_journal>
      <GBReference_pubmed>6121807</GBReference_pubmed>
      <GBReference_remark>NUCLEOTIDE SEQUENCE [GENOMIC DNA] OF 163-187.</GBReference_remark>
    </GBReference>
    <GBReference>
      <GBReference_reference>10</GBReference_reference>
      <GBReference_position>1..187</GBReference_position>
      <GBReference_authors>
        <GBAuthor>Huttlin,E.L.</GBAuthor>
        <GBAuthor>Jedrychowski,M.P.</GBAuthor>
        <GBAuthor>Elias,J.E.</GBAuthor>
        <GBAuthor>Goswami,T.</GBAuthor>
        <GBAuthor>Rad,R.</GBAuthor>
        <GBAuthor>Beausoleil,S.A.</GBAuthor>
        <GBAuthor>Villen,J.</GBAuthor>
        <GBAuthor>Haas,W.</GBAuthor>
        <GBAuthor>Sowa,M.E.</GBAuthor>
        <GBAuthor>Gygi,S.P.</GBAuthor>
      </GBReference_authors>
      <GBReference_title>A tissue-specific atlas of mouse protein phosphorylation and expression</GBReference_title>
      <GBReference_journal>Cell 143 (7), 1174-1189 (2010)</GBReference_journal>
      <GBReference_xref>
        <GBXref>
          <GBXref_dbname>doi</GBXref_dbname>
          <GBXref_id>10.1016/j.cell.2010.12.001</GBXref_id>
        </GBXref>
      </GBReference_xref>
      <GBReference_pubmed>21183079</GBReference_pubmed>
      <GBReference_remark>IDENTIFICATION BY MASS SPECTROMETRY [LARGE SCALE ANALYSIS].;~TISSUE=Brain, Heart, Kidney, Liver, Lung, Pancreas, Spleen, and Testis</GBReference_remark>
    </GBReference>
    <GBReference>
      <GBReference_reference>11</GBReference_reference>
      <GBReference_position>1..187</GBReference_position>
      <GBReference_authors>
        <GBAuthor>Park,J.</GBAuthor>
        <GBAuthor>Chen,Y.</GBAuthor>
        <GBAuthor>Tishkoff,D.X.</GBAuthor>
        <GBAuthor>Peng,C.</GBAuthor>
        <GBAuthor>Tan,M.</GBAuthor>
        <GBAuthor>Dai,L.</GBAuthor>
        <GBAuthor>Xie,Z.</GBAuthor>
        <GBAuthor>Zhang,Y.</GBAuthor>
        <GBAuthor>Zwaans,B.M.</GBAuthor>
        <GBAuthor>Skinner,M.E.</GBAuthor>
        <GBAuthor>Lombard,D.B.</GBAuthor>
        <GBAuthor>Zhao,Y.</GBAuthor>
      </GBReference_authors>
      <GBReference_title>SIRT5-mediated lysine desuccinylation impacts diverse metabolic pathways</GBReference_title>
      <GBReference_journal>Mol. Cell 50 (6), 919-930 (2013)</GBReference_journal>
      <GBReference_xref>
        <GBXref>
          <GBXref_dbname>doi</GBXref_dbname>
          <GBXref_id>10.1016/j.molcel.2013.06.001</GBXref_id>
        </GBXref>
      </GBReference_xref>
      <GBReference_pubmed>23806337</GBReference_pubmed>
      <GBReference_remark>ACETYLATION [LARGE SCALE ANALYSIS] AT LYS-33, SUCCINYLATION [LARGE SCALE ANALYSIS] AT LYS-33, AND IDENTIFICATION BY MASS SPECTROMETRY [LARGE SCALE ANALYSIS].;~TISSUE=Embryonic fibroblast, and Liver</GBReference_remark>
    </GBReference>
    <GBReference>
      <GBReference_reference>12</GBReference_reference>
      <GBReference_position>1..187</GBReference_position>
      <GBReference_authors>
        <GBAuthor>Hughes,L.</GBAuthor>
        <GBAuthor>Carton,R.</GBAuthor>
        <GBAuthor>Minguzzi,S.</GBAuthor>
        <GBAuthor>McEntee,G.</GBAuthor>
        <GBAuthor>Deinum,E.E.</GBAuthor>
        <GBAuthor>O&apos;Connell,M.J.</GBAuthor>
        <GBAuthor>Parle-McDermott,A.</GBAuthor>
      </GBReference_authors>
      <GBReference_title>An active second dihydrofolate reductase enzyme is not a feature of rat and mouse, but they do have activity in their mitochondria</GBReference_title>
      <GBReference_journal>FEBS Lett. 589 (15), 1855-1862 (2015)</GBReference_journal>
      <GBReference_xref>
        <GBXref>
          <GBXref_dbname>doi</GBXref_dbname>
          <GBXref_id>10.1016/j.febslet.2015.05.017</GBXref_id>
        </GBXref>
      </GBReference_xref>
      <GBReference_pubmed>25980602</GBReference_pubmed>
      <GBReference_remark>SUBCELLULAR LOCATION, CATALYTIC ACTIVITY, AND FUNCTION.</GBReference_remark>
    </GBReference>
    <GBReference>
      <GBReference_reference>13</GBReference_reference>
      <GBReference_position>1..187</GBReference_position>
      <GBReference_authors>
        <GBAuthor>Cody,V.</GBAuthor>
        <GBAuthor>Luft,J.R.</GBAuthor>
        <GBAuthor>Pangborn,W.</GBAuthor>
      </GBReference_authors>
      <GBReference_title>Understanding the role of Leu22 variants in methotrexate resistance: comparison of wild-type and Leu22Arg variant mouse and human dihydrofolate reductase ternary crystal complexes with methotrexate and NADPH</GBReference_title>
      <GBReference_journal>Acta Crystallogr. D Biol. Crystallogr. 61 (PT 2), 147-155 (2005)</GBReference_journal>
      <GBReference_xref>
        <GBXref>
          <GBXref_dbname>doi</GBXref_dbname>
          <GBXref_id>10.1107/S0907444904030422</GBXref_id>
        </GBXref>
      </GBReference_xref>
      <GBReference_pubmed>15681865</GBReference_pubmed>
      <GBReference_remark>X-RAY CRYSTALLOGRAPHY (2.50 ANGSTROMS) OF 2-187 IN COMPLEX WITH NADP AND METHOTREXATE, AND CHARACTERIZATION OF METHOTREXATE-RESISTANT VARIANT ARG-23.</GBReference_remark>
    </GBReference>
    <GBReference>
      <GBReference_reference>14</GBReference_reference>
      <GBReference_position>1..187</GBReference_position>
      <GBReference_authors>
        <GBAuthor>Cody,V.</GBAuthor>
        <GBAuthor>Pace,J.</GBAuthor>
        <GBAuthor>Chisum,K.</GBAuthor>
        <GBAuthor>Rosowsky,A.</GBAuthor>
      </GBReference_authors>
      <GBReference_title>New insights into DHFR interactions: analysis of Pneumocystis carinii and mouse DHFR complexes with NADPH and two highly potent 5-(omega-carboxy(alkyloxy) trimethoprim derivatives reveals conformational correlations with activity and novel parallel ring stacking interactions</GBReference_title>
      <GBReference_journal>Proteins 65 (4), 959-969 (2006)</GBReference_journal>
      <GBReference_xref>
        <GBXref>
          <GBXref_dbname>doi</GBXref_dbname>
          <GBXref_id>10.1002/prot.21131</GBXref_id>
        </GBXref>
      </GBReference_xref>
      <GBReference_pubmed>17019704</GBReference_pubmed>
      <GBReference_remark>X-RAY CRYSTALLOGRAPHY (2.00 ANGSTROMS) OF 2-187 IN COMPLEX WITH NADP AND SYNTHETIC INHIBITOR.</GBReference_remark>
    </GBReference>
    <GBReference>
      <GBReference_reference>15</GBReference_reference>
      <GBReference_position>1..187</GBReference_position>
      <GBReference_authors>
        <GBAuthor>Cody,V.</GBAuthor>
        <GBAuthor>Pace,J.</GBAuthor>
        <GBAuthor>Rosowsky,A.</GBAuthor>
      </GBReference_authors>
      <GBReference_title>Structural analysis of a holoenzyme complex of mouse dihydrofolate reductase with NADPH and a ternary complex with the potent and selective inhibitor 2,4-diamino-6-(2&apos;-hydroxydibenz[b,f]azepin-5-yl)methylpteridine</GBReference_title>
      <GBReference_journal>Acta Crystallogr. D Biol. Crystallogr. 64 (PT 9), 977-984 (2008)</GBReference_journal>
      <GBReference_xref>
        <GBXref>
          <GBXref_dbname>doi</GBXref_dbname>
          <GBXref_id>10.1107/S0907444908022348</GBXref_id>
        </GBXref>
      </GBReference_xref>
      <GBReference_pubmed>18703847</GBReference_pubmed>
      <GBReference_remark>X-RAY CRYSTALLOGRAPHY (1.40 ANGSTROMS) IN COMPLEXES WITH NADP AND SYNTHETIC INHIBITOR.</GBReference_remark>
    </GBReference>
    <GBReference>
      <GBReference_reference>16</GBReference_reference>
      <GBReference_position>1..187</GBReference_position>
      <GBReference_authors>
        <GBAuthor>Gangjee,A.</GBAuthor>
        <GBAuthor>Li,W.</GBAuthor>
        <GBAuthor>Lin,L.</GBAuthor>
        <GBAuthor>Zeng,Y.</GBAuthor>
        <GBAuthor>Ihnat,M.</GBAuthor>
        <GBAuthor>Warnke,L.A.</GBAuthor>
        <GBAuthor>Green,D.W.</GBAuthor>
        <GBAuthor>Cody,V.</GBAuthor>
        <GBAuthor>Pace,J.</GBAuthor>
        <GBAuthor>Queener,S.F.</GBAuthor>
      </GBReference_authors>
      <GBReference_title>Design, synthesis, and X-ray crystal structures of 2,4-diaminofuro[2,3-d]pyrimidines as multireceptor tyrosine kinase and dihydrofolate reductase inhibitors</GBReference_title>
      <GBReference_journal>Bioorg. Med. Chem. 17 (20), 7324-7336 (2009)</GBReference_journal>
      <GBReference_xref>
        <GBXref>
          <GBXref_dbname>doi</GBXref_dbname>
          <GBXref_id>10.1016/j.bmc.2009.08.044</GBXref_id>
        </GBXref>
      </GBReference_xref>
      <GBReference_pubmed>19748785</GBReference_pubmed>
      <GBReference_remark>X-RAY CRYSTALLOGRAPHY (1.60 ANGSTROMS) OF 2-187 IN COMPLEXES WITH NADP AND SYNTHETIC INHIBITOR, AND CATALYTIC ACTIVITY.</GBReference_remark>
    </GBReference>
  </GBSeq_references>
  <GBSeq_comment>On or before Mar 15, 2005 this sequence version replaced gi:2144346, gi:118995.; [FUNCTION] Key enzyme in folate metabolism. Contributes to the de novo mitochondrial thymidylate biosynthesis pathway (PubMed:25980602). Catalyzes an essential reaction for de novo glycine and purine synthesis, and for DNA precursor synthesis (PubMed:25980602). Binds its own mRNA. {ECO:0000250|UniProtKB:P00374, ECO:0000269|PubMed:25980602}.; [CATALYTIC ACTIVITY] 5,6,7,8-tetrahydrofolate + NADP(+) = 7,8-dihydrofolate + NADPH. {ECO:0000255|PROSITE-ProRule:PRU00660, ECO:0000269|PubMed:19748785, ECO:0000269|PubMed:25980602}.; [PATHWAY] Cofactor biosynthesis; tetrahydrofolate biosynthesis; 5,6,7,8-tetrahydrofolate from 7,8-dihydrofolate: step 1/1.; [SUBUNIT] Homodimer. {ECO:0000250|UniProtKB:P00374}.; [SUBCELLULAR LOCATION] Mitochondrion {ECO:0000269|PubMed:25980602}. Cytoplasm {ECO:0000269|PubMed:25980602}.; [SIMILARITY] Belongs to the dihydrofolate reductase family. {ECO:0000305}.</GBSeq_comment>
  <GBSeq_source-db>UniProtKB: locus DYR_MOUSE, accession P00375; class: standard. extra accessions:P70693,Q61485,Q61487,Q61579 created: Jul 21, 1986. sequence updated: Jan 23, 2007. annotation updated: Nov 22, 2017. xrefs: V00734.1, CAA24112.1, X56066.1, CAA39544.1, BC005796.1, AAH05796.1, M10071.1, AAA37637.1, L26316.1, AAA37523.1, J00387.1, AAA37638.1, J00382.1, J00383.1, J00384.1, J00385.1, J00386.1, V00731.1, CAB43539.2, M10722.1, AAA37524.1, M10811.1, AAA37525.1, V00733.1, CAA24111.1, RDMSD, NP_034179.1, 1U70_A, 2FZJ_A, 3D80_A, 3D84_X, 3K45_A, 3K47_A xrefs (non-sequence databases): CCDS:CCDS26680.1, UniGene:Mm.23695, PDBsum:1U70, PDBsum:2FZJ, PDBsum:3D80, PDBsum:3D84, PDBsum:3K45, PDBsum:3K47, ProteinModelPortal:P00375, SMR:P00375, IntAct:P00375, MINT:MINT-4093753, STRING:10090.ENSMUSP00000022218, BindingDB:P00375, ChEMBL:CHEMBL4564, iPTMnet:P00375, PhosphoSitePlus:P00375, EPD:P00375, PaxDb:P00375, PeptideAtlas:P00375, PRIDE:P00375, Ensembl:ENSMUST00000022218, Ensembl:ENSMUSP00000022218, Ensembl:ENSMUSG00000021707, GeneID:13361, KEGG:mmu:13361, UCSC:uc007rkl.1, CTD:1719, MGI:MGI:94890, eggNOG:KOG1324, eggNOG:COG0262, GeneTree:ENSGT00390000010283, HOGENOM:HOG000040235, HOVERGEN:HBG000773, InParanoid:P00375, KO:K00287, OMA:RDNQLPW, OrthoDB:EOG091G0PRK, PhylomeDB:P00375, TreeFam:TF317636, BRENDA:1.5.1.3, Reactome:R-MMU-196757, SABIO-RK:P00375, UniPathway:UPA00077, ChiTaRS:Dhfr, EvolutionaryTrace:P00375, PRO:PR:P00375, Proteomes:UP000000589, Bgee:ENSMUSG00000021707, CleanEx:MM_DHFR, ExpressionAtlas:P00375, Genevisible:P00375, GO:0005737, GO:0005829, GO:0005739, GO:0004146, GO:0051871, GO:0008144, GO:0005542, GO:0051870, GO:0003729, GO:0070402, GO:1990825, GO:0000900, GO:0031103, GO:0046452, GO:0046655, GO:0006545, GO:0017148, GO:0009165, GO:0006730, GO:0055114, GO:0051000, GO:0050999, GO:2000121, GO:0031427, GO:0035094, GO:0006729, GO:0046654, GO:0046653, CDD:cd00209, Gene3D:3.40.430.10, InterPro:IPR012259, InterPro:IPR024072, InterPro:IPR017925, InterPro:IPR001796, Pfam:PF00186, PRINTS:PR00070, SUPFAM:SSF53597, PROSITE:PS00075, PROSITE:PS51330</GBSeq_source-db>
  <GBSeq_feature-table>
    <GBFeature>
      <GBFeature_key>source</GBFeature_key>
      <GBFeature_location>1..187</GBFeature_location>
      <GBFeature_intervals>
        <GBInterval>
          <GBInterval_from>1</GBInterval_from>
          <GBInterval_to>187</GBInterval_to>
          <GBInterval_accession>P00375.3</GBInterval_accession>
        </GBInterval>
      </GBFeature_intervals>
      <GBFeature_quals>
        <GBQualifier>
          <GBQualifier_name>organism</GBQualifier_name>
          <GBQualifier_value>Mus musculus</GBQualifier_value>
        </GBQualifier>
        <GBQualifier>
          <GBQualifier_name>db_xref</GBQualifier_name>
          <GBQualifier_value>taxon:10090</GBQualifier_value>
        </GBQualifier>
      </GBFeature_quals>
    </GBFeature>
    <GBFeature>
      <GBFeature_key>gene</GBFeature_key>
      <GBFeature_location>1..187</GBFeature_location>
      <GBFeature_intervals>
        <GBInterval>
          <GBInterval_from>1</GBInterval_from>
          <GBInterval_to>187</GBInterval_to>
          <GBInterval_accession>P00375.3</GBInterval_accession>
        </GBInterval>
      </GBFeature_intervals>
      <GBFeature_quals>
        <GBQualifier>
          <GBQualifier_name>gene</GBQualifier_name>
          <GBQualifier_value>Dhfr</GBQualifier_value>
        </GBQualifier>
      </GBFeature_quals>
    </GBFeature>
    <GBFeature>
      <GBFeature_key>Protein</GBFeature_key>
      <GBFeature_location>1..187</GBFeature_location>
      <GBFeature_intervals>
        <GBInterval>
          <GBInterval_from>1</GBInterval_from>
          <GBInterval_to>187</GBInterval_to>
          <GBInterval_accession>P00375.3</GBInterval_accession>
        </GBInterval>
      </GBFeature_intervals>
      <GBFeature_quals>
        <GBQualifier>
          <GBQualifier_name>gene</GBQualifier_name>
          <GBQualifier_value>Dhfr</GBQualifier_value>
        </GBQualifier>
        <GBQualifier>
          <GBQualifier_name>product</GBQualifier_name>
          <GBQualifier_value>Dihydrofolate reductase</GBQualifier_value>
        </GBQualifier>
        <GBQualifier>
          <GBQualifier_name>EC_number</GBQualifier_name>
          <GBQualifier_value>1.5.1.3</GBQualifier_value>
        </GBQualifier>
        <GBQualifier>
          <GBQualifier_name>UniProtKB_evidence</GBQualifier_name>
          <GBQualifier_value>Evidence at protein level</GBQualifier_value>
        </GBQualifier>
        <GBQualifier>
          <GBQualifier_name>calculated_mol_wt</GBQualifier_name>
          <GBQualifier_value>21475</GBQualifier_value>
        </GBQualifier>
      </GBFeature_quals>
    </GBFeature>
    <GBFeature>
      <GBFeature_key>Region</GBFeature_key>
      <GBFeature_location>2..187</GBFeature_location>
      <GBFeature_intervals>
        <GBInterval>
          <GBInterval_from>2</GBInterval_from>
          <GBInterval_to>187</GBInterval_to>
          <GBInterval_accession>P00375.3</GBInterval_accession>
        </GBInterval>
      </GBFeature_intervals>
      <GBFeature_quals>
        <GBQualifier>
          <GBQualifier_name>gene</GBQualifier_name>
          <GBQualifier_value>Dhfr</GBQualifier_value>
        </GBQualifier>
        <GBQualifier>
          <GBQualifier_name>region_name</GBQualifier_name>
          <GBQualifier_value>Mature chain</GBQualifier_value>
        </GBQualifier>
        <GBQualifier>
          <GBQualifier_name>experiment</GBQualifier_name>
          <GBQualifier_value>experimental evidence, no additional details recorded</GBQualifier_value>
        </GBQualifier>
        <GBQualifier>
          <GBQualifier_name>note</GBQualifier_name>
          <GBQualifier_value>Dihydrofolate reductase. /FTId=PRO_0000186364.</GBQualifier_value>
        </GBQualifier>
      </GBFeature_quals>
    </GBFeature>
    <GBFeature>
      <GBFeature_key>Region</GBFeature_key>
      <GBFeature_location>4..185</GBFeature_location>
      <GBFeature_intervals>
        <GBInterval>
          <GBInterval_from>4</GBInterval_from>
          <GBInterval_to>185</GBInterval_to>
          <GBInterval_accession>P00375.3</GBInterval_accession>
        </GBInterval>
      </GBFeature_intervals>
      <GBFeature_quals>
        <GBQualifier>
          <GBQualifier_name>gene</GBQualifier_name>
          <GBQualifier_value>Dhfr</GBQualifier_value>
        </GBQualifier>
        <GBQualifier>
          <GBQualifier_name>region_name</GBQualifier_name>
          <GBQualifier_value>Domain</GBQualifier_value>
        </GBQualifier>
        <GBQualifier>
          <GBQualifier_name>experiment</GBQualifier_name>
          <GBQualifier_value>experimental evidence, no additional details recorded</GBQualifier_value>
        </GBQualifier>
        <GBQualifier>
          <GBQualifier_name>note</GBQualifier_name>
          <GBQualifier_value>DHFR. {ECO:0000255|PROSITE-ProRule:PRU00660}.</GBQualifier_value>
        </GBQualifier>
      </GBFeature_quals>
    </GBFeature>
    <GBFeature>
      <GBFeature_key>Region</GBFeature_key>
      <GBFeature_location>4..11</GBFeature_location>
      <GBFeature_intervals>
        <GBInterval>
          <GBInterval_from>4</GBInterval_from>
          <GBInterval_to>11</GBInterval_to>
          <GBInterval_accession>P00375.3</GBInterval_accession>
        </GBInterval>
      </GBFeature_intervals>
      <GBFeature_quals>
        <GBQualifier>
          <GBQualifier_name>gene</GBQualifier_name>
          <GBQualifier_value>Dhfr</GBQualifier_value>
        </GBQualifier>
        <GBQualifier>
          <GBQualifier_name>region_name</GBQualifier_name>
          <GBQualifier_value>Beta-strand region</GBQualifier_value>
        </GBQualifier>
        <GBQualifier>
          <GBQualifier_name>experiment</GBQualifier_name>
          <GBQualifier_value>experimental evidence, no additional details recorded</GBQualifier_value>
        </GBQualifier>
        <GBQualifier>
          <GBQualifier_name>note</GBQualifier_name>
          <GBQualifier_value>{ECO:0000244|PDB:3D80}.</GBQualifier_value>
        </GBQualifier>
      </GBFeature_quals>
    </GBFeature>
    <GBFeature>
      <GBFeature_key>Region</GBFeature_key>
      <GBFeature_location>4</GBFeature_location>
      <GBFeature_intervals>
        <GBInterval>
          <GBInterval_point>4</GBInterval_point>
          <GBInterval_accession>P00375.3</GBInterval_accession>
        </GBInterval>
      </GBFeature_intervals>
      <GBFeature_quals>
        <GBQualifier>
          <GBQualifier_name>gene</GBQualifier_name>
          <GBQualifier_value>Dhfr</GBQualifier_value>
        </GBQualifier>
        <GBQualifier>
          <GBQualifier_name>region_name</GBQualifier_name>
          <GBQualifier_value>Conflict</GBQualifier_value>
        </GBQualifier>
        <GBQualifier>
          <GBQualifier_name>experiment</GBQualifier_name>
          <GBQualifier_value>experimental evidence, no additional details recorded</GBQualifier_value>
        </GBQualifier>
        <GBQualifier>
          <GBQualifier_name>note</GBQualifier_name>
          <GBQualifier_value>P -&gt; A (in Ref. 6; AAA37637). {ECO:0000305}.</GBQualifier_value>
        </GBQualifier>
      </GBFeature_quals>
    </GBFeature>
    <GBFeature>
      <GBFeature_key>Region</GBFeature_key>
      <GBFeature_location>5..184</GBFeature_location>
      <GBFeature_intervals>
        <GBInterval>
          <GBInterval_from>5</GBInterval_from>
          <GBInterval_to>184</GBInterval_to>
          <GBInterval_accession>P00375.3</GBInterval_accession>
        </GBInterval>
      </GBFeature_intervals>
      <GBFeature_quals>
        <GBQualifier>
          <GBQualifier_name>gene</GBQualifier_name>
          <GBQualifier_value>Dhfr</GBQualifier_value>
        </GBQualifier>
        <GBQualifier>
          <GBQualifier_name>region_name</GBQualifier_name>
          <GBQualifier_value>DHFR</GBQualifier_value>
        </GBQualifier>
        <GBQualifier>
          <GBQualifier_name>note</GBQualifier_name>
          <GBQualifier_value>Dihydrofolate reductase (DHFR). Reduces 7,8-dihydrofolate to 5,6,7,8-tetrahydrofolate with NADPH as a cofactor. This is an essential step in the biosynthesis of deoxythymidine phosphate since 5,6,7,8-tetrahydrofolate is required to regenerate 5; cd00209</GBQualifier_value>
        </GBQualifier>
        <GBQualifier>
          <GBQualifier_name>db_xref</GBQualifier_name>
          <GBQualifier_value>CDD:238127</GBQualifier_value>
        </GBQualifier>
      </GBFeature_quals>
    </GBFeature>
    <GBFeature>
      <GBFeature_key>Site</GBFeature_key>
      <GBFeature_location>order(8,25,31,71,116,122,137)</GBFeature_location>
      <GBFeature_intervals>
        <GBInterval>
          <GBInterval_point>8</GBInterval_point>
          <GBInterval_accession>P00375.3</GBInterval_accession>
        </GBInterval>
        <GBInterval>
          <GBInterval_point>25</GBInterval_point>
          <GBInterval_accession>P00375.3</GBInterval_accession>
        </GBInterval>
        <GBInterval>
          <GBInterval_point>31</GBInterval_point>
          <GBInterval_accession>P00375.3</GBInterval_accession>
        </GBInterval>
        <GBInterval>
          <GBInterval_point>71</GBInterval_point>
          <GBInterval_accession>P00375.3</GBInterval_accession>
        </GBInterval>
        <GBInterval>
          <GBInterval_point>116</GBInterval_point>
          <GBInterval_accession>P00375.3</GBInterval_accession>
        </GBInterval>
        <GBInterval>
          <GBInterval_point>122</GBInterval_point>
          <GBInterval_accession>P00375.3</GBInterval_accession>
        </GBInterval>
        <GBInterval>
          <GBInterval_point>137</GBInterval_point>
          <GBInterval_accession>P00375.3</GBInterval_accession>
        </GBInterval>
      </GBFeature_intervals>
      <GBFeature_operator>order</GBFeature_operator>
      <GBFeature_quals>
        <GBQualifier>
          <GBQualifier_name>gene</GBQualifier_name>
          <GBQualifier_value>Dhfr</GBQualifier_value>
        </GBQualifier>
        <GBQualifier>
          <GBQualifier_name>site_type</GBQualifier_name>
          <GBQualifier_value>other</GBQualifier_value>
        </GBQualifier>
        <GBQualifier>
          <GBQualifier_name>note</GBQualifier_name>
          <GBQualifier_value>folate binding site [chemical binding]</GBQualifier_value>
        </GBQualifier>
        <GBQualifier>
          <GBQualifier_name>db_xref</GBQualifier_name>
          <GBQualifier_value>CDD:238127</GBQualifier_value>
        </GBQualifier>
      </GBFeature_quals>
    </GBFeature>
    <GBFeature>
      <GBFeature_key>Site</GBFeature_key>
      <GBFeature_location>order(10,17,55..57,78,117..120)</GBFeature_location>
      <GBFeature_intervals>
        <GBInterval>
          <GBInterval_point>10</GBInterval_point>
          <GBInterval_accession>P00375.3</GBInterval_accession>
        </GBInterval>
        <GBInterval>
          <GBInterval_point>17</GBInterval_point>
          <GBInterval_accession>P00375.3</GBInterval_accession>
        </GBInterval>
        <GBInterval>
          <GBInterval_from>55</GBInterval_from>
          <GBInterval_to>57</GBInterval_to>
          <GBInterval_accession>P00375.3</GBInterval_accession>
        </GBInterval>
        <GBInterval>
          <GBInterval_point>78</GBInterval_point>
          <GBInterval_accession>P00375.3</GBInterval_accession>
        </GBInterval>
        <GBInterval>
          <GBInterval_from>117</GBInterval_from>
          <GBInterval_to>120</GBInterval_to>
          <GBInterval_accession>P00375.3</GBInterval_accession>
        </GBInterval>
      </GBFeature_intervals>
      <GBFeature_operator>order</GBFeature_operator>
      <GBFeature_quals>
        <GBQualifier>
          <GBQualifier_name>gene</GBQualifier_name>
          <GBQualifier_value>Dhfr</GBQualifier_value>
        </GBQualifier>
        <GBQualifier>
          <GBQualifier_name>site_type</GBQualifier_name>
          <GBQualifier_value>other</GBQualifier_value>
        </GBQualifier>
        <GBQualifier>
          <GBQualifier_name>note</GBQualifier_name>
          <GBQualifier_value>NADP+ binding site [chemical binding]</GBQualifier_value>
        </GBQualifier>
        <GBQualifier>
          <GBQualifier_name>db_xref</GBQualifier_name>
          <GBQualifier_value>CDD:238127</GBQualifier_value>
        </GBQualifier>
      </GBFeature_quals>
    </GBFeature>
    <GBFeature>
      <GBFeature_key>Site</GBFeature_key>
      <GBFeature_location>10</GBFeature_location>
      <GBFeature_intervals>
        <GBInterval>
          <GBInterval_point>10</GBInterval_point>
          <GBInterval_accession>P00375.3</GBInterval_accession>
        </GBInterval>
      </GBFeature_intervals>
      <GBFeature_quals>
        <GBQualifier>
          <GBQualifier_name>gene</GBQualifier_name>
          <GBQualifier_value>Dhfr</GBQualifier_value>
        </GBQualifier>
        <GBQualifier>
          <GBQualifier_name>site_type</GBQualifier_name>
          <GBQualifier_value>binding</GBQualifier_value>
        </GBQualifier>
        <GBQualifier>
          <GBQualifier_name>experiment</GBQualifier_name>
          <GBQualifier_value>experimental evidence, no additional details recorded</GBQualifier_value>
        </GBQualifier>
        <GBQualifier>
          <GBQualifier_name>note</GBQualifier_name>
          <GBQualifier_value>NADP; via amide nitrogen and carbonyl oxygen. {ECO:0000269|PubMed:15681865, ECO:0000269|PubMed:17019704}.</GBQualifier_value>
        </GBQualifier>
      </GBFeature_quals>
    </GBFeature>
    <GBFeature>
      <GBFeature_key>Region</GBFeature_key>
      <GBFeature_location>14</GBFeature_location>
      <GBFeature_intervals>
        <GBInterval>
          <GBInterval_point>14</GBInterval_point>
          <GBInterval_accession>P00375.3</GBInterval_accession>
        </GBInterval>
      </GBFeature_intervals>
      <GBFeature_quals>
        <GBQualifier>
          <GBQualifier_name>gene</GBQualifier_name>
          <GBQualifier_value>Dhfr</GBQualifier_value>
        </GBQualifier>
        <GBQualifier>
          <GBQualifier_name>region_name</GBQualifier_name>
          <GBQualifier_value>Conflict</GBQualifier_value>
        </GBQualifier>
        <GBQualifier>
          <GBQualifier_name>experiment</GBQualifier_name>
          <GBQualifier_value>experimental evidence, no additional details recorded</GBQualifier_value>
        </GBQualifier>
        <GBQualifier>
          <GBQualifier_name>note</GBQualifier_name>
          <GBQualifier_value>N -&gt; D (in Ref. 3; CAA39544). {ECO:0000305}.</GBQualifier_value>
        </GBQualifier>
      </GBFeature_quals>
    </GBFeature>
    <GBFeature>
      <GBFeature_key>Region</GBFeature_key>
      <GBFeature_location>15..19</GBFeature_location>
      <GBFeature_intervals>
        <GBInterval>
          <GBInterval_from>15</GBInterval_from>
          <GBInterval_to>19</GBInterval_to>
          <GBInterval_accession>P00375.3</GBInterval_accession>
        </GBInterval>
      </GBFeature_intervals>
      <GBFeature_quals>
        <GBQualifier>
          <GBQualifier_name>gene</GBQualifier_name>
          <GBQualifier_value>Dhfr</GBQualifier_value>
        </GBQualifier>
        <GBQualifier>
          <GBQualifier_name>region_name</GBQualifier_name>
          <GBQualifier_value>Beta-strand region</GBQualifier_value>
        </GBQualifier>
        <GBQualifier>
          <GBQualifier_name>experiment</GBQualifier_name>
          <GBQualifier_value>experimental evidence, no additional details recorded</GBQualifier_value>
        </GBQualifier>
        <GBQualifier>
          <GBQualifier_name>note</GBQualifier_name>
          <GBQualifier_value>{ECO:0000244|PDB:3D80}.</GBQualifier_value>
        </GBQualifier>
      </GBFeature_quals>
    </GBFeature>
    <GBFeature>
      <GBFeature_key>Site</GBFeature_key>
      <GBFeature_location>16..22</GBFeature_location>
      <GBFeature_intervals>
        <GBInterval>
          <GBInterval_from>16</GBInterval_from>
          <GBInterval_to>22</GBInterval_to>
          <GBInterval_accession>P00375.3</GBInterval_accession>
        </GBInterval>
      </GBFeature_intervals>
      <GBFeature_quals>
        <GBQualifier>
          <GBQualifier_name>gene</GBQualifier_name>
          <GBQualifier_value>Dhfr</GBQualifier_value>
        </GBQualifier>
        <GBQualifier>
          <GBQualifier_name>site_type</GBQualifier_name>
          <GBQualifier_value>np-binding</GBQualifier_value>
        </GBQualifier>
        <GBQualifier>
          <GBQualifier_name>experiment</GBQualifier_name>
          <GBQualifier_value>experimental evidence, no additional details recorded</GBQualifier_value>
        </GBQualifier>
        <GBQualifier>
          <GBQualifier_name>note</GBQualifier_name>
          <GBQualifier_value>NADP. {ECO:0000269|PubMed:15681865, ECO:0000269|PubMed:17019704}.</GBQualifier_value>
        </GBQualifier>
      </GBFeature_quals>
    </GBFeature>
    <GBFeature>
      <GBFeature_key>Region</GBFeature_key>
      <GBFeature_location>23</GBFeature_location>
      <GBFeature_intervals>
        <GBInterval>
          <GBInterval_point>23</GBInterval_point>
          <GBInterval_accession>P00375.3</GBInterval_accession>
        </GBInterval>
      </GBFeature_intervals>
      <GBFeature_quals>
        <GBQualifier>
          <GBQualifier_name>gene</GBQualifier_name>
          <GBQualifier_value>Dhfr</GBQualifier_value>
        </GBQualifier>
        <GBQualifier>
          <GBQualifier_name>region_name</GBQualifier_name>
          <GBQualifier_value>Variant</GBQualifier_value>
        </GBQualifier>
        <GBQualifier>
          <GBQualifier_name>experiment</GBQualifier_name>
          <GBQualifier_value>experimental evidence, no additional details recorded</GBQualifier_value>
        </GBQualifier>
        <GBQualifier>
          <GBQualifier_name>note</GBQualifier_name>
          <GBQualifier_value>L -&gt; R (in a form with an abnormally low affinity for methotrexate). {ECO:0000269|PubMed:15681865}.</GBQualifier_value>
        </GBQualifier>
      </GBFeature_quals>
    </GBFeature>
    <GBFeature>
      <GBFeature_key>Region</GBFeature_key>
      <GBFeature_location>24..26</GBFeature_location>
      <GBFeature_intervals>
        <GBInterval>
          <GBInterval_from>24</GBInterval_from>
          <GBInterval_to>26</GBInterval_to>
          <GBInterval_accession>P00375.3</GBInterval_accession>
        </GBInterval>
      </GBFeature_intervals>
      <GBFeature_quals>
        <GBQualifier>
          <GBQualifier_name>gene</GBQualifier_name>
          <GBQualifier_value>Dhfr</GBQualifier_value>
        </GBQualifier>
        <GBQualifier>
          <GBQualifier_name>region_name</GBQualifier_name>
          <GBQualifier_value>Beta-strand region</GBQualifier_value>
        </GBQualifier>
        <GBQualifier>
          <GBQualifier_name>experiment</GBQualifier_name>
          <GBQualifier_value>experimental evidence, no additional details recorded</GBQualifier_value>
        </GBQualifier>
        <GBQualifier>
          <GBQualifier_name>note</GBQualifier_name>
          <GBQualifier_value>{ECO:0000244|PDB:3D80}.</GBQualifier_value>
        </GBQualifier>
      </GBFeature_quals>
    </GBFeature>
    <GBFeature>
      <GBFeature_key>Region</GBFeature_key>
      <GBFeature_location>29..40</GBFeature_location>
      <GBFeature_intervals>
        <GBInterval>
          <GBInterval_from>29</GBInterval_from>
          <GBInterval_to>40</GBInterval_to>
          <GBInterval_accession>P00375.3</GBInterval_accession>
        </GBInterval>
      </GBFeature_intervals>
      <GBFeature_quals>
        <GBQualifier>
          <GBQualifier_name>gene</GBQualifier_name>
          <GBQualifier_value>Dhfr</GBQualifier_value>
        </GBQualifier>
        <GBQualifier>
          <GBQualifier_name>region_name</GBQualifier_name>
          <GBQualifier_value>Helical region</GBQualifier_value>
        </GBQualifier>
        <GBQualifier>
          <GBQualifier_name>experiment</GBQualifier_name>
          <GBQualifier_value>experimental evidence, no additional details recorded</GBQualifier_value>
        </GBQualifier>
        <GBQualifier>
          <GBQualifier_name>note</GBQualifier_name>
          <GBQualifier_value>{ECO:0000244|PDB:3D80}.</GBQualifier_value>
        </GBQualifier>
      </GBFeature_quals>
    </GBFeature>
    <GBFeature>
      <GBFeature_key>Region</GBFeature_key>
      <GBFeature_location>31..36</GBFeature_location>
      <GBFeature_intervals>
        <GBInterval>
          <GBInterval_from>31</GBInterval_from>
          <GBInterval_to>36</GBInterval_to>
          <GBInterval_accession>P00375.3</GBInterval_accession>
        </GBInterval>
      </GBFeature_intervals>
      <GBFeature_quals>
        <GBQualifier>
          <GBQualifier_name>gene</GBQualifier_name>
          <GBQualifier_value>Dhfr</GBQualifier_value>
        </GBQualifier>
        <GBQualifier>
          <GBQualifier_name>region_name</GBQualifier_name>
          <GBQualifier_value>Region of interest in the sequence</GBQualifier_value>
        </GBQualifier>
        <GBQualifier>
          <GBQualifier_name>experiment</GBQualifier_name>
          <GBQualifier_value>experimental evidence, no additional details recorded</GBQualifier_value>
        </GBQualifier>
        <GBQualifier>
          <GBQualifier_name>note</GBQualifier_name>
          <GBQualifier_value>Substrate binding. {ECO:0000305|PubMed:15681865}.</GBQualifier_value>
        </GBQualifier>
      </GBFeature_quals>
    </GBFeature>
    <GBFeature>
      <GBFeature_key>Region</GBFeature_key>
      <GBFeature_location>32</GBFeature_location>
      <GBFeature_intervals>
        <GBInterval>
          <GBInterval_point>32</GBInterval_point>
          <GBInterval_accession>P00375.3</GBInterval_accession>
        </GBInterval>
      </GBFeature_intervals>
      <GBFeature_quals>
        <GBQualifier>
          <GBQualifier_name>gene</GBQualifier_name>
          <GBQualifier_value>Dhfr</GBQualifier_value>
        </GBQualifier>
        <GBQualifier>
          <GBQualifier_name>region_name</GBQualifier_name>
          <GBQualifier_value>Variant</GBQualifier_value>
        </GBQualifier>
        <GBQualifier>
          <GBQualifier_name>experiment</GBQualifier_name>
          <GBQualifier_value>experimental evidence, no additional details recorded</GBQualifier_value>
        </GBQualifier>
        <GBQualifier>
          <GBQualifier_name>note</GBQualifier_name>
          <GBQualifier_value>F -&gt; W (in L-5178-Y cell line; methotrexate-resistant, requires 2 nucleotide substitutions).</GBQualifier_value>
        </GBQualifier>
      </GBFeature_quals>
    </GBFeature>
    <GBFeature>
      <GBFeature_key>Site</GBFeature_key>
      <GBFeature_location>33</GBFeature_location>
      <GBFeature_intervals>
        <GBInterval>
          <GBInterval_point>33</GBInterval_point>
          <GBInterval_accession>P00375.3</GBInterval_accession>
        </GBInterval>
      </GBFeature_intervals>
      <GBFeature_quals>
        <GBQualifier>
          <GBQualifier_name>gene</GBQualifier_name>
          <GBQualifier_value>Dhfr</GBQualifier_value>
        </GBQualifier>
        <GBQualifier>
          <GBQualifier_name>site_type</GBQualifier_name>
          <GBQualifier_value>modified</GBQualifier_value>
        </GBQualifier>
        <GBQualifier>
          <GBQualifier_name>experiment</GBQualifier_name>
          <GBQualifier_value>experimental evidence, no additional details recorded</GBQualifier_value>
        </GBQualifier>
        <GBQualifier>
          <GBQualifier_name>note</GBQualifier_name>
          <GBQualifier_value>N6-acetyllysine; alternate. {ECO:0000244|PubMed:23806337}.</GBQualifier_value>
        </GBQualifier>
      </GBFeature_quals>
    </GBFeature>
    <GBFeature>
      <GBFeature_key>Site</GBFeature_key>
      <GBFeature_location>33</GBFeature_location>
      <GBFeature_intervals>
        <GBInterval>
          <GBInterval_point>33</GBInterval_point>
          <GBInterval_accession>P00375.3</GBInterval_accession>
        </GBInterval>
      </GBFeature_intervals>
      <GBFeature_quals>
        <GBQualifier>
          <GBQualifier_name>gene</GBQualifier_name>
          <GBQualifier_value>Dhfr</GBQualifier_value>
        </GBQualifier>
        <GBQualifier>
          <GBQualifier_name>site_type</GBQualifier_name>
          <GBQualifier_value>modified</GBQualifier_value>
        </GBQualifier>
        <GBQualifier>
          <GBQualifier_name>experiment</GBQualifier_name>
          <GBQualifier_value>experimental evidence, no additional details recorded</GBQualifier_value>
        </GBQualifier>
        <GBQualifier>
          <GBQualifier_name>note</GBQualifier_name>
          <GBQualifier_value>N6-succinyllysine; alternate. {ECO:0000244|PubMed:23806337}.</GBQualifier_value>
        </GBQualifier>
      </GBFeature_quals>
    </GBFeature>
    <GBFeature>
      <GBFeature_key>Region</GBFeature_key>
      <GBFeature_location>43..46</GBFeature_location>
      <GBFeature_intervals>
        <GBInterval>
          <GBInterval_from>43</GBInterval_from>
          <GBInterval_to>46</GBInterval_to>
          <GBInterval_accession>P00375.3</GBInterval_accession>
        </GBInterval>
      </GBFeature_intervals>
      <GBFeature_quals>
        <GBQualifier>
          <GBQualifier_name>gene</GBQualifier_name>
          <GBQualifier_value>Dhfr</GBQualifier_value>
        </GBQualifier>
        <GBQualifier>
          <GBQualifier_name>region_name</GBQualifier_name>
          <GBQualifier_value>Beta-strand region</GBQualifier_value>
        </GBQualifier>
        <GBQualifier>
          <GBQualifier_name>experiment</GBQualifier_name>
          <GBQualifier_value>experimental evidence, no additional details recorded</GBQualifier_value>
        </GBQualifier>
        <GBQualifier>
          <GBQualifier_name>note</GBQualifier_name>
          <GBQualifier_value>{ECO:0000244|PDB:1U70}.</GBQualifier_value>
        </GBQualifier>
      </GBFeature_quals>
    </GBFeature>
    <GBFeature>
      <GBFeature_key>Region</GBFeature_key>
      <GBFeature_location>50..54</GBFeature_location>
      <GBFeature_intervals>
        <GBInterval>
          <GBInterval_from>50</GBInterval_from>
          <GBInterval_to>54</GBInterval_to>
          <GBInterval_accession>P00375.3</GBInterval_accession>
        </GBInterval>
      </GBFeature_intervals>
      <GBFeature_quals>
        <GBQualifier>
          <GBQualifier_name>gene</GBQualifier_name>
          <GBQualifier_value>Dhfr</GBQualifier_value>
        </GBQualifier>
        <GBQualifier>
          <GBQualifier_name>region_name</GBQualifier_name>
          <GBQualifier_value>Beta-strand region</GBQualifier_value>
        </GBQualifier>
        <GBQualifier>
          <GBQualifier_name>experiment</GBQualifier_name>
          <GBQualifier_value>experimental evidence, no additional details recorded</GBQualifier_value>
        </GBQualifier>
        <GBQualifier>
          <GBQualifier_name>note</GBQualifier_name>
          <GBQualifier_value>{ECO:0000244|PDB:3D80}.</GBQualifier_value>
        </GBQualifier>
      </GBFeature_quals>
    </GBFeature>
    <GBFeature>
      <GBFeature_key>Region</GBFeature_key>
      <GBFeature_location>55..60</GBFeature_location>
      <GBFeature_intervals>
        <GBInterval>
          <GBInterval_from>55</GBInterval_from>
          <GBInterval_to>60</GBInterval_to>
          <GBInterval_accession>P00375.3</GBInterval_accession>
        </GBInterval>
      </GBFeature_intervals>
      <GBFeature_quals>
        <GBQualifier>
          <GBQualifier_name>gene</GBQualifier_name>
          <GBQualifier_value>Dhfr</GBQualifier_value>
        </GBQualifier>
        <GBQualifier>
          <GBQualifier_name>region_name</GBQualifier_name>
          <GBQualifier_value>Helical region</GBQualifier_value>
        </GBQualifier>
        <GBQualifier>
          <GBQualifier_name>experiment</GBQualifier_name>
          <GBQualifier_value>experimental evidence, no additional details recorded</GBQualifier_value>
        </GBQualifier>
        <GBQualifier>
          <GBQualifier_name>note</GBQualifier_name>
          <GBQualifier_value>{ECO:0000244|PDB:3D80}.</GBQualifier_value>
        </GBQualifier>
      </GBFeature_quals>
    </GBFeature>
    <GBFeature>
      <GBFeature_key>Site</GBFeature_key>
      <GBFeature_location>55..57</GBFeature_location>
      <GBFeature_intervals>
        <GBInterval>
          <GBInterval_from>55</GBInterval_from>
          <GBInterval_to>57</GBInterval_to>
          <GBInterval_accession>P00375.3</GBInterval_accession>
        </GBInterval>
      </GBFeature_intervals>
      <GBFeature_quals>
        <GBQualifier>
          <GBQualifier_name>gene</GBQualifier_name>
          <GBQualifier_value>Dhfr</GBQualifier_value>
        </GBQualifier>
        <GBQualifier>
          <GBQualifier_name>site_type</GBQualifier_name>
          <GBQualifier_value>np-binding</GBQualifier_value>
        </GBQualifier>
        <GBQualifier>
          <GBQualifier_name>experiment</GBQualifier_name>
          <GBQualifier_value>experimental evidence, no additional details recorded</GBQualifier_value>
        </GBQualifier>
        <GBQualifier>
          <GBQualifier_name>note</GBQualifier_name>
          <GBQualifier_value>NADP. {ECO:0000269|PubMed:15681865, ECO:0000269|PubMed:17019704}.</GBQualifier_value>
        </GBQualifier>
      </GBFeature_quals>
    </GBFeature>
    <GBFeature>
      <GBFeature_key>Region</GBFeature_key>
      <GBFeature_location>63..65</GBFeature_location>
      <GBFeature_intervals>
        <GBInterval>
          <GBInterval_from>63</GBInterval_from>
          <GBInterval_to>65</GBInterval_to>
          <GBInterval_accession>P00375.3</GBInterval_accession>
        </GBInterval>
      </GBFeature_intervals>
      <GBFeature_quals>
        <GBQualifier>
          <GBQualifier_name>gene</GBQualifier_name>
          <GBQualifier_value>Dhfr</GBQualifier_value>
        </GBQualifier>
        <GBQualifier>
          <GBQualifier_name>region_name</GBQualifier_name>
          <GBQualifier_value>Helical region</GBQualifier_value>
        </GBQualifier>
        <GBQualifier>
          <GBQualifier_name>experiment</GBQualifier_name>
          <GBQualifier_value>experimental evidence, no additional details recorded</GBQualifier_value>
        </GBQualifier>
        <GBQualifier>
          <GBQualifier_name>note</GBQualifier_name>
          <GBQualifier_value>{ECO:0000244|PDB:3D80}.</GBQualifier_value>
        </GBQualifier>
      </GBFeature_quals>
    </GBFeature>
    <GBFeature>
      <GBFeature_key>Site</GBFeature_key>
      <GBFeature_location>65</GBFeature_location>
      <GBFeature_intervals>
        <GBInterval>
          <GBInterval_point>65</GBInterval_point>
          <GBInterval_accession>P00375.3</GBInterval_accession>
        </GBInterval>
      </GBFeature_intervals>
      <GBFeature_quals>
        <GBQualifier>
          <GBQualifier_name>gene</GBQualifier_name>
          <GBQualifier_value>Dhfr</GBQualifier_value>
        </GBQualifier>
        <GBQualifier>
          <GBQualifier_name>site_type</GBQualifier_name>
          <GBQualifier_value>binding</GBQualifier_value>
        </GBQualifier>
        <GBQualifier>
          <GBQualifier_name>experiment</GBQualifier_name>
          <GBQualifier_value>experimental evidence, no additional details recorded</GBQualifier_value>
        </GBQualifier>
        <GBQualifier>
          <GBQualifier_name>note</GBQualifier_name>
          <GBQualifier_value>Substrate. {ECO:0000305|PubMed:15681865}.</GBQualifier_value>
        </GBQualifier>
      </GBFeature_quals>
    </GBFeature>
    <GBFeature>
      <GBFeature_key>Region</GBFeature_key>
      <GBFeature_location>71..76</GBFeature_location>
      <GBFeature_intervals>
        <GBInterval>
          <GBInterval_from>71</GBInterval_from>
          <GBInterval_to>76</GBInterval_to>
          <GBInterval_accession>P00375.3</GBInterval_accession>
        </GBInterval>
      </GBFeature_intervals>
      <GBFeature_quals>
        <GBQualifier>
          <GBQualifier_name>gene</GBQualifier_name>
          <GBQualifier_value>Dhfr</GBQualifier_value>
        </GBQualifier>
        <GBQualifier>
          <GBQualifier_name>region_name</GBQualifier_name>
          <GBQualifier_value>Beta-strand region</GBQualifier_value>
        </GBQualifier>
        <GBQualifier>
          <GBQualifier_name>experiment</GBQualifier_name>
          <GBQualifier_value>experimental evidence, no additional details recorded</GBQualifier_value>
        </GBQualifier>
        <GBQualifier>
          <GBQualifier_name>note</GBQualifier_name>
          <GBQualifier_value>{ECO:0000244|PDB:3D80}.</GBQualifier_value>
        </GBQualifier>
      </GBFeature_quals>
    </GBFeature>
    <GBFeature>
      <GBFeature_key>Site</GBFeature_key>
      <GBFeature_location>71</GBFeature_location>
      <GBFeature_intervals>
        <GBInterval>
          <GBInterval_point>71</GBInterval_point>
          <GBInterval_accession>P00375.3</GBInterval_accession>
        </GBInterval>
      </GBFeature_intervals>
      <GBFeature_quals>
        <GBQualifier>
          <GBQualifier_name>gene</GBQualifier_name>
          <GBQualifier_value>Dhfr</GBQualifier_value>
        </GBQualifier>
        <GBQualifier>
          <GBQualifier_name>site_type</GBQualifier_name>
          <GBQualifier_value>binding</GBQualifier_value>
        </GBQualifier>
        <GBQualifier>
          <GBQualifier_name>experiment</GBQualifier_name>
          <GBQualifier_value>experimental evidence, no additional details recorded</GBQualifier_value>
        </GBQualifier>
        <GBQualifier>
          <GBQualifier_name>note</GBQualifier_name>
          <GBQualifier_value>Substrate. {ECO:0000305|PubMed:15681865}.</GBQualifier_value>
        </GBQualifier>
      </GBFeature_quals>
    </GBFeature>
    <GBFeature>
      <GBFeature_key>Site</GBFeature_key>
      <GBFeature_location>77..79</GBFeature_location>
      <GBFeature_intervals>
        <GBInterval>
          <GBInterval_from>77</GBInterval_from>
          <GBInterval_to>79</GBInterval_to>
          <GBInterval_accession>P00375.3</GBInterval_accession>
        </GBInterval>
      </GBFeature_intervals>
      <GBFeature_quals>
        <GBQualifier>
          <GBQualifier_name>gene</GBQualifier_name>
          <GBQualifier_value>Dhfr</GBQualifier_value>
        </GBQualifier>
        <GBQualifier>
          <GBQualifier_name>site_type</GBQualifier_name>
          <GBQualifier_value>np-binding</GBQualifier_value>
        </GBQualifier>
        <GBQualifier>
          <GBQualifier_name>experiment</GBQualifier_name>
          <GBQualifier_value>experimental evidence, no additional details recorded</GBQualifier_value>
        </GBQualifier>
        <GBQualifier>
          <GBQualifier_name>note</GBQualifier_name>
          <GBQualifier_value>NADP. {ECO:0000269|PubMed:15681865, ECO:0000269|PubMed:17019704}.</GBQualifier_value>
        </GBQualifier>
      </GBFeature_quals>
    </GBFeature>
    <GBFeature>
      <GBFeature_key>Region</GBFeature_key>
      <GBFeature_location>88..93</GBFeature_location>
      <GBFeature_intervals>
        <GBInterval>
          <GBInterval_from>88</GBInterval_from>
          <GBInterval_to>93</GBInterval_to>
          <GBInterval_accession>P00375.3</GBInterval_accession>
        </GBInterval>
      </GBFeature_intervals>
      <GBFeature_quals>
        <GBQualifier>
          <GBQualifier_name>gene</GBQualifier_name>
          <GBQualifier_value>Dhfr</GBQualifier_value>
        </GBQualifier>
        <GBQualifier>
          <GBQualifier_name>region_name</GBQualifier_name>
          <GBQualifier_value>Beta-strand region</GBQualifier_value>
        </GBQualifier>
        <GBQualifier>
          <GBQualifier_name>experiment</GBQualifier_name>
          <GBQualifier_value>experimental evidence, no additional details recorded</GBQualifier_value>
        </GBQualifier>
        <GBQualifier>
          <GBQualifier_name>note</GBQualifier_name>
          <GBQualifier_value>{ECO:0000244|PDB:3D80}.</GBQualifier_value>
        </GBQualifier>
      </GBFeature_quals>
    </GBFeature>
    <GBFeature>
      <GBFeature_key>Region</GBFeature_key>
      <GBFeature_location>94..101</GBFeature_location>
      <GBFeature_intervals>
        <GBInterval>
          <GBInterval_from>94</GBInterval_from>
          <GBInterval_to>101</GBInterval_to>
          <GBInterval_accession>P00375.3</GBInterval_accession>
        </GBInterval>
      </GBFeature_intervals>
      <GBFeature_quals>
        <GBQualifier>
          <GBQualifier_name>gene</GBQualifier_name>
          <GBQualifier_value>Dhfr</GBQualifier_value>
        </GBQualifier>
        <GBQualifier>
          <GBQualifier_name>region_name</GBQualifier_name>
          <GBQualifier_value>Helical region</GBQualifier_value>
        </GBQualifier>
        <GBQualifier>
          <GBQualifier_name>experiment</GBQualifier_name>
          <GBQualifier_value>experimental evidence, no additional details recorded</GBQualifier_value>
        </GBQualifier>
        <GBQualifier>
          <GBQualifier_name>note</GBQualifier_name>
          <GBQualifier_value>{ECO:0000244|PDB:3D80}.</GBQualifier_value>
        </GBQualifier>
      </GBFeature_quals>
    </GBFeature>
    <GBFeature>
      <GBFeature_key>Region</GBFeature_key>
      <GBFeature_location>104..109</GBFeature_location>
      <GBFeature_intervals>
        <GBInterval>
          <GBInterval_from>104</GBInterval_from>
          <GBInterval_to>109</GBInterval_to>
          <GBInterval_accession>P00375.3</GBInterval_accession>
        </GBInterval>
      </GBFeature_intervals>
      <GBFeature_quals>
        <GBQualifier>
          <GBQualifier_name>gene</GBQualifier_name>
          <GBQualifier_value>Dhfr</GBQualifier_value>
        </GBQualifier>
        <GBQualifier>
          <GBQualifier_name>region_name</GBQualifier_name>
          <GBQualifier_value>Helical region</GBQualifier_value>
        </GBQualifier>
        <GBQualifier>
          <GBQualifier_name>experiment</GBQualifier_name>
          <GBQualifier_value>experimental evidence, no additional details recorded</GBQualifier_value>
        </GBQualifier>
        <GBQualifier>
          <GBQualifier_name>note</GBQualifier_name>
          <GBQualifier_value>{ECO:0000244|PDB:3D80}.</GBQualifier_value>
        </GBQualifier>
      </GBFeature_quals>
    </GBFeature>
    <GBFeature>
      <GBFeature_key>Region</GBFeature_key>
      <GBFeature_location>113..115</GBFeature_location>
      <GBFeature_intervals>
        <GBInterval>
          <GBInterval_from>113</GBInterval_from>
          <GBInterval_to>115</GBInterval_to>
          <GBInterval_accession>P00375.3</GBInterval_accession>
        </GBInterval>
      </GBFeature_intervals>
      <GBFeature_quals>
        <GBQualifier>
          <GBQualifier_name>gene</GBQualifier_name>
          <GBQualifier_value>Dhfr</GBQualifier_value>
        </GBQualifier>
        <GBQualifier>
          <GBQualifier_name>region_name</GBQualifier_name>
          <GBQualifier_value>Beta-strand region</GBQualifier_value>
        </GBQualifier>
        <GBQualifier>
          <GBQualifier_name>experiment</GBQualifier_name>
          <GBQualifier_value>experimental evidence, no additional details recorded</GBQualifier_value>
        </GBQualifier>
        <GBQualifier>
          <GBQualifier_name>note</GBQualifier_name>
          <GBQualifier_value>{ECO:0000244|PDB:3D80}.</GBQualifier_value>
        </GBQualifier>
      </GBFeature_quals>
    </GBFeature>
    <GBFeature>
      <GBFeature_key>Site</GBFeature_key>
      <GBFeature_location>117..124</GBFeature_location>
      <GBFeature_intervals>
        <GBInterval>
          <GBInterval_from>117</GBInterval_from>
          <GBInterval_to>124</GBInterval_to>
          <GBInterval_accession>P00375.3</GBInterval_accession>
        </GBInterval>
      </GBFeature_intervals>
      <GBFeature_quals>
        <GBQualifier>
          <GBQualifier_name>gene</GBQualifier_name>
          <GBQualifier_value>Dhfr</GBQualifier_value>
        </GBQualifier>
        <GBQualifier>
          <GBQualifier_name>site_type</GBQualifier_name>
          <GBQualifier_value>np-binding</GBQualifier_value>
        </GBQualifier>
        <GBQualifier>
          <GBQualifier_name>experiment</GBQualifier_name>
          <GBQualifier_value>experimental evidence, no additional details recorded</GBQualifier_value>
        </GBQualifier>
        <GBQualifier>
          <GBQualifier_name>note</GBQualifier_name>
          <GBQualifier_value>NADP. {ECO:0000269|PubMed:15681865, ECO:0000269|PubMed:17019704}.</GBQualifier_value>
        </GBQualifier>
      </GBFeature_quals>
    </GBFeature>
    <GBFeature>
      <GBFeature_key>Region</GBFeature_key>
      <GBFeature_location>119..126</GBFeature_location>
      <GBFeature_intervals>
        <GBInterval>
          <GBInterval_from>119</GBInterval_from>
          <GBInterval_to>126</GBInterval_to>
          <GBInterval_accession>P00375.3</GBInterval_accession>
        </GBInterval>
      </GBFeature_intervals>
      <GBFeature_quals>
        <GBQualifier>
          <GBQualifier_name>gene</GBQualifier_name>
          <GBQualifier_value>Dhfr</GBQualifier_value>
        </GBQualifier>
        <GBQualifier>
          <GBQualifier_name>region_name</GBQualifier_name>
          <GBQualifier_value>Helical region</GBQualifier_value>
        </GBQualifier>
        <GBQualifier>
          <GBQualifier_name>experiment</GBQualifier_name>
          <GBQualifier_value>experimental evidence, no additional details recorded</GBQualifier_value>
        </GBQualifier>
        <GBQualifier>
          <GBQualifier_name>note</GBQualifier_name>
          <GBQualifier_value>{ECO:0000244|PDB:3D80}.</GBQualifier_value>
        </GBQualifier>
      </GBFeature_quals>
    </GBFeature>
    <GBFeature>
      <GBFeature_key>Region</GBFeature_key>
      <GBFeature_location>123</GBFeature_location>
      <GBFeature_intervals>
        <GBInterval>
          <GBInterval_point>123</GBInterval_point>
          <GBInterval_accession>P00375.3</GBInterval_accession>
        </GBInterval>
      </GBFeature_intervals>
      <GBFeature_quals>
        <GBQualifier>
          <GBQualifier_name>gene</GBQualifier_name>
          <GBQualifier_value>Dhfr</GBQualifier_value>
        </GBQualifier>
        <GBQualifier>
          <GBQualifier_name>region_name</GBQualifier_name>
          <GBQualifier_value>Conflict</GBQualifier_value>
        </GBQualifier>
        <GBQualifier>
          <GBQualifier_name>experiment</GBQualifier_name>
          <GBQualifier_value>experimental evidence, no additional details recorded</GBQualifier_value>
        </GBQualifier>
        <GBQualifier>
          <GBQualifier_name>note</GBQualifier_name>
          <GBQualifier_value>Q -&gt; E (in Ref. 5; AA sequence and 8; AAA37525). {ECO:0000305}.</GBQualifier_value>
        </GBQualifier>
      </GBFeature_quals>
    </GBFeature>
    <GBFeature>
      <GBFeature_key>Region</GBFeature_key>
      <GBFeature_location>124</GBFeature_location>
      <GBFeature_intervals>
        <GBInterval>
          <GBInterval_point>124</GBInterval_point>
          <GBInterval_accession>P00375.3</GBInterval_accession>
        </GBInterval>
      </GBFeature_intervals>
      <GBFeature_quals>
        <GBQualifier>
          <GBQualifier_name>gene</GBQualifier_name>
          <GBQualifier_value>Dhfr</GBQualifier_value>
        </GBQualifier>
        <GBQualifier>
          <GBQualifier_name>region_name</GBQualifier_name>
          <GBQualifier_value>Conflict</GBQualifier_value>
        </GBQualifier>
        <GBQualifier>
          <GBQualifier_name>experiment</GBQualifier_name>
          <GBQualifier_value>experimental evidence, no additional details recorded</GBQualifier_value>
        </GBQualifier>
        <GBQualifier>
          <GBQualifier_name>note</GBQualifier_name>
          <GBQualifier_value>E -&gt; Q (in Ref. 5; AA sequence). {ECO:0000305}.</GBQualifier_value>
        </GBQualifier>
      </GBFeature_quals>
    </GBFeature>
    <GBFeature>
      <GBFeature_key>Region</GBFeature_key>
      <GBFeature_location>128..130</GBFeature_location>
      <GBFeature_intervals>
        <GBInterval>
          <GBInterval_from>128</GBInterval_from>
          <GBInterval_to>130</GBInterval_to>
          <GBInterval_accession>P00375.3</GBInterval_accession>
        </GBInterval>
      </GBFeature_intervals>
      <GBFeature_quals>
        <GBQualifier>
          <GBQualifier_name>gene</GBQualifier_name>
          <GBQualifier_value>Dhfr</GBQualifier_value>
        </GBQualifier>
        <GBQualifier>
          <GBQualifier_name>region_name</GBQualifier_name>
          <GBQualifier_value>Beta-strand region</GBQualifier_value>
        </GBQualifier>
        <GBQualifier>
          <GBQualifier_name>experiment</GBQualifier_name>
          <GBQualifier_value>experimental evidence, no additional details recorded</GBQualifier_value>
        </GBQualifier>
        <GBQualifier>
          <GBQualifier_name>note</GBQualifier_name>
          <GBQualifier_value>{ECO:0000244|PDB:3D80}.</GBQualifier_value>
        </GBQualifier>
      </GBFeature_quals>
    </GBFeature>
    <GBFeature>
      <GBFeature_key>Region</GBFeature_key>
      <GBFeature_location>128</GBFeature_location>
      <GBFeature_intervals>
        <GBInterval>
          <GBInterval_point>128</GBInterval_point>
          <GBInterval_accession>P00375.3</GBInterval_accession>
        </GBInterval>
      </GBFeature_intervals>
      <GBFeature_quals>
        <GBQualifier>
          <GBQualifier_name>gene</GBQualifier_name>
          <GBQualifier_value>Dhfr</GBQualifier_value>
        </GBQualifier>
        <GBQualifier>
          <GBQualifier_name>region_name</GBQualifier_name>
          <GBQualifier_value>Conflict</GBQualifier_value>
        </GBQualifier>
        <GBQualifier>
          <GBQualifier_name>experiment</GBQualifier_name>
          <GBQualifier_value>experimental evidence, no additional details recorded</GBQualifier_value>
        </GBQualifier>
        <GBQualifier>
          <GBQualifier_name>note</GBQualifier_name>
          <GBQualifier_value>Q -&gt; E (in Ref. 5; AA sequence). {ECO:0000305}.</GBQualifier_value>
        </GBQualifier>
      </GBFeature_quals>
    </GBFeature>
    <GBFeature>
      <GBFeature_key>Region</GBFeature_key>
      <GBFeature_location>132..139</GBFeature_location>
      <GBFeature_intervals>
        <GBInterval>
          <GBInterval_from>132</GBInterval_from>
          <GBInterval_to>139</GBInterval_to>
          <GBInterval_accession>P00375.3</GBInterval_accession>
        </GBInterval>
      </GBFeature_intervals>
      <GBFeature_quals>
        <GBQualifier>
          <GBQualifier_name>gene</GBQualifier_name>
          <GBQualifier_value>Dhfr</GBQualifier_value>
        </GBQualifier>
        <GBQualifier>
          <GBQualifier_name>region_name</GBQualifier_name>
          <GBQualifier_value>Beta-strand region</GBQualifier_value>
        </GBQualifier>
        <GBQualifier>
          <GBQualifier_name>experiment</GBQualifier_name>
          <GBQualifier_value>experimental evidence, no additional details recorded</GBQualifier_value>
        </GBQualifier>
        <GBQualifier>
          <GBQualifier_name>note</GBQualifier_name>
          <GBQualifier_value>{ECO:0000244|PDB:3D80}.</GBQualifier_value>
        </GBQualifier>
      </GBFeature_quals>
    </GBFeature>
    <GBFeature>
      <GBFeature_key>Region</GBFeature_key>
      <GBFeature_location>146..148</GBFeature_location>
      <GBFeature_intervals>
        <GBInterval>
          <GBInterval_from>146</GBInterval_from>
          <GBInterval_to>148</GBInterval_to>
          <GBInterval_accession>P00375.3</GBInterval_accession>
        </GBInterval>
      </GBFeature_intervals>
      <GBFeature_quals>
        <GBQualifier>
          <GBQualifier_name>gene</GBQualifier_name>
          <GBQualifier_value>Dhfr</GBQualifier_value>
        </GBQualifier>
        <GBQualifier>
          <GBQualifier_name>region_name</GBQualifier_name>
          <GBQualifier_value>Beta-strand region</GBQualifier_value>
        </GBQualifier>
        <GBQualifier>
          <GBQualifier_name>experiment</GBQualifier_name>
          <GBQualifier_value>experimental evidence, no additional details recorded</GBQualifier_value>
        </GBQualifier>
        <GBQualifier>
          <GBQualifier_name>note</GBQualifier_name>
          <GBQualifier_value>{ECO:0000244|PDB:3D80}.</GBQualifier_value>
        </GBQualifier>
      </GBFeature_quals>
    </GBFeature>
    <GBFeature>
      <GBFeature_key>Region</GBFeature_key>
      <GBFeature_location>154..156</GBFeature_location>
      <GBFeature_intervals>
        <GBInterval>
          <GBInterval_from>154</GBInterval_from>
          <GBInterval_to>156</GBInterval_to>
          <GBInterval_accession>P00375.3</GBInterval_accession>
        </GBInterval>
      </GBFeature_intervals>
      <GBFeature_quals>
        <GBQualifier>
          <GBQualifier_name>gene</GBQualifier_name>
          <GBQualifier_value>Dhfr</GBQualifier_value>
        </GBQualifier>
        <GBQualifier>
          <GBQualifier_name>region_name</GBQualifier_name>
          <GBQualifier_value>Hydrogen bonded turn</GBQualifier_value>
        </GBQualifier>
        <GBQualifier>
          <GBQualifier_name>experiment</GBQualifier_name>
          <GBQualifier_value>experimental evidence, no additional details recorded</GBQualifier_value>
        </GBQualifier>
        <GBQualifier>
          <GBQualifier_name>note</GBQualifier_name>
          <GBQualifier_value>{ECO:0000244|PDB:3D80}.</GBQualifier_value>
        </GBQualifier>
      </GBFeature_quals>
    </GBFeature>
    <GBFeature>
      <GBFeature_key>Region</GBFeature_key>
      <GBFeature_location>157..159</GBFeature_location>
      <GBFeature_intervals>
        <GBInterval>
          <GBInterval_from>157</GBInterval_from>
          <GBInterval_to>159</GBInterval_to>
          <GBInterval_accession>P00375.3</GBInterval_accession>
        </GBInterval>
      </GBFeature_intervals>
      <GBFeature_quals>
        <GBQualifier>
          <GBQualifier_name>gene</GBQualifier_name>
          <GBQualifier_value>Dhfr</GBQualifier_value>
        </GBQualifier>
        <GBQualifier>
          <GBQualifier_name>region_name</GBQualifier_name>
          <GBQualifier_value>Beta-strand region</GBQualifier_value>
        </GBQualifier>
        <GBQualifier>
          <GBQualifier_name>experiment</GBQualifier_name>
          <GBQualifier_value>experimental evidence, no additional details recorded</GBQualifier_value>
        </GBQualifier>
        <GBQualifier>
          <GBQualifier_name>note</GBQualifier_name>
          <GBQualifier_value>{ECO:0000244|PDB:2FZJ}.</GBQualifier_value>
        </GBQualifier>
      </GBFeature_quals>
    </GBFeature>
    <GBFeature>
      <GBFeature_key>Region</GBFeature_key>
      <GBFeature_location>171..173</GBFeature_location>
      <GBFeature_intervals>
        <GBInterval>
          <GBInterval_from>171</GBInterval_from>
          <GBInterval_to>173</GBInterval_to>
          <GBInterval_accession>P00375.3</GBInterval_accession>
        </GBInterval>
      </GBFeature_intervals>
      <GBFeature_quals>
        <GBQualifier>
          <GBQualifier_name>gene</GBQualifier_name>
          <GBQualifier_value>Dhfr</GBQualifier_value>
        </GBQualifier>
        <GBQualifier>
          <GBQualifier_name>region_name</GBQualifier_name>
          <GBQualifier_value>Beta-strand region</GBQualifier_value>
        </GBQualifier>
        <GBQualifier>
          <GBQualifier_name>experiment</GBQualifier_name>
          <GBQualifier_value>experimental evidence, no additional details recorded</GBQualifier_value>
        </GBQualifier>
        <GBQualifier>
          <GBQualifier_name>note</GBQualifier_name>
          <GBQualifier_value>{ECO:0000244|PDB:3D80}.</GBQualifier_value>
        </GBQualifier>
      </GBFeature_quals>
    </GBFeature>
    <GBFeature>
      <GBFeature_key>Region</GBFeature_key>
      <GBFeature_location>174</GBFeature_location>
      <GBFeature_intervals>
        <GBInterval>
          <GBInterval_point>174</GBInterval_point>
          <GBInterval_accession>P00375.3</GBInterval_accession>
        </GBInterval>
      </GBFeature_intervals>
      <GBFeature_quals>
        <GBQualifier>
          <GBQualifier_name>gene</GBQualifier_name>
          <GBQualifier_value>Dhfr</GBQualifier_value>
        </GBQualifier>
        <GBQualifier>
          <GBQualifier_name>region_name</GBQualifier_name>
          <GBQualifier_value>Conflict</GBQualifier_value>
        </GBQualifier>
        <GBQualifier>
          <GBQualifier_name>experiment</GBQualifier_name>
          <GBQualifier_value>experimental evidence, no additional details recorded</GBQualifier_value>
        </GBQualifier>
        <GBQualifier>
          <GBQualifier_name>note</GBQualifier_name>
          <GBQualifier_value>K -&gt; D (in Ref. 5; AA sequence). {ECO:0000305}.</GBQualifier_value>
        </GBQualifier>
      </GBFeature_quals>
    </GBFeature>
    <GBFeature>
      <GBFeature_key>Region</GBFeature_key>
      <GBFeature_location>176..185</GBFeature_location>
      <GBFeature_intervals>
        <GBInterval>
          <GBInterval_from>176</GBInterval_from>
          <GBInterval_to>185</GBInterval_to>
          <GBInterval_accession>P00375.3</GBInterval_accession>
        </GBInterval>
      </GBFeature_intervals>
      <GBFeature_quals>
        <GBQualifier>
          <GBQualifier_name>gene</GBQualifier_name>
          <GBQualifier_value>Dhfr</GBQualifier_value>
        </GBQualifier>
        <GBQualifier>
          <GBQualifier_name>region_name</GBQualifier_name>
          <GBQualifier_value>Beta-strand region</GBQualifier_value>
        </GBQualifier>
        <GBQualifier>
          <GBQualifier_name>experiment</GBQualifier_name>
          <GBQualifier_value>experimental evidence, no additional details recorded</GBQualifier_value>
        </GBQualifier>
        <GBQualifier>
          <GBQualifier_name>note</GBQualifier_name>
          <GBQualifier_value>{ECO:0000244|PDB:3D80}.</GBQualifier_value>
        </GBQualifier>
      </GBFeature_quals>
    </GBFeature>
  </GBSeq_feature-table>
  <GBSeq_sequence>mvrplncivavsqnmgigkngdlpwpplrnefkyfqrmtttssvegkqnlvimgrktwfsipeknrplkdrinivlsrelkepprgahflakslddalrlieqpelaskvdmvwivggssvyqeamnqpghlrlfvtrimqefesdtffpeidlgkykllpeypgvlsevqeekgikykfevyekkd</GBSeq_sequence>
</GBSeq>

</GBSet>
