<?xml version="1.0" ?>
<!DOCTYPE GBSet PUBLIC "-//NCBI//NCBI GBSeq/EN" "https://www.ncbi.nlm.nih.gov/dtd/NCBI_GBSeq.dtd">
<GBSet>
<GBSeq>
  <GBSeq_locus>DYR_STAAM</GBSeq_locus>
  <GBSeq_length>159</GBSeq_length>
  <GBSeq_moltype>AA</GBSeq_moltype>
  <GBSeq_topology>linear</GBSeq_topology>
  <GBSeq_division>BCT</GBSeq_division>
  <GBSeq_update-date>22-NOV-2017</GBSeq_update-date>
  <GBSeq_create-date>01-MAR-2005</GBSeq_create-date>
  <GBSeq_definition>RecName: Full=Dihydrofolate reductase; Short=DHFR</GBSeq_definition>
  <GBSeq_primary-accession>P0A016</GBSeq_primary-accession>
  <GBSeq_accession-version>P0A016.2</GBSeq_accession-version>
  <GBSeq_other-seqids>
    <GBSeqid>sp|P0A016.2|DYR_STAAM</GBSeqid>
    <GBSeqid>gi|60392214</GBSeqid>
  </GBSeq_other-seqids>
  <GBSeq_keywords>
    <GBKeyword>Complete proteome</GBKeyword>
    <GBKeyword>NADP</GBKeyword>
    <GBKeyword>One-carbon metabolism</GBKeyword>
    <GBKeyword>Oxidoreductase</GBKeyword>
  </GBSeq_keywords>
  <GBSeq_source>Staphylococcus aureus subsp. aureus Mu50</GBSeq_source>
  <GBSeq_organism>Staphylococcus aureus subsp. aureus Mu50</GBSeq_organism>
  <GBSeq_taxonomy>Bacteria; Firmicutes; Bacilli; Bacillales; Staphylococcaceae; Staphylococcus</GBSeq_taxonomy>
  <GBSeq_references>
    <GBReference>
      <GBReference_reference>1</GBReference_reference>
      <GBReference_position>1..159</GBReference_position>
      <GBReference_authors>
        <GBAuthor>Kuroda,M.</GBAuthor>
        <GBAuthor>Ohta,T.</GBAuthor>
        <GBAuthor>Uchiyama,I.</GBAuthor>
        <GBAuthor>Baba,T.</GBAuthor>
        <GBAuthor>Yuzawa,H.</GBAuthor>
        <GBAuthor>Kobayashi,I.</GBAuthor>
        <GBAuthor>Cui,L.</GBAuthor>
        <GBAuthor>Oguchi,A.</GBAuthor>
        <GBAuthor>Aoki,K.</GBAuthor>
        <GBAuthor>Nagai,Y.</GBAuthor>
        <GBAuthor>Lian,J.</GBAuthor>
        <GBAuthor>Ito,T.</GBAuthor>
        <GBAuthor>Kanamori,M.</GBAuthor>
        <GBAuthor>Matsumaru,H.</GBAuthor>
        <GBAuthor>Maruyama,A.</GBAuthor>
        <GBAuthor>Murakami,H.</GBAuthor>
        <GBAuthor>Hosoyama,A.</GBAuthor>
        <GBAuthor>Mizutani-Ui,Y.</GBAuthor>
        <GBAuthor>Takahashi,N.K.</GBAuthor>
        <GBAuthor>Sawano,T.</GBAuthor>
        <GBAuthor>Inoue,R.</GBAuthor>
        <GBAuthor>Kaito,C.</GBAuthor>
        <GBAuthor>Sekimizu,K.</GBAuthor>
        <GBAuthor>Hirakawa,H.</GBAuthor>
        <GBAuthor>Kuhara,S.</GBAuthor>
        <GBAuthor>Goto,S.</GBAuthor>
        <GBAuthor>Yabuzaki,J.</GBAuthor>
        <GBAuthor>Kanehisa,M.</GBAuthor>
        <GBAuthor>Yamashita,A.</GBAuthor>
        <GBAuthor>Oshima,K.</GBAuthor>
        <GBAuthor>Furuya,K.</GBAuthor>
        <GBAuthor>Yoshino,C.</GBAuthor>
        <GBAuthor>Shiba,T.</GBAuthor>
        <GBAuthor>Hattori,M.</GBAuthor>
        <GBAuthor>Ogasawara,N.</GBAuthor>
        <GBAuthor>Hayashi,H.</GBAuthor>
        <GBAuthor>Hiramatsu,K.</GBAuthor>
      </GBReference_authors>
      <GBReference_title>Whole genome sequencing of meticillin-resistant Staphylococcus aureus</GBReference_title>
      <GBReference_journal>Lancet 357 (9264), 1225-1240 (2001)</GBReference_journal>
      <GBReference_xref>
        <GBXref>
          <GBXref_dbname>doi</GBXref_dbname>
          <GBXref_id>10.1016/S0140-6736(00)04403-2</GBXref_id>
        </GBXref>
      </GBReference_xref>
      <GBReference_pubmed>11418146</GBReference_pubmed>
      <GBReference_remark>NUCLEOTIDE SEQUENCE [LARGE SCALE GENOMIC DNA].;~STRAIN=Mu50 / ATCC 700699</GBReference_remark>
    </GBReference>
  </GBSeq_references>
  <GBSeq_comment>On Mar 1, 2005 this sequence version replaced gi:544199.; [FUNCTION] Key enzyme in folate metabolism. Catalyzes an essential reaction for de novo glycine and purine synthesis, and for DNA precursor synthesis (By similarity). {ECO:0000250}.; [CATALYTIC ACTIVITY] 5,6,7,8-tetrahydrofolate + NADP(+) = 7,8-dihydrofolate + NADPH. {ECO:0000255|PROSITE-ProRule:PRU00660}.; [PATHWAY] Cofactor biosynthesis; tetrahydrofolate biosynthesis; 5,6,7,8-tetrahydrofolate from 7,8-dihydrofolate: step 1/1.; [SIMILARITY] Belongs to the dihydrofolate reductase family. {ECO:0000305}.</GBSeq_comment>
  <GBSeq_source-db>UniProtKB: locus DYR_STAAM, accession P0A016; class: standard. extra accessions:P10167 created: Mar 1, 2005. sequence updated: Jan 23, 2007. annotation updated: Nov 22, 2017. xrefs: BA000017.4, BAB57588.1, WP_000175746.1 xrefs (non-sequence databases): ProteinModelPortal:P0A016, SMR:P0A016, STRING:158878.SAV1426, World-2DPAGE:0002:P0A016, PaxDb:P0A016, EnsemblBacteria:BAB57588, EnsemblBacteria:BAB57588, EnsemblBacteria:SAV1426, GeneID:31214198, KEGG:sav:SAV1426, eggNOG:ENOG4108YYV, eggNOG:COG0262, HOGENOM:HOG000040233, KO:K00287, OMA:RDNQLPW, PhylomeDB:P0A016, UniPathway:UPA00077, Proteomes:UP000002481, GO:0004146, GO:0050661, GO:0006545, GO:0009165, GO:0006730, GO:0046654, CDD:cd00209, Gene3D:3.40.430.10, InterPro:IPR012259, InterPro:IPR024072, InterPro:IPR017925, InterPro:IPR001796, Pfam:PF00186, PIRSF:PIRSF000194, PRINTS:PR00070, SUPFAM:SSF53597, PROSITE:PS00075, PROSITE:PS51330</GBSeq_source-db>
  <GBSeq_feature-table>
    <GBFeature>
      <GBFeature_key>source</GBFeature_key>
      <GBFeature_location>1..159</GBFeature_location>
      <GBFeature_intervals>
        <GBInterval>
          <GBInterval_from>1</GBInterval_from>
          <GBInterval_to>159</GBInterval_to>
          <GBInterval_accession>P0A016.2</GBInterval_accession>
        </GBInterval>
      </GBFeature_intervals>
      <GBFeature_quals>
        <GBQualifier>
          <GBQualifier_name>organism</GBQualifier_name>
          <GBQualifier_value>Staphylococcus aureus subsp. aureus Mu50</GBQualifier_value>
        </GBQualifier>
        <GBQualifier>
          <GBQualifier_name>db_xref</GBQualifier_name>
          <GBQualifier_value>taxon:158878</GBQualifier_value>
        </GBQualifier>
      </GBFeature_quals>
    </GBFeature>
    <GBFeature>
      <GBFeature_key>gene</GBFeature_key>
      <GBFeature_location>1..159</GBFeature_location>
      <GBFeature_intervals>
        <GBInterval>
          <GBInterval_from>1</GBInterval_from>
          <GBInterval_to>159</GBInterval_to>
          <GBInterval_accession>P0A016.2</GBInterval_accession>
        </GBInterval>
      </GBFeature_intervals>
      <GBFeature_quals>
        <GBQualifier>
          <GBQualifier_name>gene</GBQualifier_name>
          <GBQualifier_value>folA</GBQualifier_value>
        </GBQualifier>
        <GBQualifier>
          <GBQualifier_name>locus_tag</GBQualifier_name>
          <GBQualifier_value>SAV1426</GBQualifier_value>
        </GBQualifier>
      </GBFeature_quals>
    </GBFeature>
    <GBFeature>
      <GBFeature_key>Protein</GBFeature_key>
      <GBFeature_location>1..159</GBFeature_location>
      <GBFeature_intervals>
        <GBInterval>
          <GBInterval_from>1</GBInterval_from>
          <GBInterval_to>159</GBInterval_to>
          <GBInterval_accession>P0A016.2</GBInterval_accession>
        </GBInterval>
      </GBFeature_intervals>
      <GBFeature_quals>
        <GBQualifier>
          <GBQualifier_name>gene</GBQualifier_name>
          <GBQualifier_value>folA</GBQualifier_value>
        </GBQualifier>
        <GBQualifier>
          <GBQualifier_name>locus_tag</GBQualifier_name>
          <GBQualifier_value>SAV1426</GBQualifier_value>
        </GBQualifier>
        <GBQualifier>
          <GBQualifier_name>product</GBQualifier_name>
          <GBQualifier_value>Dihydrofolate reductase</GBQualifier_value>
        </GBQualifier>
        <GBQualifier>
          <GBQualifier_name>EC_number</GBQualifier_name>
          <GBQualifier_value>1.5.1.3</GBQualifier_value>
        </GBQualifier>
        <GBQualifier>
          <GBQualifier_name>note</GBQualifier_name>
          <GBQualifier_value>DHFR</GBQualifier_value>
        </GBQualifier>
        <GBQualifier>
          <GBQualifier_name>UniProtKB_evidence</GBQualifier_name>
          <GBQualifier_value>Inferred from homology</GBQualifier_value>
        </GBQualifier>
        <GBQualifier>
          <GBQualifier_name>calculated_mol_wt</GBQualifier_name>
          <GBQualifier_value>18120</GBQualifier_value>
        </GBQualifier>
      </GBFeature_quals>
    </GBFeature>
    <GBFeature>
      <GBFeature_key>Region</GBFeature_key>
      <GBFeature_location>2..159</GBFeature_location>
      <GBFeature_intervals>
        <GBInterval>
          <GBInterval_from>2</GBInterval_from>
          <GBInterval_to>159</GBInterval_to>
          <GBInterval_accession>P0A016.2</GBInterval_accession>
        </GBInterval>
      </GBFeature_intervals>
      <GBFeature_quals>
        <GBQualifier>
          <GBQualifier_name>gene</GBQualifier_name>
          <GBQualifier_value>folA</GBQualifier_value>
        </GBQualifier>
        <GBQualifier>
          <GBQualifier_name>locus_tag</GBQualifier_name>
          <GBQualifier_value>SAV1426</GBQualifier_value>
        </GBQualifier>
        <GBQualifier>
          <GBQualifier_name>region_name</GBQualifier_name>
          <GBQualifier_value>Mature chain</GBQualifier_value>
        </GBQualifier>
        <GBQualifier>
          <GBQualifier_name>experiment</GBQualifier_name>
          <GBQualifier_value>experimental evidence, no additional details recorded</GBQualifier_value>
        </GBQualifier>
        <GBQualifier>
          <GBQualifier_name>note</GBQualifier_name>
          <GBQualifier_value>Dihydrofolate reductase. /FTId=PRO_0000186407.</GBQualifier_value>
        </GBQualifier>
      </GBFeature_quals>
    </GBFeature>
    <GBFeature>
      <GBFeature_key>Region</GBFeature_key>
      <GBFeature_location>2..157</GBFeature_location>
      <GBFeature_intervals>
        <GBInterval>
          <GBInterval_from>2</GBInterval_from>
          <GBInterval_to>157</GBInterval_to>
          <GBInterval_accession>P0A016.2</GBInterval_accession>
        </GBInterval>
      </GBFeature_intervals>
      <GBFeature_quals>
        <GBQualifier>
          <GBQualifier_name>gene</GBQualifier_name>
          <GBQualifier_value>folA</GBQualifier_value>
        </GBQualifier>
        <GBQualifier>
          <GBQualifier_name>locus_tag</GBQualifier_name>
          <GBQualifier_value>SAV1426</GBQualifier_value>
        </GBQualifier>
        <GBQualifier>
          <GBQualifier_name>region_name</GBQualifier_name>
          <GBQualifier_value>Domain</GBQualifier_value>
        </GBQualifier>
        <GBQualifier>
          <GBQualifier_name>experiment</GBQualifier_name>
          <GBQualifier_value>experimental evidence, no additional details recorded</GBQualifier_value>
        </GBQualifier>
        <GBQualifier>
          <GBQualifier_name>note</GBQualifier_name>
          <GBQualifier_value>DHFR. {ECO:0000255|PROSITE-ProRule:PRU00660}.</GBQualifier_value>
        </GBQualifier>
      </GBFeature_quals>
    </GBFeature>
    <GBFeature>
      <GBFeature_key>Region</GBFeature_key>
      <GBFeature_location>2..157</GBFeature_location>
      <GBFeature_intervals>
        <GBInterval>
          <GBInterval_from>2</GBInterval_from>
          <GBInterval_to>157</GBInterval_to>
          <GBInterval_accession>P0A016.2</GBInterval_accession>
        </GBInterval>
      </GBFeature_intervals>
      <GBFeature_quals>
        <GBQualifier>
          <GBQualifier_name>gene</GBQualifier_name>
          <GBQualifier_value>folA</GBQualifier_value>
        </GBQualifier>
        <GBQualifier>
          <GBQualifier_name>locus_tag</GBQualifier_name>
          <GBQualifier_value>SAV1426</GBQualifier_value>
        </GBQualifier>
        <GBQualifier>
          <GBQualifier_name>region_name</GBQualifier_name>
          <GBQualifier_value>DHFR_1</GBQualifier_value>
        </GBQualifier>
        <GBQualifier>
          <GBQualifier_name>note</GBQualifier_name>
          <GBQualifier_value>Dihydrofolate reductase; pfam00186</GBQualifier_value>
        </GBQualifier>
        <GBQualifier>
          <GBQualifier_name>db_xref</GBQualifier_name>
          <GBQualifier_value>CDD:306655</GBQualifier_value>
        </GBQualifier>
      </GBFeature_quals>
    </GBFeature>
    <GBFeature>
      <GBFeature_key>Site</GBFeature_key>
      <GBFeature_location>order(6,23,28,58,93,99,112)</GBFeature_location>
      <GBFeature_intervals>
        <GBInterval>
          <GBInterval_point>6</GBInterval_point>
          <GBInterval_accession>P0A016.2</GBInterval_accession>
        </GBInterval>
        <GBInterval>
          <GBInterval_point>23</GBInterval_point>
          <GBInterval_accession>P0A016.2</GBInterval_accession>
        </GBInterval>
        <GBInterval>
          <GBInterval_point>28</GBInterval_point>
          <GBInterval_accession>P0A016.2</GBInterval_accession>
        </GBInterval>
        <GBInterval>
          <GBInterval_point>58</GBInterval_point>
          <GBInterval_accession>P0A016.2</GBInterval_accession>
        </GBInterval>
        <GBInterval>
          <GBInterval_point>93</GBInterval_point>
          <GBInterval_accession>P0A016.2</GBInterval_accession>
        </GBInterval>
        <GBInterval>
          <GBInterval_point>99</GBInterval_point>
          <GBInterval_accession>P0A016.2</GBInterval_accession>
        </GBInterval>
        <GBInterval>
          <GBInterval_point>112</GBInterval_point>
          <GBInterval_accession>P0A016.2</GBInterval_accession>
        </GBInterval>
      </GBFeature_intervals>
      <GBFeature_operator>order</GBFeature_operator>
      <GBFeature_quals>
        <GBQualifier>
          <GBQualifier_name>gene</GBQualifier_name>
          <GBQualifier_value>folA</GBQualifier_value>
        </GBQualifier>
        <GBQualifier>
          <GBQualifier_name>locus_tag</GBQualifier_name>
          <GBQualifier_value>SAV1426</GBQualifier_value>
        </GBQualifier>
        <GBQualifier>
          <GBQualifier_name>site_type</GBQualifier_name>
          <GBQualifier_value>other</GBQualifier_value>
        </GBQualifier>
        <GBQualifier>
          <GBQualifier_name>note</GBQualifier_name>
          <GBQualifier_value>folate binding site [chemical binding]</GBQualifier_value>
        </GBQualifier>
        <GBQualifier>
          <GBQualifier_name>db_xref</GBQualifier_name>
          <GBQualifier_value>CDD:238127</GBQualifier_value>
        </GBQualifier>
      </GBFeature_quals>
    </GBFeature>
    <GBFeature>
      <GBFeature_key>Region</GBFeature_key>
      <GBFeature_location>6..8</GBFeature_location>
      <GBFeature_intervals>
        <GBInterval>
          <GBInterval_from>6</GBInterval_from>
          <GBInterval_to>8</GBInterval_to>
          <GBInterval_accession>P0A016.2</GBInterval_accession>
        </GBInterval>
      </GBFeature_intervals>
      <GBFeature_quals>
        <GBQualifier>
          <GBQualifier_name>gene</GBQualifier_name>
          <GBQualifier_value>folA</GBQualifier_value>
        </GBQualifier>
        <GBQualifier>
          <GBQualifier_name>locus_tag</GBQualifier_name>
          <GBQualifier_value>SAV1426</GBQualifier_value>
        </GBQualifier>
        <GBQualifier>
          <GBQualifier_name>region_name</GBQualifier_name>
          <GBQualifier_value>Region of interest in the sequence</GBQualifier_value>
        </GBQualifier>
        <GBQualifier>
          <GBQualifier_name>experiment</GBQualifier_name>
          <GBQualifier_value>experimental evidence, no additional details recorded</GBQualifier_value>
        </GBQualifier>
        <GBQualifier>
          <GBQualifier_name>note</GBQualifier_name>
          <GBQualifier_value>Substrate binding. {ECO:0000250}.</GBQualifier_value>
        </GBQualifier>
      </GBFeature_quals>
    </GBFeature>
    <GBFeature>
      <GBFeature_key>Site</GBFeature_key>
      <GBFeature_location>7..8</GBFeature_location>
      <GBFeature_intervals>
        <GBInterval>
          <GBInterval_from>7</GBInterval_from>
          <GBInterval_to>8</GBInterval_to>
          <GBInterval_accession>P0A016.2</GBInterval_accession>
        </GBInterval>
      </GBFeature_intervals>
      <GBFeature_quals>
        <GBQualifier>
          <GBQualifier_name>gene</GBQualifier_name>
          <GBQualifier_value>folA</GBQualifier_value>
        </GBQualifier>
        <GBQualifier>
          <GBQualifier_name>locus_tag</GBQualifier_name>
          <GBQualifier_value>SAV1426</GBQualifier_value>
        </GBQualifier>
        <GBQualifier>
          <GBQualifier_name>site_type</GBQualifier_name>
          <GBQualifier_value>np-binding</GBQualifier_value>
        </GBQualifier>
        <GBQualifier>
          <GBQualifier_name>experiment</GBQualifier_name>
          <GBQualifier_value>experimental evidence, no additional details recorded</GBQualifier_value>
        </GBQualifier>
        <GBQualifier>
          <GBQualifier_name>note</GBQualifier_name>
          <GBQualifier_value>NADP. {ECO:0000250}.</GBQualifier_value>
        </GBQualifier>
      </GBFeature_quals>
    </GBFeature>
    <GBFeature>
      <GBFeature_key>Site</GBFeature_key>
      <GBFeature_location>order(8,15,45..47,65,94..97)</GBFeature_location>
      <GBFeature_intervals>
        <GBInterval>
          <GBInterval_point>8</GBInterval_point>
          <GBInterval_accession>P0A016.2</GBInterval_accession>
        </GBInterval>
        <GBInterval>
          <GBInterval_point>15</GBInterval_point>
          <GBInterval_accession>P0A016.2</GBInterval_accession>
        </GBInterval>
        <GBInterval>
          <GBInterval_from>45</GBInterval_from>
          <GBInterval_to>47</GBInterval_to>
          <GBInterval_accession>P0A016.2</GBInterval_accession>
        </GBInterval>
        <GBInterval>
          <GBInterval_point>65</GBInterval_point>
          <GBInterval_accession>P0A016.2</GBInterval_accession>
        </GBInterval>
        <GBInterval>
          <GBInterval_from>94</GBInterval_from>
          <GBInterval_to>97</GBInterval_to>
          <GBInterval_accession>P0A016.2</GBInterval_accession>
        </GBInterval>
      </GBFeature_intervals>
      <GBFeature_operator>order</GBFeature_operator>
      <GBFeature_quals>
        <GBQualifier>
          <GBQualifier_name>gene</GBQualifier_name>
          <GBQualifier_value>folA</GBQualifier_value>
        </GBQualifier>
        <GBQualifier>
          <GBQualifier_name>locus_tag</GBQualifier_name>
          <GBQualifier_value>SAV1426</GBQualifier_value>
        </GBQualifier>
        <GBQualifier>
          <GBQualifier_name>site_type</GBQualifier_name>
          <GBQualifier_value>other</GBQualifier_value>
        </GBQualifier>
        <GBQualifier>
          <GBQualifier_name>note</GBQualifier_name>
          <GBQualifier_value>NADP+ binding site [chemical binding]</GBQualifier_value>
        </GBQualifier>
        <GBQualifier>
          <GBQualifier_name>db_xref</GBQualifier_name>
          <GBQualifier_value>CDD:238127</GBQualifier_value>
        </GBQualifier>
      </GBFeature_quals>
    </GBFeature>
    <GBFeature>
      <GBFeature_key>Site</GBFeature_key>
      <GBFeature_location>15..20</GBFeature_location>
      <GBFeature_intervals>
        <GBInterval>
          <GBInterval_from>15</GBInterval_from>
          <GBInterval_to>20</GBInterval_to>
          <GBInterval_accession>P0A016.2</GBInterval_accession>
        </GBInterval>
      </GBFeature_intervals>
      <GBFeature_quals>
        <GBQualifier>
          <GBQualifier_name>gene</GBQualifier_name>
          <GBQualifier_value>folA</GBQualifier_value>
        </GBQualifier>
        <GBQualifier>
          <GBQualifier_name>locus_tag</GBQualifier_name>
          <GBQualifier_value>SAV1426</GBQualifier_value>
        </GBQualifier>
        <GBQualifier>
          <GBQualifier_name>site_type</GBQualifier_name>
          <GBQualifier_value>np-binding</GBQualifier_value>
        </GBQualifier>
        <GBQualifier>
          <GBQualifier_name>experiment</GBQualifier_name>
          <GBQualifier_value>experimental evidence, no additional details recorded</GBQualifier_value>
        </GBQualifier>
        <GBQualifier>
          <GBQualifier_name>note</GBQualifier_name>
          <GBQualifier_value>NADP. {ECO:0000250}.</GBQualifier_value>
        </GBQualifier>
      </GBFeature_quals>
    </GBFeature>
    <GBFeature>
      <GBFeature_key>Site</GBFeature_key>
      <GBFeature_location>28</GBFeature_location>
      <GBFeature_intervals>
        <GBInterval>
          <GBInterval_point>28</GBInterval_point>
          <GBInterval_accession>P0A016.2</GBInterval_accession>
        </GBInterval>
      </GBFeature_intervals>
      <GBFeature_quals>
        <GBQualifier>
          <GBQualifier_name>gene</GBQualifier_name>
          <GBQualifier_value>folA</GBQualifier_value>
        </GBQualifier>
        <GBQualifier>
          <GBQualifier_name>locus_tag</GBQualifier_name>
          <GBQualifier_value>SAV1426</GBQualifier_value>
        </GBQualifier>
        <GBQualifier>
          <GBQualifier_name>site_type</GBQualifier_name>
          <GBQualifier_value>binding</GBQualifier_value>
        </GBQualifier>
        <GBQualifier>
          <GBQualifier_name>experiment</GBQualifier_name>
          <GBQualifier_value>experimental evidence, no additional details recorded</GBQualifier_value>
        </GBQualifier>
        <GBQualifier>
          <GBQualifier_name>note</GBQualifier_name>
          <GBQualifier_value>Substrate. {ECO:0000250}.</GBQualifier_value>
        </GBQualifier>
      </GBFeature_quals>
    </GBFeature>
    <GBFeature>
      <GBFeature_key>Site</GBFeature_key>
      <GBFeature_location>44..47</GBFeature_location>
      <GBFeature_intervals>
        <GBInterval>
          <GBInterval_from>44</GBInterval_from>
          <GBInterval_to>47</GBInterval_to>
          <GBInterval_accession>P0A016.2</GBInterval_accession>
        </GBInterval>
      </GBFeature_intervals>
      <GBFeature_quals>
        <GBQualifier>
          <GBQualifier_name>gene</GBQualifier_name>
          <GBQualifier_value>folA</GBQualifier_value>
        </GBQualifier>
        <GBQualifier>
          <GBQualifier_name>locus_tag</GBQualifier_name>
          <GBQualifier_value>SAV1426</GBQualifier_value>
        </GBQualifier>
        <GBQualifier>
          <GBQualifier_name>site_type</GBQualifier_name>
          <GBQualifier_value>np-binding</GBQualifier_value>
        </GBQualifier>
        <GBQualifier>
          <GBQualifier_name>experiment</GBQualifier_name>
          <GBQualifier_value>experimental evidence, no additional details recorded</GBQualifier_value>
        </GBQualifier>
        <GBQualifier>
          <GBQualifier_name>note</GBQualifier_name>
          <GBQualifier_value>NADP. {ECO:0000250}.</GBQualifier_value>
        </GBQualifier>
      </GBFeature_quals>
    </GBFeature>
    <GBFeature>
      <GBFeature_key>Site</GBFeature_key>
      <GBFeature_location>58</GBFeature_location>
      <GBFeature_intervals>
        <GBInterval>
          <GBInterval_point>58</GBInterval_point>
          <GBInterval_accession>P0A016.2</GBInterval_accession>
        </GBInterval>
      </GBFeature_intervals>
      <GBFeature_quals>
        <GBQualifier>
          <GBQualifier_name>gene</GBQualifier_name>
          <GBQualifier_value>folA</GBQualifier_value>
        </GBQualifier>
        <GBQualifier>
          <GBQualifier_name>locus_tag</GBQualifier_name>
          <GBQualifier_value>SAV1426</GBQualifier_value>
        </GBQualifier>
        <GBQualifier>
          <GBQualifier_name>site_type</GBQualifier_name>
          <GBQualifier_value>binding</GBQualifier_value>
        </GBQualifier>
        <GBQualifier>
          <GBQualifier_name>experiment</GBQualifier_name>
          <GBQualifier_value>experimental evidence, no additional details recorded</GBQualifier_value>
        </GBQualifier>
        <GBQualifier>
          <GBQualifier_name>note</GBQualifier_name>
          <GBQualifier_value>Substrate. {ECO:0000250}.</GBQualifier_value>
        </GBQualifier>
      </GBFeature_quals>
    </GBFeature>
    <GBFeature>
      <GBFeature_key>Site</GBFeature_key>
      <GBFeature_location>63..66</GBFeature_location>
      <GBFeature_intervals>
        <GBInterval>
          <GBInterval_from>63</GBInterval_from>
          <GBInterval_to>66</GBInterval_to>
          <GBInterval_accession>P0A016.2</GBInterval_accession>
        </GBInterval>
      </GBFeature_intervals>
      <GBFeature_quals>
        <GBQualifier>
          <GBQualifier_name>gene</GBQualifier_name>
          <GBQualifier_value>folA</GBQualifier_value>
        </GBQualifier>
        <GBQualifier>
          <GBQualifier_name>locus_tag</GBQualifier_name>
          <GBQualifier_value>SAV1426</GBQualifier_value>
        </GBQualifier>
        <GBQualifier>
          <GBQualifier_name>site_type</GBQualifier_name>
          <GBQualifier_value>np-binding</GBQualifier_value>
        </GBQualifier>
        <GBQualifier>
          <GBQualifier_name>experiment</GBQualifier_name>
          <GBQualifier_value>experimental evidence, no additional details recorded</GBQualifier_value>
        </GBQualifier>
        <GBQualifier>
          <GBQualifier_name>note</GBQualifier_name>
          <GBQualifier_value>NADP. {ECO:0000250}.</GBQualifier_value>
        </GBQualifier>
      </GBFeature_quals>
    </GBFeature>
    <GBFeature>
      <GBFeature_key>Site</GBFeature_key>
      <GBFeature_location>93..98</GBFeature_location>
      <GBFeature_intervals>
        <GBInterval>
          <GBInterval_from>93</GBInterval_from>
          <GBInterval_to>98</GBInterval_to>
          <GBInterval_accession>P0A016.2</GBInterval_accession>
        </GBInterval>
      </GBFeature_intervals>
      <GBFeature_quals>
        <GBQualifier>
          <GBQualifier_name>gene</GBQualifier_name>
          <GBQualifier_value>folA</GBQualifier_value>
        </GBQualifier>
        <GBQualifier>
          <GBQualifier_name>locus_tag</GBQualifier_name>
          <GBQualifier_value>SAV1426</GBQualifier_value>
        </GBQualifier>
        <GBQualifier>
          <GBQualifier_name>site_type</GBQualifier_name>
          <GBQualifier_value>np-binding</GBQualifier_value>
        </GBQualifier>
        <GBQualifier>
          <GBQualifier_name>experiment</GBQualifier_name>
          <GBQualifier_value>experimental evidence, no additional details recorded</GBQualifier_value>
        </GBQualifier>
        <GBQualifier>
          <GBQualifier_name>note</GBQualifier_name>
          <GBQualifier_value>NADP. {ECO:0000250}.</GBQualifier_value>
        </GBQualifier>
      </GBFeature_quals>
    </GBFeature>
    <GBFeature>
      <GBFeature_key>Site</GBFeature_key>
      <GBFeature_location>112</GBFeature_location>
      <GBFeature_intervals>
        <GBInterval>
          <GBInterval_point>112</GBInterval_point>
          <GBInterval_accession>P0A016.2</GBInterval_accession>
        </GBInterval>
      </GBFeature_intervals>
      <GBFeature_quals>
        <GBQualifier>
          <GBQualifier_name>gene</GBQualifier_name>
          <GBQualifier_value>folA</GBQualifier_value>
        </GBQualifier>
        <GBQualifier>
          <GBQualifier_name>locus_tag</GBQualifier_name>
          <GBQualifier_value>SAV1426</GBQualifier_value>
        </GBQualifier>
        <GBQualifier>
          <GBQualifier_name>site_type</GBQualifier_name>
          <GBQualifier_value>binding</GBQualifier_value>
        </GBQualifier>
        <GBQualifier>
          <GBQualifier_name>experiment</GBQualifier_name>
          <GBQualifier_value>experimental evidence, no additional details recorded</GBQualifier_value>
        </GBQualifier>
        <GBQualifier>
          <GBQualifier_name>note</GBQualifier_name>
          <GBQualifier_value>Substrate. {ECO:0000250}.</GBQualifier_value>
        </GBQualifier>
      </GBFeature_quals>
    </GBFeature>
  </GBSeq_feature-table>
  <GBSeq_sequence>mtlsilvahdlqrvigfenqlpwhlpndlkhvkklstghtlvmgrktfesigkplpnrrnvvltsdtsfnvegvdvihsiediyqlpghvfifggqtlfeemidkvddmyitviegkfrgdtffppytfedwevassvegkldekntiphtflhlirkk</GBSeq_sequence>
</GBSeq>

</GBSet>
