<?xml version="1.0" ?>
<!DOCTYPE GBSet PUBLIC "-//NCBI//NCBI GBSeq/EN" "https://www.ncbi.nlm.nih.gov/dtd/NCBI_GBSeq.dtd">
<GBSet>
<GBSeq>
  <GBSeq_locus>DYR_SHIFL</GBSeq_locus>
  <GBSeq_length>159</GBSeq_length>
  <GBSeq_moltype>AA</GBSeq_moltype>
  <GBSeq_topology>linear</GBSeq_topology>
  <GBSeq_division>BCT</GBSeq_division>
  <GBSeq_update-date>22-NOV-2017</GBSeq_update-date>
  <GBSeq_create-date>21-JUL-1986</GBSeq_create-date>
  <GBSeq_definition>RecName: Full=Dihydrofolate reductase</GBSeq_definition>
  <GBSeq_primary-accession>P0ABQ6</GBSeq_primary-accession>
  <GBSeq_accession-version>P0ABQ6.1</GBSeq_accession-version>
  <GBSeq_other-seqids>
    <GBSeqid>sp|P0ABQ6.1|DYR_SHIFL</GBSeqid>
    <GBSeqid>gi|81175283</GBSeqid>
  </GBSeq_other-seqids>
  <GBSeq_keywords>
    <GBKeyword>Complete proteome</GBKeyword>
    <GBKeyword>NADP</GBKeyword>
    <GBKeyword>One-carbon metabolism</GBKeyword>
    <GBKeyword>Oxidoreductase</GBKeyword>
  </GBSeq_keywords>
  <GBSeq_source>Shigella flexneri</GBSeq_source>
  <GBSeq_organism>Shigella flexneri</GBSeq_organism>
  <GBSeq_taxonomy>Bacteria; Proteobacteria; Gammaproteobacteria; Enterobacterales; Enterobacteriaceae; Shigella</GBSeq_taxonomy>
  <GBSeq_references>
    <GBReference>
      <GBReference_reference>1</GBReference_reference>
      <GBReference_position>1..159</GBReference_position>
      <GBReference_authors>
        <GBAuthor>Jin,Q.</GBAuthor>
        <GBAuthor>Yuan,Z.</GBAuthor>
        <GBAuthor>Xu,J.</GBAuthor>
        <GBAuthor>Wang,Y.</GBAuthor>
        <GBAuthor>Shen,Y.</GBAuthor>
        <GBAuthor>Lu,W.</GBAuthor>
        <GBAuthor>Wang,J.</GBAuthor>
        <GBAuthor>Liu,H.</GBAuthor>
        <GBAuthor>Yang,J.</GBAuthor>
        <GBAuthor>Yang,F.</GBAuthor>
        <GBAuthor>Zhang,X.</GBAuthor>
        <GBAuthor>Zhang,J.</GBAuthor>
        <GBAuthor>Yang,G.</GBAuthor>
        <GBAuthor>Wu,H.</GBAuthor>
        <GBAuthor>Qu,D.</GBAuthor>
        <GBAuthor>Dong,J.</GBAuthor>
        <GBAuthor>Sun,L.</GBAuthor>
        <GBAuthor>Xue,Y.</GBAuthor>
        <GBAuthor>Zhao,A.</GBAuthor>
        <GBAuthor>Gao,Y.</GBAuthor>
        <GBAuthor>Zhu,J.</GBAuthor>
        <GBAuthor>Kan,B.</GBAuthor>
        <GBAuthor>Ding,K.</GBAuthor>
        <GBAuthor>Chen,S.</GBAuthor>
        <GBAuthor>Cheng,H.</GBAuthor>
        <GBAuthor>Yao,Z.</GBAuthor>
        <GBAuthor>He,B.</GBAuthor>
        <GBAuthor>Chen,R.</GBAuthor>
        <GBAuthor>Ma,D.</GBAuthor>
        <GBAuthor>Qiang,B.</GBAuthor>
        <GBAuthor>Wen,Y.</GBAuthor>
        <GBAuthor>Hou,Y.</GBAuthor>
        <GBAuthor>Yu,J.</GBAuthor>
      </GBReference_authors>
      <GBReference_title>Genome sequence of Shigella flexneri 2a: insights into pathogenicity through comparison with genomes of Escherichia coli K12 and O157</GBReference_title>
      <GBReference_journal>Nucleic Acids Res. 30 (20), 4432-4441 (2002)</GBReference_journal>
      <GBReference_xref>
        <GBXref>
          <GBXref_dbname>doi</GBXref_dbname>
          <GBXref_id>10.1093/nar/gkf566</GBXref_id>
        </GBXref>
      </GBReference_xref>
      <GBReference_pubmed>12384590</GBReference_pubmed>
      <GBReference_remark>NUCLEOTIDE SEQUENCE [LARGE SCALE GENOMIC DNA].;~STRAIN=301 / Serotype 2a</GBReference_remark>
    </GBReference>
    <GBReference>
      <GBReference_reference>2</GBReference_reference>
      <GBReference_position>1..159</GBReference_position>
      <GBReference_authors>
        <GBAuthor>Wei,J.</GBAuthor>
        <GBAuthor>Goldberg,M.B.</GBAuthor>
        <GBAuthor>Burland,V.</GBAuthor>
        <GBAuthor>Venkatesan,M.M.</GBAuthor>
        <GBAuthor>Deng,W.</GBAuthor>
        <GBAuthor>Fournier,G.</GBAuthor>
        <GBAuthor>Mayhew,G.F.</GBAuthor>
        <GBAuthor>Plunkett,G. 3rd</GBAuthor>
        <GBAuthor>Rose,D.J.</GBAuthor>
        <GBAuthor>Darling,A.</GBAuthor>
        <GBAuthor>Mau,B.</GBAuthor>
        <GBAuthor>Perna,N.T.</GBAuthor>
        <GBAuthor>Payne,S.M.</GBAuthor>
        <GBAuthor>Runyen-Janecky,L.J.</GBAuthor>
        <GBAuthor>Zhou,S.</GBAuthor>
        <GBAuthor>Schwartz,D.C.</GBAuthor>
        <GBAuthor>Blattner,F.R.</GBAuthor>
      </GBReference_authors>
      <GBReference_title>Complete genome sequence and comparative genomics of Shigella flexneri serotype 2a strain 2457T</GBReference_title>
      <GBReference_journal>Infect. Immun. 71 (5), 2775-2786 (2003)</GBReference_journal>
      <GBReference_xref>
        <GBXref>
          <GBXref_dbname>doi</GBXref_dbname>
          <GBXref_id>10.1128/IAI.71.5.2775-2786.2003</GBXref_id>
        </GBXref>
      </GBReference_xref>
      <GBReference_pubmed>12704152</GBReference_pubmed>
      <GBReference_remark>NUCLEOTIDE SEQUENCE [LARGE SCALE GENOMIC DNA].;~STRAIN=ATCC 700930 / 2457T / Serotype 2a; Erratum:[Infect Immun. 2003 Jul;71(7):4223]</GBReference_remark>
    </GBReference>
  </GBSeq_references>
  <GBSeq_comment>[FUNCTION] Key enzyme in folate metabolism. Catalyzes an essential reaction for de novo glycine and purine synthesis, and for DNA precursor synthesis (By similarity). {ECO:0000250}.; [CATALYTIC ACTIVITY] 5,6,7,8-tetrahydrofolate + NADP(+) = 7,8-dihydrofolate + NADPH. {ECO:0000255|PROSITE-ProRule:PRU00660}.; [PATHWAY] Cofactor biosynthesis; tetrahydrofolate biosynthesis; 5,6,7,8-tetrahydrofolate from 7,8-dihydrofolate: step 1/1.; [SIMILARITY] Belongs to the dihydrofolate reductase family. {ECO:0000305}.</GBSeq_comment>
  <GBSeq_source-db>UniProtKB: locus DYR_SHIFL, accession P0ABQ6; class: standard. extra accessions:P00379 created: Jul 21, 1986. sequence updated: Jul 21, 1986. annotation updated: Nov 22, 2017. xrefs: AE005674.2, AAN41711.2, AE014073.1, AAP15591.1, NP_706004.2, WP_000624375.1 xrefs (non-sequence databases): ProteinModelPortal:P0ABQ6, SMR:P0ABQ6, PaxDb:P0ABQ6, PRIDE:P0ABQ6, EnsemblBacteria:AAN41711, EnsemblBacteria:AAN41711, EnsemblBacteria:SF0045, EnsemblBacteria:AAP15591, EnsemblBacteria:AAP15591, EnsemblBacteria:S0047, GeneID:1024577, KEGG:sfl:SF0045, KEGG:sfx:S0047, PATRIC:fig|198214.7.peg.54, eggNOG:ENOG4108YYV, eggNOG:COG0262, HOGENOM:HOG000040233, KO:K00287, OMA:RDNQLPW, UniPathway:UPA00077, Proteomes:UP000001006, Proteomes:UP000002673, GO:0004146, GO:0050661, GO:0006545, GO:0009165, GO:0006730, GO:0046654, CDD:cd00209, Gene3D:3.40.430.10, InterPro:IPR012259, InterPro:IPR024072, InterPro:IPR017925, InterPro:IPR001796, Pfam:PF00186, PIRSF:PIRSF000194, PRINTS:PR00070, SUPFAM:SSF53597, PROSITE:PS00075, PROSITE:PS51330</GBSeq_source-db>
  <GBSeq_feature-table>
    <GBFeature>
      <GBFeature_key>source</GBFeature_key>
      <GBFeature_location>1..159</GBFeature_location>
      <GBFeature_intervals>
        <GBInterval>
          <GBInterval_from>1</GBInterval_from>
          <GBInterval_to>159</GBInterval_to>
          <GBInterval_accession>P0ABQ6.1</GBInterval_accession>
        </GBInterval>
      </GBFeature_intervals>
      <GBFeature_quals>
        <GBQualifier>
          <GBQualifier_name>organism</GBQualifier_name>
          <GBQualifier_value>Shigella flexneri</GBQualifier_value>
        </GBQualifier>
        <GBQualifier>
          <GBQualifier_name>db_xref</GBQualifier_name>
          <GBQualifier_value>taxon:623</GBQualifier_value>
        </GBQualifier>
      </GBFeature_quals>
    </GBFeature>
    <GBFeature>
      <GBFeature_key>gene</GBFeature_key>
      <GBFeature_location>1..159</GBFeature_location>
      <GBFeature_intervals>
        <GBInterval>
          <GBInterval_from>1</GBInterval_from>
          <GBInterval_to>159</GBInterval_to>
          <GBInterval_accession>P0ABQ6.1</GBInterval_accession>
        </GBInterval>
      </GBFeature_intervals>
      <GBFeature_quals>
        <GBQualifier>
          <GBQualifier_name>gene</GBQualifier_name>
          <GBQualifier_value>folA</GBQualifier_value>
        </GBQualifier>
        <GBQualifier>
          <GBQualifier_name>locus_tag</GBQualifier_name>
          <GBQualifier_value>SF0045</GBQualifier_value>
        </GBQualifier>
        <GBQualifier>
          <GBQualifier_name>gene_synonym</GBQualifier_name>
          <GBQualifier_value>S0047</GBQualifier_value>
        </GBQualifier>
      </GBFeature_quals>
    </GBFeature>
    <GBFeature>
      <GBFeature_key>Protein</GBFeature_key>
      <GBFeature_location>1..159</GBFeature_location>
      <GBFeature_intervals>
        <GBInterval>
          <GBInterval_from>1</GBInterval_from>
          <GBInterval_to>159</GBInterval_to>
          <GBInterval_accession>P0ABQ6.1</GBInterval_accession>
        </GBInterval>
      </GBFeature_intervals>
      <GBFeature_quals>
        <GBQualifier>
          <GBQualifier_name>gene</GBQualifier_name>
          <GBQualifier_value>folA</GBQualifier_value>
        </GBQualifier>
        <GBQualifier>
          <GBQualifier_name>locus_tag</GBQualifier_name>
          <GBQualifier_value>SF0045</GBQualifier_value>
        </GBQualifier>
        <GBQualifier>
          <GBQualifier_name>gene_synonym</GBQualifier_name>
          <GBQualifier_value>S0047</GBQualifier_value>
        </GBQualifier>
        <GBQualifier>
          <GBQualifier_name>product</GBQualifier_name>
          <GBQualifier_value>Dihydrofolate reductase</GBQualifier_value>
        </GBQualifier>
        <GBQualifier>
          <GBQualifier_name>EC_number</GBQualifier_name>
          <GBQualifier_value>1.5.1.3</GBQualifier_value>
        </GBQualifier>
        <GBQualifier>
          <GBQualifier_name>UniProtKB_evidence</GBQualifier_name>
          <GBQualifier_value>Inferred from homology</GBQualifier_value>
        </GBQualifier>
        <GBQualifier>
          <GBQualifier_name>calculated_mol_wt</GBQualifier_name>
          <GBQualifier_value>17868</GBQualifier_value>
        </GBQualifier>
      </GBFeature_quals>
    </GBFeature>
    <GBFeature>
      <GBFeature_key>Region</GBFeature_key>
      <GBFeature_location>1..159</GBFeature_location>
      <GBFeature_intervals>
        <GBInterval>
          <GBInterval_from>1</GBInterval_from>
          <GBInterval_to>159</GBInterval_to>
          <GBInterval_accession>P0ABQ6.1</GBInterval_accession>
        </GBInterval>
      </GBFeature_intervals>
      <GBFeature_quals>
        <GBQualifier>
          <GBQualifier_name>gene</GBQualifier_name>
          <GBQualifier_value>folA</GBQualifier_value>
        </GBQualifier>
        <GBQualifier>
          <GBQualifier_name>locus_tag</GBQualifier_name>
          <GBQualifier_value>SF0045</GBQualifier_value>
        </GBQualifier>
        <GBQualifier>
          <GBQualifier_name>gene_synonym</GBQualifier_name>
          <GBQualifier_value>S0047</GBQualifier_value>
        </GBQualifier>
        <GBQualifier>
          <GBQualifier_name>region_name</GBQualifier_name>
          <GBQualifier_value>Mature chain</GBQualifier_value>
        </GBQualifier>
        <GBQualifier>
          <GBQualifier_name>experiment</GBQualifier_name>
          <GBQualifier_value>experimental evidence, no additional details recorded</GBQualifier_value>
        </GBQualifier>
        <GBQualifier>
          <GBQualifier_name>note</GBQualifier_name>
          <GBQualifier_value>Dihydrofolate reductase. /FTId=PRO_0000186404.</GBQualifier_value>
        </GBQualifier>
      </GBFeature_quals>
    </GBFeature>
    <GBFeature>
      <GBFeature_key>Region</GBFeature_key>
      <GBFeature_location>1..159</GBFeature_location>
      <GBFeature_intervals>
        <GBInterval>
          <GBInterval_from>1</GBInterval_from>
          <GBInterval_to>159</GBInterval_to>
          <GBInterval_accession>P0ABQ6.1</GBInterval_accession>
        </GBInterval>
      </GBFeature_intervals>
      <GBFeature_quals>
        <GBQualifier>
          <GBQualifier_name>gene</GBQualifier_name>
          <GBQualifier_value>folA</GBQualifier_value>
        </GBQualifier>
        <GBQualifier>
          <GBQualifier_name>locus_tag</GBQualifier_name>
          <GBQualifier_value>SF0045</GBQualifier_value>
        </GBQualifier>
        <GBQualifier>
          <GBQualifier_name>gene_synonym</GBQualifier_name>
          <GBQualifier_value>S0047</GBQualifier_value>
        </GBQualifier>
        <GBQualifier>
          <GBQualifier_name>region_name</GBQualifier_name>
          <GBQualifier_value>folA</GBQualifier_value>
        </GBQualifier>
        <GBQualifier>
          <GBQualifier_name>note</GBQualifier_name>
          <GBQualifier_value>dihydrofolate reductase; Provisional; PRK10769</GBQualifier_value>
        </GBQualifier>
        <GBQualifier>
          <GBQualifier_name>db_xref</GBQualifier_name>
          <GBQualifier_value>CDD:182714</GBQualifier_value>
        </GBQualifier>
      </GBFeature_quals>
    </GBFeature>
    <GBFeature>
      <GBFeature_key>Region</GBFeature_key>
      <GBFeature_location>1..158</GBFeature_location>
      <GBFeature_intervals>
        <GBInterval>
          <GBInterval_from>1</GBInterval_from>
          <GBInterval_to>158</GBInterval_to>
          <GBInterval_accession>P0ABQ6.1</GBInterval_accession>
        </GBInterval>
      </GBFeature_intervals>
      <GBFeature_quals>
        <GBQualifier>
          <GBQualifier_name>gene</GBQualifier_name>
          <GBQualifier_value>folA</GBQualifier_value>
        </GBQualifier>
        <GBQualifier>
          <GBQualifier_name>locus_tag</GBQualifier_name>
          <GBQualifier_value>SF0045</GBQualifier_value>
        </GBQualifier>
        <GBQualifier>
          <GBQualifier_name>gene_synonym</GBQualifier_name>
          <GBQualifier_value>S0047</GBQualifier_value>
        </GBQualifier>
        <GBQualifier>
          <GBQualifier_name>region_name</GBQualifier_name>
          <GBQualifier_value>Domain</GBQualifier_value>
        </GBQualifier>
        <GBQualifier>
          <GBQualifier_name>experiment</GBQualifier_name>
          <GBQualifier_value>experimental evidence, no additional details recorded</GBQualifier_value>
        </GBQualifier>
        <GBQualifier>
          <GBQualifier_name>note</GBQualifier_name>
          <GBQualifier_value>DHFR. {ECO:0000255|PROSITE-ProRule:PRU00660}.</GBQualifier_value>
        </GBQualifier>
      </GBFeature_quals>
    </GBFeature>
    <GBFeature>
      <GBFeature_key>Site</GBFeature_key>
      <GBFeature_location>order(5,22,27,57,94,100,113)</GBFeature_location>
      <GBFeature_intervals>
        <GBInterval>
          <GBInterval_point>5</GBInterval_point>
          <GBInterval_accession>P0ABQ6.1</GBInterval_accession>
        </GBInterval>
        <GBInterval>
          <GBInterval_point>22</GBInterval_point>
          <GBInterval_accession>P0ABQ6.1</GBInterval_accession>
        </GBInterval>
        <GBInterval>
          <GBInterval_point>27</GBInterval_point>
          <GBInterval_accession>P0ABQ6.1</GBInterval_accession>
        </GBInterval>
        <GBInterval>
          <GBInterval_point>57</GBInterval_point>
          <GBInterval_accession>P0ABQ6.1</GBInterval_accession>
        </GBInterval>
        <GBInterval>
          <GBInterval_point>94</GBInterval_point>
          <GBInterval_accession>P0ABQ6.1</GBInterval_accession>
        </GBInterval>
        <GBInterval>
          <GBInterval_point>100</GBInterval_point>
          <GBInterval_accession>P0ABQ6.1</GBInterval_accession>
        </GBInterval>
        <GBInterval>
          <GBInterval_point>113</GBInterval_point>
          <GBInterval_accession>P0ABQ6.1</GBInterval_accession>
        </GBInterval>
      </GBFeature_intervals>
      <GBFeature_operator>order</GBFeature_operator>
      <GBFeature_quals>
        <GBQualifier>
          <GBQualifier_name>gene</GBQualifier_name>
          <GBQualifier_value>folA</GBQualifier_value>
        </GBQualifier>
        <GBQualifier>
          <GBQualifier_name>locus_tag</GBQualifier_name>
          <GBQualifier_value>SF0045</GBQualifier_value>
        </GBQualifier>
        <GBQualifier>
          <GBQualifier_name>gene_synonym</GBQualifier_name>
          <GBQualifier_value>S0047</GBQualifier_value>
        </GBQualifier>
        <GBQualifier>
          <GBQualifier_name>site_type</GBQualifier_name>
          <GBQualifier_value>other</GBQualifier_value>
        </GBQualifier>
        <GBQualifier>
          <GBQualifier_name>note</GBQualifier_name>
          <GBQualifier_value>folate binding site [chemical binding]</GBQualifier_value>
        </GBQualifier>
        <GBQualifier>
          <GBQualifier_name>db_xref</GBQualifier_name>
          <GBQualifier_value>CDD:238127</GBQualifier_value>
        </GBQualifier>
      </GBFeature_quals>
    </GBFeature>
    <GBFeature>
      <GBFeature_key>Region</GBFeature_key>
      <GBFeature_location>5..7</GBFeature_location>
      <GBFeature_intervals>
        <GBInterval>
          <GBInterval_from>5</GBInterval_from>
          <GBInterval_to>7</GBInterval_to>
          <GBInterval_accession>P0ABQ6.1</GBInterval_accession>
        </GBInterval>
      </GBFeature_intervals>
      <GBFeature_quals>
        <GBQualifier>
          <GBQualifier_name>gene</GBQualifier_name>
          <GBQualifier_value>folA</GBQualifier_value>
        </GBQualifier>
        <GBQualifier>
          <GBQualifier_name>locus_tag</GBQualifier_name>
          <GBQualifier_value>SF0045</GBQualifier_value>
        </GBQualifier>
        <GBQualifier>
          <GBQualifier_name>gene_synonym</GBQualifier_name>
          <GBQualifier_value>S0047</GBQualifier_value>
        </GBQualifier>
        <GBQualifier>
          <GBQualifier_name>region_name</GBQualifier_name>
          <GBQualifier_value>Region of interest in the sequence</GBQualifier_value>
        </GBQualifier>
        <GBQualifier>
          <GBQualifier_name>experiment</GBQualifier_name>
          <GBQualifier_value>experimental evidence, no additional details recorded</GBQualifier_value>
        </GBQualifier>
        <GBQualifier>
          <GBQualifier_name>note</GBQualifier_name>
          <GBQualifier_value>Substrate binding. {ECO:0000250}.</GBQualifier_value>
        </GBQualifier>
      </GBFeature_quals>
    </GBFeature>
    <GBFeature>
      <GBFeature_key>Site</GBFeature_key>
      <GBFeature_location>6..7</GBFeature_location>
      <GBFeature_intervals>
        <GBInterval>
          <GBInterval_from>6</GBInterval_from>
          <GBInterval_to>7</GBInterval_to>
          <GBInterval_accession>P0ABQ6.1</GBInterval_accession>
        </GBInterval>
      </GBFeature_intervals>
      <GBFeature_quals>
        <GBQualifier>
          <GBQualifier_name>gene</GBQualifier_name>
          <GBQualifier_value>folA</GBQualifier_value>
        </GBQualifier>
        <GBQualifier>
          <GBQualifier_name>locus_tag</GBQualifier_name>
          <GBQualifier_value>SF0045</GBQualifier_value>
        </GBQualifier>
        <GBQualifier>
          <GBQualifier_name>gene_synonym</GBQualifier_name>
          <GBQualifier_value>S0047</GBQualifier_value>
        </GBQualifier>
        <GBQualifier>
          <GBQualifier_name>site_type</GBQualifier_name>
          <GBQualifier_value>np-binding</GBQualifier_value>
        </GBQualifier>
        <GBQualifier>
          <GBQualifier_name>experiment</GBQualifier_name>
          <GBQualifier_value>experimental evidence, no additional details recorded</GBQualifier_value>
        </GBQualifier>
        <GBQualifier>
          <GBQualifier_name>note</GBQualifier_name>
          <GBQualifier_value>NADP. {ECO:0000250}.</GBQualifier_value>
        </GBQualifier>
      </GBFeature_quals>
    </GBFeature>
    <GBFeature>
      <GBFeature_key>Site</GBFeature_key>
      <GBFeature_location>order(7,14,44..46,64,95..98)</GBFeature_location>
      <GBFeature_intervals>
        <GBInterval>
          <GBInterval_point>7</GBInterval_point>
          <GBInterval_accession>P0ABQ6.1</GBInterval_accession>
        </GBInterval>
        <GBInterval>
          <GBInterval_point>14</GBInterval_point>
          <GBInterval_accession>P0ABQ6.1</GBInterval_accession>
        </GBInterval>
        <GBInterval>
          <GBInterval_from>44</GBInterval_from>
          <GBInterval_to>46</GBInterval_to>
          <GBInterval_accession>P0ABQ6.1</GBInterval_accession>
        </GBInterval>
        <GBInterval>
          <GBInterval_point>64</GBInterval_point>
          <GBInterval_accession>P0ABQ6.1</GBInterval_accession>
        </GBInterval>
        <GBInterval>
          <GBInterval_from>95</GBInterval_from>
          <GBInterval_to>98</GBInterval_to>
          <GBInterval_accession>P0ABQ6.1</GBInterval_accession>
        </GBInterval>
      </GBFeature_intervals>
      <GBFeature_operator>order</GBFeature_operator>
      <GBFeature_quals>
        <GBQualifier>
          <GBQualifier_name>gene</GBQualifier_name>
          <GBQualifier_value>folA</GBQualifier_value>
        </GBQualifier>
        <GBQualifier>
          <GBQualifier_name>locus_tag</GBQualifier_name>
          <GBQualifier_value>SF0045</GBQualifier_value>
        </GBQualifier>
        <GBQualifier>
          <GBQualifier_name>gene_synonym</GBQualifier_name>
          <GBQualifier_value>S0047</GBQualifier_value>
        </GBQualifier>
        <GBQualifier>
          <GBQualifier_name>site_type</GBQualifier_name>
          <GBQualifier_value>other</GBQualifier_value>
        </GBQualifier>
        <GBQualifier>
          <GBQualifier_name>note</GBQualifier_name>
          <GBQualifier_value>NADP+ binding site [chemical binding]</GBQualifier_value>
        </GBQualifier>
        <GBQualifier>
          <GBQualifier_name>db_xref</GBQualifier_name>
          <GBQualifier_value>CDD:238127</GBQualifier_value>
        </GBQualifier>
      </GBFeature_quals>
    </GBFeature>
    <GBFeature>
      <GBFeature_key>Site</GBFeature_key>
      <GBFeature_location>14..19</GBFeature_location>
      <GBFeature_intervals>
        <GBInterval>
          <GBInterval_from>14</GBInterval_from>
          <GBInterval_to>19</GBInterval_to>
          <GBInterval_accession>P0ABQ6.1</GBInterval_accession>
        </GBInterval>
      </GBFeature_intervals>
      <GBFeature_quals>
        <GBQualifier>
          <GBQualifier_name>gene</GBQualifier_name>
          <GBQualifier_value>folA</GBQualifier_value>
        </GBQualifier>
        <GBQualifier>
          <GBQualifier_name>locus_tag</GBQualifier_name>
          <GBQualifier_value>SF0045</GBQualifier_value>
        </GBQualifier>
        <GBQualifier>
          <GBQualifier_name>gene_synonym</GBQualifier_name>
          <GBQualifier_value>S0047</GBQualifier_value>
        </GBQualifier>
        <GBQualifier>
          <GBQualifier_name>site_type</GBQualifier_name>
          <GBQualifier_value>np-binding</GBQualifier_value>
        </GBQualifier>
        <GBQualifier>
          <GBQualifier_name>experiment</GBQualifier_name>
          <GBQualifier_value>experimental evidence, no additional details recorded</GBQualifier_value>
        </GBQualifier>
        <GBQualifier>
          <GBQualifier_name>note</GBQualifier_name>
          <GBQualifier_value>NADP. {ECO:0000250}.</GBQualifier_value>
        </GBQualifier>
      </GBFeature_quals>
    </GBFeature>
    <GBFeature>
      <GBFeature_key>Site</GBFeature_key>
      <GBFeature_location>27</GBFeature_location>
      <GBFeature_intervals>
        <GBInterval>
          <GBInterval_point>27</GBInterval_point>
          <GBInterval_accession>P0ABQ6.1</GBInterval_accession>
        </GBInterval>
      </GBFeature_intervals>
      <GBFeature_quals>
        <GBQualifier>
          <GBQualifier_name>gene</GBQualifier_name>
          <GBQualifier_value>folA</GBQualifier_value>
        </GBQualifier>
        <GBQualifier>
          <GBQualifier_name>locus_tag</GBQualifier_name>
          <GBQualifier_value>SF0045</GBQualifier_value>
        </GBQualifier>
        <GBQualifier>
          <GBQualifier_name>gene_synonym</GBQualifier_name>
          <GBQualifier_value>S0047</GBQualifier_value>
        </GBQualifier>
        <GBQualifier>
          <GBQualifier_name>site_type</GBQualifier_name>
          <GBQualifier_value>binding</GBQualifier_value>
        </GBQualifier>
        <GBQualifier>
          <GBQualifier_name>experiment</GBQualifier_name>
          <GBQualifier_value>experimental evidence, no additional details recorded</GBQualifier_value>
        </GBQualifier>
        <GBQualifier>
          <GBQualifier_name>note</GBQualifier_name>
          <GBQualifier_value>Substrate. {ECO:0000250}.</GBQualifier_value>
        </GBQualifier>
      </GBFeature_quals>
    </GBFeature>
    <GBFeature>
      <GBFeature_key>Site</GBFeature_key>
      <GBFeature_location>43..46</GBFeature_location>
      <GBFeature_intervals>
        <GBInterval>
          <GBInterval_from>43</GBInterval_from>
          <GBInterval_to>46</GBInterval_to>
          <GBInterval_accession>P0ABQ6.1</GBInterval_accession>
        </GBInterval>
      </GBFeature_intervals>
      <GBFeature_quals>
        <GBQualifier>
          <GBQualifier_name>gene</GBQualifier_name>
          <GBQualifier_value>folA</GBQualifier_value>
        </GBQualifier>
        <GBQualifier>
          <GBQualifier_name>locus_tag</GBQualifier_name>
          <GBQualifier_value>SF0045</GBQualifier_value>
        </GBQualifier>
        <GBQualifier>
          <GBQualifier_name>gene_synonym</GBQualifier_name>
          <GBQualifier_value>S0047</GBQualifier_value>
        </GBQualifier>
        <GBQualifier>
          <GBQualifier_name>site_type</GBQualifier_name>
          <GBQualifier_value>np-binding</GBQualifier_value>
        </GBQualifier>
        <GBQualifier>
          <GBQualifier_name>experiment</GBQualifier_name>
          <GBQualifier_value>experimental evidence, no additional details recorded</GBQualifier_value>
        </GBQualifier>
        <GBQualifier>
          <GBQualifier_name>note</GBQualifier_name>
          <GBQualifier_value>NADP. {ECO:0000250}.</GBQualifier_value>
        </GBQualifier>
      </GBFeature_quals>
    </GBFeature>
    <GBFeature>
      <GBFeature_key>Site</GBFeature_key>
      <GBFeature_location>57</GBFeature_location>
      <GBFeature_intervals>
        <GBInterval>
          <GBInterval_point>57</GBInterval_point>
          <GBInterval_accession>P0ABQ6.1</GBInterval_accession>
        </GBInterval>
      </GBFeature_intervals>
      <GBFeature_quals>
        <GBQualifier>
          <GBQualifier_name>gene</GBQualifier_name>
          <GBQualifier_value>folA</GBQualifier_value>
        </GBQualifier>
        <GBQualifier>
          <GBQualifier_name>locus_tag</GBQualifier_name>
          <GBQualifier_value>SF0045</GBQualifier_value>
        </GBQualifier>
        <GBQualifier>
          <GBQualifier_name>gene_synonym</GBQualifier_name>
          <GBQualifier_value>S0047</GBQualifier_value>
        </GBQualifier>
        <GBQualifier>
          <GBQualifier_name>site_type</GBQualifier_name>
          <GBQualifier_value>binding</GBQualifier_value>
        </GBQualifier>
        <GBQualifier>
          <GBQualifier_name>experiment</GBQualifier_name>
          <GBQualifier_value>experimental evidence, no additional details recorded</GBQualifier_value>
        </GBQualifier>
        <GBQualifier>
          <GBQualifier_name>note</GBQualifier_name>
          <GBQualifier_value>Substrate. {ECO:0000250}.</GBQualifier_value>
        </GBQualifier>
      </GBFeature_quals>
    </GBFeature>
    <GBFeature>
      <GBFeature_key>Site</GBFeature_key>
      <GBFeature_location>62..65</GBFeature_location>
      <GBFeature_intervals>
        <GBInterval>
          <GBInterval_from>62</GBInterval_from>
          <GBInterval_to>65</GBInterval_to>
          <GBInterval_accession>P0ABQ6.1</GBInterval_accession>
        </GBInterval>
      </GBFeature_intervals>
      <GBFeature_quals>
        <GBQualifier>
          <GBQualifier_name>gene</GBQualifier_name>
          <GBQualifier_value>folA</GBQualifier_value>
        </GBQualifier>
        <GBQualifier>
          <GBQualifier_name>locus_tag</GBQualifier_name>
          <GBQualifier_value>SF0045</GBQualifier_value>
        </GBQualifier>
        <GBQualifier>
          <GBQualifier_name>gene_synonym</GBQualifier_name>
          <GBQualifier_value>S0047</GBQualifier_value>
        </GBQualifier>
        <GBQualifier>
          <GBQualifier_name>site_type</GBQualifier_name>
          <GBQualifier_value>np-binding</GBQualifier_value>
        </GBQualifier>
        <GBQualifier>
          <GBQualifier_name>experiment</GBQualifier_name>
          <GBQualifier_value>experimental evidence, no additional details recorded</GBQualifier_value>
        </GBQualifier>
        <GBQualifier>
          <GBQualifier_name>note</GBQualifier_name>
          <GBQualifier_value>NADP. {ECO:0000250}.</GBQualifier_value>
        </GBQualifier>
      </GBFeature_quals>
    </GBFeature>
    <GBFeature>
      <GBFeature_key>Site</GBFeature_key>
      <GBFeature_location>78</GBFeature_location>
      <GBFeature_intervals>
        <GBInterval>
          <GBInterval_point>78</GBInterval_point>
          <GBInterval_accession>P0ABQ6.1</GBInterval_accession>
        </GBInterval>
      </GBFeature_intervals>
      <GBFeature_quals>
        <GBQualifier>
          <GBQualifier_name>gene</GBQualifier_name>
          <GBQualifier_value>folA</GBQualifier_value>
        </GBQualifier>
        <GBQualifier>
          <GBQualifier_name>locus_tag</GBQualifier_name>
          <GBQualifier_value>SF0045</GBQualifier_value>
        </GBQualifier>
        <GBQualifier>
          <GBQualifier_name>gene_synonym</GBQualifier_name>
          <GBQualifier_value>S0047</GBQualifier_value>
        </GBQualifier>
        <GBQualifier>
          <GBQualifier_name>site_type</GBQualifier_name>
          <GBQualifier_value>binding</GBQualifier_value>
        </GBQualifier>
        <GBQualifier>
          <GBQualifier_name>experiment</GBQualifier_name>
          <GBQualifier_value>experimental evidence, no additional details recorded</GBQualifier_value>
        </GBQualifier>
        <GBQualifier>
          <GBQualifier_name>note</GBQualifier_name>
          <GBQualifier_value>NADP; via amide nitrogen. {ECO:0000250}.</GBQualifier_value>
        </GBQualifier>
      </GBFeature_quals>
    </GBFeature>
    <GBFeature>
      <GBFeature_key>Site</GBFeature_key>
      <GBFeature_location>94..99</GBFeature_location>
      <GBFeature_intervals>
        <GBInterval>
          <GBInterval_from>94</GBInterval_from>
          <GBInterval_to>99</GBInterval_to>
          <GBInterval_accession>P0ABQ6.1</GBInterval_accession>
        </GBInterval>
      </GBFeature_intervals>
      <GBFeature_quals>
        <GBQualifier>
          <GBQualifier_name>gene</GBQualifier_name>
          <GBQualifier_value>folA</GBQualifier_value>
        </GBQualifier>
        <GBQualifier>
          <GBQualifier_name>locus_tag</GBQualifier_name>
          <GBQualifier_value>SF0045</GBQualifier_value>
        </GBQualifier>
        <GBQualifier>
          <GBQualifier_name>gene_synonym</GBQualifier_name>
          <GBQualifier_value>S0047</GBQualifier_value>
        </GBQualifier>
        <GBQualifier>
          <GBQualifier_name>site_type</GBQualifier_name>
          <GBQualifier_value>np-binding</GBQualifier_value>
        </GBQualifier>
        <GBQualifier>
          <GBQualifier_name>experiment</GBQualifier_name>
          <GBQualifier_value>experimental evidence, no additional details recorded</GBQualifier_value>
        </GBQualifier>
        <GBQualifier>
          <GBQualifier_name>note</GBQualifier_name>
          <GBQualifier_value>NADP. {ECO:0000250}.</GBQualifier_value>
        </GBQualifier>
      </GBFeature_quals>
    </GBFeature>
    <GBFeature>
      <GBFeature_key>Site</GBFeature_key>
      <GBFeature_location>113</GBFeature_location>
      <GBFeature_intervals>
        <GBInterval>
          <GBInterval_point>113</GBInterval_point>
          <GBInterval_accession>P0ABQ6.1</GBInterval_accession>
        </GBInterval>
      </GBFeature_intervals>
      <GBFeature_quals>
        <GBQualifier>
          <GBQualifier_name>gene</GBQualifier_name>
          <GBQualifier_value>folA</GBQualifier_value>
        </GBQualifier>
        <GBQualifier>
          <GBQualifier_name>locus_tag</GBQualifier_name>
          <GBQualifier_value>SF0045</GBQualifier_value>
        </GBQualifier>
        <GBQualifier>
          <GBQualifier_name>gene_synonym</GBQualifier_name>
          <GBQualifier_value>S0047</GBQualifier_value>
        </GBQualifier>
        <GBQualifier>
          <GBQualifier_name>site_type</GBQualifier_name>
          <GBQualifier_value>binding</GBQualifier_value>
        </GBQualifier>
        <GBQualifier>
          <GBQualifier_name>experiment</GBQualifier_name>
          <GBQualifier_value>experimental evidence, no additional details recorded</GBQualifier_value>
        </GBQualifier>
        <GBQualifier>
          <GBQualifier_name>note</GBQualifier_name>
          <GBQualifier_value>Substrate. {ECO:0000250}.</GBQualifier_value>
        </GBQualifier>
      </GBFeature_quals>
    </GBFeature>
  </GBSeq_feature-table>
  <GBSeq_sequence>misliaalavdrvigmenampwnlpadlawfkrntlnkpvimgrhtwesigrplpgrkniilssqpgtddrvtwvksvdeaiaacgdvpeimvigggrvyeqflpkaqklylthidaevegdthfpdyepddwesvfsefhdadaqnshsycfeilerr</GBSeq_sequence>
</GBSeq>

</GBSet>
