<?xml version="1.0" ?>
<!DOCTYPE GBSet PUBLIC "-//NCBI//NCBI GBSeq/EN" "https://www.ncbi.nlm.nih.gov/dtd/NCBI_GBSeq.dtd">
<GBSet>
<GBSeq>
  <GBSeq_locus>DYR_ECOL6</GBSeq_locus>
  <GBSeq_length>159</GBSeq_length>
  <GBSeq_moltype>AA</GBSeq_moltype>
  <GBSeq_topology>linear</GBSeq_topology>
  <GBSeq_division>BCT</GBSeq_division>
  <GBSeq_update-date>22-NOV-2017</GBSeq_update-date>
  <GBSeq_create-date>21-JUL-1986</GBSeq_create-date>
  <GBSeq_definition>RecName: Full=Dihydrofolate reductase</GBSeq_definition>
  <GBSeq_primary-accession>P0ABQ5</GBSeq_primary-accession>
  <GBSeq_accession-version>P0ABQ5.1</GBSeq_accession-version>
  <GBSeq_other-seqids>
    <GBSeqid>sp|P0ABQ5.1|DYR_ECOL6</GBSeqid>
    <GBSeqid>gi|81175281</GBSeqid>
  </GBSeq_other-seqids>
  <GBSeq_keywords>
    <GBKeyword>Complete proteome</GBKeyword>
    <GBKeyword>NADP</GBKeyword>
    <GBKeyword>One-carbon metabolism</GBKeyword>
    <GBKeyword>Oxidoreductase</GBKeyword>
  </GBSeq_keywords>
  <GBSeq_source>Escherichia coli CFT073</GBSeq_source>
  <GBSeq_organism>Escherichia coli CFT073</GBSeq_organism>
  <GBSeq_taxonomy>Bacteria; Proteobacteria; Gammaproteobacteria; Enterobacterales; Enterobacteriaceae; Escherichia</GBSeq_taxonomy>
  <GBSeq_references>
    <GBReference>
      <GBReference_reference>1</GBReference_reference>
      <GBReference_position>1..159</GBReference_position>
      <GBReference_authors>
        <GBAuthor>Welch,R.A.</GBAuthor>
        <GBAuthor>Burland,V.</GBAuthor>
        <GBAuthor>Plunkett,G. 3rd</GBAuthor>
        <GBAuthor>Redford,P.</GBAuthor>
        <GBAuthor>Roesch,P.</GBAuthor>
        <GBAuthor>Rasko,D.</GBAuthor>
        <GBAuthor>Buckles,E.L.</GBAuthor>
        <GBAuthor>Liou,S.R.</GBAuthor>
        <GBAuthor>Boutin,A.</GBAuthor>
        <GBAuthor>Hackett,J.</GBAuthor>
        <GBAuthor>Stroud,D.</GBAuthor>
        <GBAuthor>Mayhew,G.F.</GBAuthor>
        <GBAuthor>Rose,D.J.</GBAuthor>
        <GBAuthor>Zhou,S.</GBAuthor>
        <GBAuthor>Schwartz,D.C.</GBAuthor>
        <GBAuthor>Perna,N.T.</GBAuthor>
        <GBAuthor>Mobley,H.L.</GBAuthor>
        <GBAuthor>Donnenberg,M.S.</GBAuthor>
        <GBAuthor>Blattner,F.R.</GBAuthor>
      </GBReference_authors>
      <GBReference_title>Extensive mosaic structure revealed by the complete genome sequence of uropathogenic Escherichia coli</GBReference_title>
      <GBReference_journal>Proc. Natl. Acad. Sci. U.S.A. 99 (26), 17020-17024 (2002)</GBReference_journal>
      <GBReference_xref>
        <GBXref>
          <GBXref_dbname>doi</GBXref_dbname>
          <GBXref_id>10.1073/pnas.252529799</GBXref_id>
        </GBXref>
      </GBReference_xref>
      <GBReference_pubmed>12471157</GBReference_pubmed>
      <GBReference_remark>NUCLEOTIDE SEQUENCE [LARGE SCALE GENOMIC DNA].;~STRAIN=CFT073 / ATCC 700928 / UPEC</GBReference_remark>
    </GBReference>
  </GBSeq_references>
  <GBSeq_comment>On Nov 8, 2005 this sequence version replaced gi:118974.; [FUNCTION] Key enzyme in folate metabolism. Catalyzes an essential reaction for de novo glycine and purine synthesis, and for DNA precursor synthesis (By similarity). {ECO:0000250}.; [CATALYTIC ACTIVITY] 5,6,7,8-tetrahydrofolate + NADP(+) = 7,8-dihydrofolate + NADPH. {ECO:0000255|PROSITE-ProRule:PRU00660}.; [PATHWAY] Cofactor biosynthesis; tetrahydrofolate biosynthesis; 5,6,7,8-tetrahydrofolate from 7,8-dihydrofolate: step 1/1.; [SIMILARITY] Belongs to the dihydrofolate reductase family. {ECO:0000305}.; [SEQUENCE CAUTION] Sequence=AAN78554.1; Type=Erroneous initiation; Evidence={ECO:0000305}</GBSeq_comment>
  <GBSeq_source-db>UniProtKB: locus DYR_ECOL6, accession P0ABQ5; class: standard. extra accessions:P00379 created: Jul 21, 1986. sequence updated: Jul 21, 1986. annotation updated: Nov 22, 2017. xrefs: AE014075.1, AAN78554.1, WP_000624375.1 xrefs (non-sequence databases): ProteinModelPortal:P0ABQ5, SMR:P0ABQ5, MINT:MINT-1239592, STRING:199310.c0058, EnsemblBacteria:AAN78554, EnsemblBacteria:AAN78554, EnsemblBacteria:c0058, KEGG:ecc:c0058, eggNOG:ENOG4108YYV, eggNOG:COG0262, HOGENOM:HOG000040233, KO:K00287, OMA:RDNQLPW, UniPathway:UPA00077, Proteomes:UP000001410, GO:0004146, GO:0050661, GO:0006545, GO:0009165, GO:0006730, GO:0046654, CDD:cd00209, Gene3D:3.40.430.10, InterPro:IPR012259, InterPro:IPR024072, InterPro:IPR017925, InterPro:IPR001796, Pfam:PF00186, PIRSF:PIRSF000194, PRINTS:PR00070, SUPFAM:SSF53597, PROSITE:PS00075, PROSITE:PS51330</GBSeq_source-db>
  <GBSeq_feature-table>
    <GBFeature>
      <GBFeature_key>source</GBFeature_key>
      <GBFeature_location>1..159</GBFeature_location>
      <GBFeature_intervals>
        <GBInterval>
          <GBInterval_from>1</GBInterval_from>
          <GBInterval_to>159</GBInterval_to>
          <GBInterval_accession>P0ABQ5.1</GBInterval_accession>
        </GBInterval>
      </GBFeature_intervals>
      <GBFeature_quals>
        <GBQualifier>
          <GBQualifier_name>organism</GBQualifier_name>
          <GBQualifier_value>Escherichia coli CFT073</GBQualifier_value>
        </GBQualifier>
        <GBQualifier>
          <GBQualifier_name>db_xref</GBQualifier_name>
          <GBQualifier_value>taxon:199310</GBQualifier_value>
        </GBQualifier>
      </GBFeature_quals>
    </GBFeature>
    <GBFeature>
      <GBFeature_key>gene</GBFeature_key>
      <GBFeature_location>1..159</GBFeature_location>
      <GBFeature_intervals>
        <GBInterval>
          <GBInterval_from>1</GBInterval_from>
          <GBInterval_to>159</GBInterval_to>
          <GBInterval_accession>P0ABQ5.1</GBInterval_accession>
        </GBInterval>
      </GBFeature_intervals>
      <GBFeature_quals>
        <GBQualifier>
          <GBQualifier_name>gene</GBQualifier_name>
          <GBQualifier_value>folA</GBQualifier_value>
        </GBQualifier>
        <GBQualifier>
          <GBQualifier_name>locus_tag</GBQualifier_name>
          <GBQualifier_value>c0058</GBQualifier_value>
        </GBQualifier>
      </GBFeature_quals>
    </GBFeature>
    <GBFeature>
      <GBFeature_key>Protein</GBFeature_key>
      <GBFeature_location>1..159</GBFeature_location>
      <GBFeature_intervals>
        <GBInterval>
          <GBInterval_from>1</GBInterval_from>
          <GBInterval_to>159</GBInterval_to>
          <GBInterval_accession>P0ABQ5.1</GBInterval_accession>
        </GBInterval>
      </GBFeature_intervals>
      <GBFeature_quals>
        <GBQualifier>
          <GBQualifier_name>gene</GBQualifier_name>
          <GBQualifier_value>folA</GBQualifier_value>
        </GBQualifier>
        <GBQualifier>
          <GBQualifier_name>locus_tag</GBQualifier_name>
          <GBQualifier_value>c0058</GBQualifier_value>
        </GBQualifier>
        <GBQualifier>
          <GBQualifier_name>product</GBQualifier_name>
          <GBQualifier_value>Dihydrofolate reductase</GBQualifier_value>
        </GBQualifier>
        <GBQualifier>
          <GBQualifier_name>EC_number</GBQualifier_name>
          <GBQualifier_value>1.5.1.3</GBQualifier_value>
        </GBQualifier>
        <GBQualifier>
          <GBQualifier_name>UniProtKB_evidence</GBQualifier_name>
          <GBQualifier_value>Inferred from homology</GBQualifier_value>
        </GBQualifier>
        <GBQualifier>
          <GBQualifier_name>calculated_mol_wt</GBQualifier_name>
          <GBQualifier_value>17868</GBQualifier_value>
        </GBQualifier>
      </GBFeature_quals>
    </GBFeature>
    <GBFeature>
      <GBFeature_key>Region</GBFeature_key>
      <GBFeature_location>1..159</GBFeature_location>
      <GBFeature_intervals>
        <GBInterval>
          <GBInterval_from>1</GBInterval_from>
          <GBInterval_to>159</GBInterval_to>
          <GBInterval_accession>P0ABQ5.1</GBInterval_accession>
        </GBInterval>
      </GBFeature_intervals>
      <GBFeature_quals>
        <GBQualifier>
          <GBQualifier_name>gene</GBQualifier_name>
          <GBQualifier_value>folA</GBQualifier_value>
        </GBQualifier>
        <GBQualifier>
          <GBQualifier_name>locus_tag</GBQualifier_name>
          <GBQualifier_value>c0058</GBQualifier_value>
        </GBQualifier>
        <GBQualifier>
          <GBQualifier_name>region_name</GBQualifier_name>
          <GBQualifier_value>Mature chain</GBQualifier_value>
        </GBQualifier>
        <GBQualifier>
          <GBQualifier_name>experiment</GBQualifier_name>
          <GBQualifier_value>experimental evidence, no additional details recorded</GBQualifier_value>
        </GBQualifier>
        <GBQualifier>
          <GBQualifier_name>note</GBQualifier_name>
          <GBQualifier_value>Dihydrofolate reductase. /FTId=PRO_0000186388.</GBQualifier_value>
        </GBQualifier>
      </GBFeature_quals>
    </GBFeature>
    <GBFeature>
      <GBFeature_key>Region</GBFeature_key>
      <GBFeature_location>1..159</GBFeature_location>
      <GBFeature_intervals>
        <GBInterval>
          <GBInterval_from>1</GBInterval_from>
          <GBInterval_to>159</GBInterval_to>
          <GBInterval_accession>P0ABQ5.1</GBInterval_accession>
        </GBInterval>
      </GBFeature_intervals>
      <GBFeature_quals>
        <GBQualifier>
          <GBQualifier_name>gene</GBQualifier_name>
          <GBQualifier_value>folA</GBQualifier_value>
        </GBQualifier>
        <GBQualifier>
          <GBQualifier_name>locus_tag</GBQualifier_name>
          <GBQualifier_value>c0058</GBQualifier_value>
        </GBQualifier>
        <GBQualifier>
          <GBQualifier_name>region_name</GBQualifier_name>
          <GBQualifier_value>folA</GBQualifier_value>
        </GBQualifier>
        <GBQualifier>
          <GBQualifier_name>note</GBQualifier_name>
          <GBQualifier_value>dihydrofolate reductase; Provisional; PRK10769</GBQualifier_value>
        </GBQualifier>
        <GBQualifier>
          <GBQualifier_name>db_xref</GBQualifier_name>
          <GBQualifier_value>CDD:182714</GBQualifier_value>
        </GBQualifier>
      </GBFeature_quals>
    </GBFeature>
    <GBFeature>
      <GBFeature_key>Region</GBFeature_key>
      <GBFeature_location>1..158</GBFeature_location>
      <GBFeature_intervals>
        <GBInterval>
          <GBInterval_from>1</GBInterval_from>
          <GBInterval_to>158</GBInterval_to>
          <GBInterval_accession>P0ABQ5.1</GBInterval_accession>
        </GBInterval>
      </GBFeature_intervals>
      <GBFeature_quals>
        <GBQualifier>
          <GBQualifier_name>gene</GBQualifier_name>
          <GBQualifier_value>folA</GBQualifier_value>
        </GBQualifier>
        <GBQualifier>
          <GBQualifier_name>locus_tag</GBQualifier_name>
          <GBQualifier_value>c0058</GBQualifier_value>
        </GBQualifier>
        <GBQualifier>
          <GBQualifier_name>region_name</GBQualifier_name>
          <GBQualifier_value>Domain</GBQualifier_value>
        </GBQualifier>
        <GBQualifier>
          <GBQualifier_name>experiment</GBQualifier_name>
          <GBQualifier_value>experimental evidence, no additional details recorded</GBQualifier_value>
        </GBQualifier>
        <GBQualifier>
          <GBQualifier_name>note</GBQualifier_name>
          <GBQualifier_value>DHFR. {ECO:0000255|PROSITE-ProRule:PRU00660}.</GBQualifier_value>
        </GBQualifier>
      </GBFeature_quals>
    </GBFeature>
    <GBFeature>
      <GBFeature_key>Site</GBFeature_key>
      <GBFeature_location>order(5,22,27,57,94,100,113)</GBFeature_location>
      <GBFeature_intervals>
        <GBInterval>
          <GBInterval_point>5</GBInterval_point>
          <GBInterval_accession>P0ABQ5.1</GBInterval_accession>
        </GBInterval>
        <GBInterval>
          <GBInterval_point>22</GBInterval_point>
          <GBInterval_accession>P0ABQ5.1</GBInterval_accession>
        </GBInterval>
        <GBInterval>
          <GBInterval_point>27</GBInterval_point>
          <GBInterval_accession>P0ABQ5.1</GBInterval_accession>
        </GBInterval>
        <GBInterval>
          <GBInterval_point>57</GBInterval_point>
          <GBInterval_accession>P0ABQ5.1</GBInterval_accession>
        </GBInterval>
        <GBInterval>
          <GBInterval_point>94</GBInterval_point>
          <GBInterval_accession>P0ABQ5.1</GBInterval_accession>
        </GBInterval>
        <GBInterval>
          <GBInterval_point>100</GBInterval_point>
          <GBInterval_accession>P0ABQ5.1</GBInterval_accession>
        </GBInterval>
        <GBInterval>
          <GBInterval_point>113</GBInterval_point>
          <GBInterval_accession>P0ABQ5.1</GBInterval_accession>
        </GBInterval>
      </GBFeature_intervals>
      <GBFeature_operator>order</GBFeature_operator>
      <GBFeature_quals>
        <GBQualifier>
          <GBQualifier_name>gene</GBQualifier_name>
          <GBQualifier_value>folA</GBQualifier_value>
        </GBQualifier>
        <GBQualifier>
          <GBQualifier_name>locus_tag</GBQualifier_name>
          <GBQualifier_value>c0058</GBQualifier_value>
        </GBQualifier>
        <GBQualifier>
          <GBQualifier_name>site_type</GBQualifier_name>
          <GBQualifier_value>other</GBQualifier_value>
        </GBQualifier>
        <GBQualifier>
          <GBQualifier_name>note</GBQualifier_name>
          <GBQualifier_value>folate binding site [chemical binding]</GBQualifier_value>
        </GBQualifier>
        <GBQualifier>
          <GBQualifier_name>db_xref</GBQualifier_name>
          <GBQualifier_value>CDD:238127</GBQualifier_value>
        </GBQualifier>
      </GBFeature_quals>
    </GBFeature>
    <GBFeature>
      <GBFeature_key>Site</GBFeature_key>
      <GBFeature_location>5</GBFeature_location>
      <GBFeature_intervals>
        <GBInterval>
          <GBInterval_point>5</GBInterval_point>
          <GBInterval_accession>P0ABQ5.1</GBInterval_accession>
        </GBInterval>
      </GBFeature_intervals>
      <GBFeature_quals>
        <GBQualifier>
          <GBQualifier_name>gene</GBQualifier_name>
          <GBQualifier_value>folA</GBQualifier_value>
        </GBQualifier>
        <GBQualifier>
          <GBQualifier_name>locus_tag</GBQualifier_name>
          <GBQualifier_value>c0058</GBQualifier_value>
        </GBQualifier>
        <GBQualifier>
          <GBQualifier_name>site_type</GBQualifier_name>
          <GBQualifier_value>binding</GBQualifier_value>
        </GBQualifier>
        <GBQualifier>
          <GBQualifier_name>experiment</GBQualifier_name>
          <GBQualifier_value>experimental evidence, no additional details recorded</GBQualifier_value>
        </GBQualifier>
        <GBQualifier>
          <GBQualifier_name>note</GBQualifier_name>
          <GBQualifier_value>Substrate; via carbonyl oxygen. {ECO:0000250}.</GBQualifier_value>
        </GBQualifier>
      </GBFeature_quals>
    </GBFeature>
    <GBFeature>
      <GBFeature_key>Site</GBFeature_key>
      <GBFeature_location>order(7,14,44..46,64,95..98)</GBFeature_location>
      <GBFeature_intervals>
        <GBInterval>
          <GBInterval_point>7</GBInterval_point>
          <GBInterval_accession>P0ABQ5.1</GBInterval_accession>
        </GBInterval>
        <GBInterval>
          <GBInterval_point>14</GBInterval_point>
          <GBInterval_accession>P0ABQ5.1</GBInterval_accession>
        </GBInterval>
        <GBInterval>
          <GBInterval_from>44</GBInterval_from>
          <GBInterval_to>46</GBInterval_to>
          <GBInterval_accession>P0ABQ5.1</GBInterval_accession>
        </GBInterval>
        <GBInterval>
          <GBInterval_point>64</GBInterval_point>
          <GBInterval_accession>P0ABQ5.1</GBInterval_accession>
        </GBInterval>
        <GBInterval>
          <GBInterval_from>95</GBInterval_from>
          <GBInterval_to>98</GBInterval_to>
          <GBInterval_accession>P0ABQ5.1</GBInterval_accession>
        </GBInterval>
      </GBFeature_intervals>
      <GBFeature_operator>order</GBFeature_operator>
      <GBFeature_quals>
        <GBQualifier>
          <GBQualifier_name>gene</GBQualifier_name>
          <GBQualifier_value>folA</GBQualifier_value>
        </GBQualifier>
        <GBQualifier>
          <GBQualifier_name>locus_tag</GBQualifier_name>
          <GBQualifier_value>c0058</GBQualifier_value>
        </GBQualifier>
        <GBQualifier>
          <GBQualifier_name>site_type</GBQualifier_name>
          <GBQualifier_value>other</GBQualifier_value>
        </GBQualifier>
        <GBQualifier>
          <GBQualifier_name>note</GBQualifier_name>
          <GBQualifier_value>NADP+ binding site [chemical binding]</GBQualifier_value>
        </GBQualifier>
        <GBQualifier>
          <GBQualifier_name>db_xref</GBQualifier_name>
          <GBQualifier_value>CDD:238127</GBQualifier_value>
        </GBQualifier>
      </GBFeature_quals>
    </GBFeature>
    <GBFeature>
      <GBFeature_key>Site</GBFeature_key>
      <GBFeature_location>7</GBFeature_location>
      <GBFeature_intervals>
        <GBInterval>
          <GBInterval_point>7</GBInterval_point>
          <GBInterval_accession>P0ABQ5.1</GBInterval_accession>
        </GBInterval>
      </GBFeature_intervals>
      <GBFeature_quals>
        <GBQualifier>
          <GBQualifier_name>gene</GBQualifier_name>
          <GBQualifier_value>folA</GBQualifier_value>
        </GBQualifier>
        <GBQualifier>
          <GBQualifier_name>locus_tag</GBQualifier_name>
          <GBQualifier_value>c0058</GBQualifier_value>
        </GBQualifier>
        <GBQualifier>
          <GBQualifier_name>site_type</GBQualifier_name>
          <GBQualifier_value>binding</GBQualifier_value>
        </GBQualifier>
        <GBQualifier>
          <GBQualifier_name>experiment</GBQualifier_name>
          <GBQualifier_value>experimental evidence, no additional details recorded</GBQualifier_value>
        </GBQualifier>
        <GBQualifier>
          <GBQualifier_name>note</GBQualifier_name>
          <GBQualifier_value>NADP; via amide nitrogen and carbonyl oxygen. {ECO:0000250}.</GBQualifier_value>
        </GBQualifier>
      </GBFeature_quals>
    </GBFeature>
    <GBFeature>
      <GBFeature_key>Site</GBFeature_key>
      <GBFeature_location>13..19</GBFeature_location>
      <GBFeature_intervals>
        <GBInterval>
          <GBInterval_from>13</GBInterval_from>
          <GBInterval_to>19</GBInterval_to>
          <GBInterval_accession>P0ABQ5.1</GBInterval_accession>
        </GBInterval>
      </GBFeature_intervals>
      <GBFeature_quals>
        <GBQualifier>
          <GBQualifier_name>gene</GBQualifier_name>
          <GBQualifier_value>folA</GBQualifier_value>
        </GBQualifier>
        <GBQualifier>
          <GBQualifier_name>locus_tag</GBQualifier_name>
          <GBQualifier_value>c0058</GBQualifier_value>
        </GBQualifier>
        <GBQualifier>
          <GBQualifier_name>site_type</GBQualifier_name>
          <GBQualifier_value>np-binding</GBQualifier_value>
        </GBQualifier>
        <GBQualifier>
          <GBQualifier_name>experiment</GBQualifier_name>
          <GBQualifier_value>experimental evidence, no additional details recorded</GBQualifier_value>
        </GBQualifier>
        <GBQualifier>
          <GBQualifier_name>note</GBQualifier_name>
          <GBQualifier_value>NADP. {ECO:0000250}.</GBQualifier_value>
        </GBQualifier>
      </GBFeature_quals>
    </GBFeature>
    <GBFeature>
      <GBFeature_key>Site</GBFeature_key>
      <GBFeature_location>27</GBFeature_location>
      <GBFeature_intervals>
        <GBInterval>
          <GBInterval_point>27</GBInterval_point>
          <GBInterval_accession>P0ABQ5.1</GBInterval_accession>
        </GBInterval>
      </GBFeature_intervals>
      <GBFeature_quals>
        <GBQualifier>
          <GBQualifier_name>gene</GBQualifier_name>
          <GBQualifier_value>folA</GBQualifier_value>
        </GBQualifier>
        <GBQualifier>
          <GBQualifier_name>locus_tag</GBQualifier_name>
          <GBQualifier_value>c0058</GBQualifier_value>
        </GBQualifier>
        <GBQualifier>
          <GBQualifier_name>site_type</GBQualifier_name>
          <GBQualifier_value>binding</GBQualifier_value>
        </GBQualifier>
        <GBQualifier>
          <GBQualifier_name>experiment</GBQualifier_name>
          <GBQualifier_value>experimental evidence, no additional details recorded</GBQualifier_value>
        </GBQualifier>
        <GBQualifier>
          <GBQualifier_name>note</GBQualifier_name>
          <GBQualifier_value>Substrate. {ECO:0000250}.</GBQualifier_value>
        </GBQualifier>
      </GBFeature_quals>
    </GBFeature>
    <GBFeature>
      <GBFeature_key>Site</GBFeature_key>
      <GBFeature_location>45..46</GBFeature_location>
      <GBFeature_intervals>
        <GBInterval>
          <GBInterval_from>45</GBInterval_from>
          <GBInterval_to>46</GBInterval_to>
          <GBInterval_accession>P0ABQ5.1</GBInterval_accession>
        </GBInterval>
      </GBFeature_intervals>
      <GBFeature_quals>
        <GBQualifier>
          <GBQualifier_name>gene</GBQualifier_name>
          <GBQualifier_value>folA</GBQualifier_value>
        </GBQualifier>
        <GBQualifier>
          <GBQualifier_name>locus_tag</GBQualifier_name>
          <GBQualifier_value>c0058</GBQualifier_value>
        </GBQualifier>
        <GBQualifier>
          <GBQualifier_name>site_type</GBQualifier_name>
          <GBQualifier_value>np-binding</GBQualifier_value>
        </GBQualifier>
        <GBQualifier>
          <GBQualifier_name>experiment</GBQualifier_name>
          <GBQualifier_value>experimental evidence, no additional details recorded</GBQualifier_value>
        </GBQualifier>
        <GBQualifier>
          <GBQualifier_name>note</GBQualifier_name>
          <GBQualifier_value>NADP. {ECO:0000250}.</GBQualifier_value>
        </GBQualifier>
      </GBFeature_quals>
    </GBFeature>
    <GBFeature>
      <GBFeature_key>Site</GBFeature_key>
      <GBFeature_location>52</GBFeature_location>
      <GBFeature_intervals>
        <GBInterval>
          <GBInterval_point>52</GBInterval_point>
          <GBInterval_accession>P0ABQ5.1</GBInterval_accession>
        </GBInterval>
      </GBFeature_intervals>
      <GBFeature_quals>
        <GBQualifier>
          <GBQualifier_name>gene</GBQualifier_name>
          <GBQualifier_value>folA</GBQualifier_value>
        </GBQualifier>
        <GBQualifier>
          <GBQualifier_name>locus_tag</GBQualifier_name>
          <GBQualifier_value>c0058</GBQualifier_value>
        </GBQualifier>
        <GBQualifier>
          <GBQualifier_name>site_type</GBQualifier_name>
          <GBQualifier_value>binding</GBQualifier_value>
        </GBQualifier>
        <GBQualifier>
          <GBQualifier_name>experiment</GBQualifier_name>
          <GBQualifier_value>experimental evidence, no additional details recorded</GBQualifier_value>
        </GBQualifier>
        <GBQualifier>
          <GBQualifier_name>note</GBQualifier_name>
          <GBQualifier_value>Substrate. {ECO:0000250}.</GBQualifier_value>
        </GBQualifier>
      </GBFeature_quals>
    </GBFeature>
    <GBFeature>
      <GBFeature_key>Site</GBFeature_key>
      <GBFeature_location>57</GBFeature_location>
      <GBFeature_intervals>
        <GBInterval>
          <GBInterval_point>57</GBInterval_point>
          <GBInterval_accession>P0ABQ5.1</GBInterval_accession>
        </GBInterval>
      </GBFeature_intervals>
      <GBFeature_quals>
        <GBQualifier>
          <GBQualifier_name>gene</GBQualifier_name>
          <GBQualifier_value>folA</GBQualifier_value>
        </GBQualifier>
        <GBQualifier>
          <GBQualifier_name>locus_tag</GBQualifier_name>
          <GBQualifier_value>c0058</GBQualifier_value>
        </GBQualifier>
        <GBQualifier>
          <GBQualifier_name>site_type</GBQualifier_name>
          <GBQualifier_value>binding</GBQualifier_value>
        </GBQualifier>
        <GBQualifier>
          <GBQualifier_name>experiment</GBQualifier_name>
          <GBQualifier_value>experimental evidence, no additional details recorded</GBQualifier_value>
        </GBQualifier>
        <GBQualifier>
          <GBQualifier_name>note</GBQualifier_name>
          <GBQualifier_value>Substrate. {ECO:0000250}.</GBQualifier_value>
        </GBQualifier>
      </GBFeature_quals>
    </GBFeature>
    <GBFeature>
      <GBFeature_key>Site</GBFeature_key>
      <GBFeature_location>63..64</GBFeature_location>
      <GBFeature_intervals>
        <GBInterval>
          <GBInterval_from>63</GBInterval_from>
          <GBInterval_to>64</GBInterval_to>
          <GBInterval_accession>P0ABQ5.1</GBInterval_accession>
        </GBInterval>
      </GBFeature_intervals>
      <GBFeature_quals>
        <GBQualifier>
          <GBQualifier_name>gene</GBQualifier_name>
          <GBQualifier_value>folA</GBQualifier_value>
        </GBQualifier>
        <GBQualifier>
          <GBQualifier_name>locus_tag</GBQualifier_name>
          <GBQualifier_value>c0058</GBQualifier_value>
        </GBQualifier>
        <GBQualifier>
          <GBQualifier_name>site_type</GBQualifier_name>
          <GBQualifier_value>np-binding</GBQualifier_value>
        </GBQualifier>
        <GBQualifier>
          <GBQualifier_name>experiment</GBQualifier_name>
          <GBQualifier_value>experimental evidence, no additional details recorded</GBQualifier_value>
        </GBQualifier>
        <GBQualifier>
          <GBQualifier_name>note</GBQualifier_name>
          <GBQualifier_value>NADP. {ECO:0000250}.</GBQualifier_value>
        </GBQualifier>
      </GBFeature_quals>
    </GBFeature>
    <GBFeature>
      <GBFeature_key>Site</GBFeature_key>
      <GBFeature_location>76</GBFeature_location>
      <GBFeature_intervals>
        <GBInterval>
          <GBInterval_point>76</GBInterval_point>
          <GBInterval_accession>P0ABQ5.1</GBInterval_accession>
        </GBInterval>
      </GBFeature_intervals>
      <GBFeature_quals>
        <GBQualifier>
          <GBQualifier_name>gene</GBQualifier_name>
          <GBQualifier_value>folA</GBQualifier_value>
        </GBQualifier>
        <GBQualifier>
          <GBQualifier_name>locus_tag</GBQualifier_name>
          <GBQualifier_value>c0058</GBQualifier_value>
        </GBQualifier>
        <GBQualifier>
          <GBQualifier_name>site_type</GBQualifier_name>
          <GBQualifier_value>binding</GBQualifier_value>
        </GBQualifier>
        <GBQualifier>
          <GBQualifier_name>experiment</GBQualifier_name>
          <GBQualifier_value>experimental evidence, no additional details recorded</GBQualifier_value>
        </GBQualifier>
        <GBQualifier>
          <GBQualifier_name>note</GBQualifier_name>
          <GBQualifier_value>NADP; via carbonyl oxygen. {ECO:0000250}.</GBQualifier_value>
        </GBQualifier>
      </GBFeature_quals>
    </GBFeature>
    <GBFeature>
      <GBFeature_key>Site</GBFeature_key>
      <GBFeature_location>95..102</GBFeature_location>
      <GBFeature_intervals>
        <GBInterval>
          <GBInterval_from>95</GBInterval_from>
          <GBInterval_to>102</GBInterval_to>
          <GBInterval_accession>P0ABQ5.1</GBInterval_accession>
        </GBInterval>
      </GBFeature_intervals>
      <GBFeature_quals>
        <GBQualifier>
          <GBQualifier_name>gene</GBQualifier_name>
          <GBQualifier_value>folA</GBQualifier_value>
        </GBQualifier>
        <GBQualifier>
          <GBQualifier_name>locus_tag</GBQualifier_name>
          <GBQualifier_value>c0058</GBQualifier_value>
        </GBQualifier>
        <GBQualifier>
          <GBQualifier_name>site_type</GBQualifier_name>
          <GBQualifier_value>np-binding</GBQualifier_value>
        </GBQualifier>
        <GBQualifier>
          <GBQualifier_name>experiment</GBQualifier_name>
          <GBQualifier_value>experimental evidence, no additional details recorded</GBQualifier_value>
        </GBQualifier>
        <GBQualifier>
          <GBQualifier_name>note</GBQualifier_name>
          <GBQualifier_value>NADP. {ECO:0000250}.</GBQualifier_value>
        </GBQualifier>
      </GBFeature_quals>
    </GBFeature>
    <GBFeature>
      <GBFeature_key>Site</GBFeature_key>
      <GBFeature_location>113</GBFeature_location>
      <GBFeature_intervals>
        <GBInterval>
          <GBInterval_point>113</GBInterval_point>
          <GBInterval_accession>P0ABQ5.1</GBInterval_accession>
        </GBInterval>
      </GBFeature_intervals>
      <GBFeature_quals>
        <GBQualifier>
          <GBQualifier_name>gene</GBQualifier_name>
          <GBQualifier_value>folA</GBQualifier_value>
        </GBQualifier>
        <GBQualifier>
          <GBQualifier_name>locus_tag</GBQualifier_name>
          <GBQualifier_value>c0058</GBQualifier_value>
        </GBQualifier>
        <GBQualifier>
          <GBQualifier_name>site_type</GBQualifier_name>
          <GBQualifier_value>binding</GBQualifier_value>
        </GBQualifier>
        <GBQualifier>
          <GBQualifier_name>experiment</GBQualifier_name>
          <GBQualifier_value>experimental evidence, no additional details recorded</GBQualifier_value>
        </GBQualifier>
        <GBQualifier>
          <GBQualifier_name>note</GBQualifier_name>
          <GBQualifier_value>Substrate. {ECO:0000250}.</GBQualifier_value>
        </GBQualifier>
      </GBFeature_quals>
    </GBFeature>
  </GBSeq_feature-table>
  <GBSeq_sequence>misliaalavdrvigmenampwnlpadlawfkrntlnkpvimgrhtwesigrplpgrkniilssqpgtddrvtwvksvdeaiaacgdvpeimvigggrvyeqflpkaqklylthidaevegdthfpdyepddwesvfsefhdadaqnshsycfeilerr</GBSeq_sequence>
</GBSeq>

</GBSet>
