<?xml version="1.0" ?>
<!DOCTYPE GBSet PUBLIC "-//NCBI//NCBI GBSeq/EN" "https://www.ncbi.nlm.nih.gov/dtd/NCBI_GBSeq.dtd">
<GBSet>
<GBSeq>
  <GBSeq_locus>DYR_STAES</GBSeq_locus>
  <GBSeq_length>161</GBSeq_length>
  <GBSeq_moltype>AA</GBSeq_moltype>
  <GBSeq_topology>linear</GBSeq_topology>
  <GBSeq_division>BCT</GBSeq_division>
  <GBSeq_update-date>22-NOV-2017</GBSeq_update-date>
  <GBSeq_create-date>22-NOV-2005</GBSeq_create-date>
  <GBSeq_definition>RecName: Full=Dihydrofolate reductase; Short=DHFR</GBSeq_definition>
  <GBSeq_primary-accession>P0C0P1</GBSeq_primary-accession>
  <GBSeq_accession-version>P0C0P1.1</GBSeq_accession-version>
  <GBSeq_other-seqids>
    <GBSeqid>sp|P0C0P1.1|DYR_STAES</GBSeqid>
    <GBSeqid>gi|82581659</GBSeqid>
  </GBSeq_other-seqids>
  <GBSeq_keywords>
    <GBKeyword>Complete proteome</GBKeyword>
    <GBKeyword>NADP</GBKeyword>
    <GBKeyword>One-carbon metabolism</GBKeyword>
    <GBKeyword>Oxidoreductase</GBKeyword>
  </GBSeq_keywords>
  <GBSeq_source>Staphylococcus epidermidis ATCC 12228</GBSeq_source>
  <GBSeq_organism>Staphylococcus epidermidis ATCC 12228</GBSeq_organism>
  <GBSeq_taxonomy>Bacteria; Firmicutes; Bacilli; Bacillales; Staphylococcaceae; Staphylococcus</GBSeq_taxonomy>
  <GBSeq_references>
    <GBReference>
      <GBReference_reference>1</GBReference_reference>
      <GBReference_position>1..161</GBReference_position>
      <GBReference_authors>
        <GBAuthor>Zhang,Y.Q.</GBAuthor>
        <GBAuthor>Ren,S.X.</GBAuthor>
        <GBAuthor>Li,H.L.</GBAuthor>
        <GBAuthor>Wang,Y.X.</GBAuthor>
        <GBAuthor>Fu,G.</GBAuthor>
        <GBAuthor>Yang,J.</GBAuthor>
        <GBAuthor>Qin,Z.Q.</GBAuthor>
        <GBAuthor>Miao,Y.G.</GBAuthor>
        <GBAuthor>Wang,W.Y.</GBAuthor>
        <GBAuthor>Chen,R.S.</GBAuthor>
        <GBAuthor>Shen,Y.</GBAuthor>
        <GBAuthor>Chen,Z.</GBAuthor>
        <GBAuthor>Yuan,Z.H.</GBAuthor>
        <GBAuthor>Zhao,G.P.</GBAuthor>
        <GBAuthor>Qu,D.</GBAuthor>
        <GBAuthor>Danchin,A.</GBAuthor>
        <GBAuthor>Wen,Y.M.</GBAuthor>
      </GBReference_authors>
      <GBReference_title>Genome-based analysis of virulence genes in a non-biofilm-forming Staphylococcus epidermidis strain (ATCC 12228)</GBReference_title>
      <GBReference_journal>Mol. Microbiol. 49 (6), 1577-1593 (2003)</GBReference_journal>
      <GBReference_xref>
        <GBXref>
          <GBXref_dbname>doi</GBXref_dbname>
          <GBXref_id>10.1046/j.1365-2958.2003.03671.x</GBXref_id>
        </GBXref>
      </GBReference_xref>
      <GBReference_pubmed>12950922</GBReference_pubmed>
      <GBReference_remark>NUCLEOTIDE SEQUENCE [LARGE SCALE GENOMIC DNA].;~STRAIN=ATCC 12228</GBReference_remark>
    </GBReference>
  </GBSeq_references>
  <GBSeq_comment>[FUNCTION] Key enzyme in folate metabolism. Catalyzes an essential reaction for de novo glycine and purine synthesis, and for DNA precursor synthesis (By similarity). {ECO:0000250}.; [CATALYTIC ACTIVITY] 5,6,7,8-tetrahydrofolate + NADP(+) = 7,8-dihydrofolate + NADPH. {ECO:0000255|PROSITE-ProRule:PRU00660}.; [PATHWAY] Cofactor biosynthesis; tetrahydrofolate biosynthesis; 5,6,7,8-tetrahydrofolate from 7,8-dihydrofolate: step 1/1.; [SIMILARITY] Belongs to the dihydrofolate reductase family. {ECO:0000305}.</GBSeq_comment>
  <GBSeq_source-db>UniProtKB: locus DYR_STAES, accession P0C0P1; class: standard. extra accessions:Q59908 created: Nov 22, 2005. sequence updated: Nov 22, 2005. annotation updated: Nov 22, 2017. xrefs: AE015929.1, AAO04716.1, NP_764674.1, WP_001830952.1 xrefs (non-sequence databases): ProteinModelPortal:P0C0P1, SMR:P0C0P1, STRING:176280.SE1119, EnsemblBacteria:AAO04716, EnsemblBacteria:AAO04716, EnsemblBacteria:SE_1119, GeneID:1057990, KEGG:sep:SE1119, PATRIC:fig|176280.10.peg.1092, eggNOG:ENOG4108YYV, eggNOG:COG0262, KO:K00287, OMA:RDNQLPW, UniPathway:UPA00077, Proteomes:UP000001411, GO:0004146, GO:0050661, GO:0006545, GO:0009165, GO:0006730, GO:0046654, CDD:cd00209, Gene3D:3.40.430.10, InterPro:IPR012259, InterPro:IPR024072, InterPro:IPR017925, InterPro:IPR001796, Pfam:PF00186, PIRSF:PIRSF000194, PRINTS:PR00070, SUPFAM:SSF53597, PROSITE:PS00075, PROSITE:PS51330</GBSeq_source-db>
  <GBSeq_feature-table>
    <GBFeature>
      <GBFeature_key>source</GBFeature_key>
      <GBFeature_location>1..161</GBFeature_location>
      <GBFeature_intervals>
        <GBInterval>
          <GBInterval_from>1</GBInterval_from>
          <GBInterval_to>161</GBInterval_to>
          <GBInterval_accession>P0C0P1.1</GBInterval_accession>
        </GBInterval>
      </GBFeature_intervals>
      <GBFeature_quals>
        <GBQualifier>
          <GBQualifier_name>organism</GBQualifier_name>
          <GBQualifier_value>Staphylococcus epidermidis ATCC 12228</GBQualifier_value>
        </GBQualifier>
        <GBQualifier>
          <GBQualifier_name>db_xref</GBQualifier_name>
          <GBQualifier_value>taxon:176280</GBQualifier_value>
        </GBQualifier>
      </GBFeature_quals>
    </GBFeature>
    <GBFeature>
      <GBFeature_key>gene</GBFeature_key>
      <GBFeature_location>1..161</GBFeature_location>
      <GBFeature_intervals>
        <GBInterval>
          <GBInterval_from>1</GBInterval_from>
          <GBInterval_to>161</GBInterval_to>
          <GBInterval_accession>P0C0P1.1</GBInterval_accession>
        </GBInterval>
      </GBFeature_intervals>
      <GBFeature_quals>
        <GBQualifier>
          <GBQualifier_name>gene</GBQualifier_name>
          <GBQualifier_value>folA</GBQualifier_value>
        </GBQualifier>
        <GBQualifier>
          <GBQualifier_name>locus_tag</GBQualifier_name>
          <GBQualifier_value>SE_1119</GBQualifier_value>
        </GBQualifier>
        <GBQualifier>
          <GBQualifier_name>gene_synonym</GBQualifier_name>
          <GBQualifier_value>dfrC</GBQualifier_value>
        </GBQualifier>
        <GBQualifier>
          <GBQualifier_name>gene_synonym</GBQualifier_name>
          <GBQualifier_value>folA1</GBQualifier_value>
        </GBQualifier>
      </GBFeature_quals>
    </GBFeature>
    <GBFeature>
      <GBFeature_key>Protein</GBFeature_key>
      <GBFeature_location>1..161</GBFeature_location>
      <GBFeature_intervals>
        <GBInterval>
          <GBInterval_from>1</GBInterval_from>
          <GBInterval_to>161</GBInterval_to>
          <GBInterval_accession>P0C0P1.1</GBInterval_accession>
        </GBInterval>
      </GBFeature_intervals>
      <GBFeature_quals>
        <GBQualifier>
          <GBQualifier_name>gene</GBQualifier_name>
          <GBQualifier_value>folA</GBQualifier_value>
        </GBQualifier>
        <GBQualifier>
          <GBQualifier_name>locus_tag</GBQualifier_name>
          <GBQualifier_value>SE_1119</GBQualifier_value>
        </GBQualifier>
        <GBQualifier>
          <GBQualifier_name>gene_synonym</GBQualifier_name>
          <GBQualifier_value>dfrC</GBQualifier_value>
        </GBQualifier>
        <GBQualifier>
          <GBQualifier_name>gene_synonym</GBQualifier_name>
          <GBQualifier_value>folA1</GBQualifier_value>
        </GBQualifier>
        <GBQualifier>
          <GBQualifier_name>product</GBQualifier_name>
          <GBQualifier_value>Dihydrofolate reductase</GBQualifier_value>
        </GBQualifier>
        <GBQualifier>
          <GBQualifier_name>EC_number</GBQualifier_name>
          <GBQualifier_value>1.5.1.3</GBQualifier_value>
        </GBQualifier>
        <GBQualifier>
          <GBQualifier_name>note</GBQualifier_name>
          <GBQualifier_value>DHFR</GBQualifier_value>
        </GBQualifier>
        <GBQualifier>
          <GBQualifier_name>UniProtKB_evidence</GBQualifier_name>
          <GBQualifier_value>Inferred from homology</GBQualifier_value>
        </GBQualifier>
        <GBQualifier>
          <GBQualifier_name>calculated_mol_wt</GBQualifier_name>
          <GBQualifier_value>18286</GBQualifier_value>
        </GBQualifier>
      </GBFeature_quals>
    </GBFeature>
    <GBFeature>
      <GBFeature_key>Region</GBFeature_key>
      <GBFeature_location>1..161</GBFeature_location>
      <GBFeature_intervals>
        <GBInterval>
          <GBInterval_from>1</GBInterval_from>
          <GBInterval_to>161</GBInterval_to>
          <GBInterval_accession>P0C0P1.1</GBInterval_accession>
        </GBInterval>
      </GBFeature_intervals>
      <GBFeature_quals>
        <GBQualifier>
          <GBQualifier_name>gene</GBQualifier_name>
          <GBQualifier_value>folA</GBQualifier_value>
        </GBQualifier>
        <GBQualifier>
          <GBQualifier_name>locus_tag</GBQualifier_name>
          <GBQualifier_value>SE_1119</GBQualifier_value>
        </GBQualifier>
        <GBQualifier>
          <GBQualifier_name>gene_synonym</GBQualifier_name>
          <GBQualifier_value>dfrC</GBQualifier_value>
        </GBQualifier>
        <GBQualifier>
          <GBQualifier_name>gene_synonym</GBQualifier_name>
          <GBQualifier_value>folA1</GBQualifier_value>
        </GBQualifier>
        <GBQualifier>
          <GBQualifier_name>region_name</GBQualifier_name>
          <GBQualifier_value>Mature chain</GBQualifier_value>
        </GBQualifier>
        <GBQualifier>
          <GBQualifier_name>experiment</GBQualifier_name>
          <GBQualifier_value>experimental evidence, no additional details recorded</GBQualifier_value>
        </GBQualifier>
        <GBQualifier>
          <GBQualifier_name>note</GBQualifier_name>
          <GBQualifier_value>Dihydrofolate reductase. /FTId=PRO_0000186414.</GBQualifier_value>
        </GBQualifier>
      </GBFeature_quals>
    </GBFeature>
    <GBFeature>
      <GBFeature_key>Region</GBFeature_key>
      <GBFeature_location>2..157</GBFeature_location>
      <GBFeature_intervals>
        <GBInterval>
          <GBInterval_from>2</GBInterval_from>
          <GBInterval_to>157</GBInterval_to>
          <GBInterval_accession>P0C0P1.1</GBInterval_accession>
        </GBInterval>
      </GBFeature_intervals>
      <GBFeature_quals>
        <GBQualifier>
          <GBQualifier_name>gene</GBQualifier_name>
          <GBQualifier_value>folA</GBQualifier_value>
        </GBQualifier>
        <GBQualifier>
          <GBQualifier_name>locus_tag</GBQualifier_name>
          <GBQualifier_value>SE_1119</GBQualifier_value>
        </GBQualifier>
        <GBQualifier>
          <GBQualifier_name>gene_synonym</GBQualifier_name>
          <GBQualifier_value>dfrC</GBQualifier_value>
        </GBQualifier>
        <GBQualifier>
          <GBQualifier_name>gene_synonym</GBQualifier_name>
          <GBQualifier_value>folA1</GBQualifier_value>
        </GBQualifier>
        <GBQualifier>
          <GBQualifier_name>region_name</GBQualifier_name>
          <GBQualifier_value>Domain</GBQualifier_value>
        </GBQualifier>
        <GBQualifier>
          <GBQualifier_name>experiment</GBQualifier_name>
          <GBQualifier_value>experimental evidence, no additional details recorded</GBQualifier_value>
        </GBQualifier>
        <GBQualifier>
          <GBQualifier_name>note</GBQualifier_name>
          <GBQualifier_value>DHFR. {ECO:0000255|PROSITE-ProRule:PRU00660}.</GBQualifier_value>
        </GBQualifier>
      </GBFeature_quals>
    </GBFeature>
    <GBFeature>
      <GBFeature_key>Region</GBFeature_key>
      <GBFeature_location>2..157</GBFeature_location>
      <GBFeature_intervals>
        <GBInterval>
          <GBInterval_from>2</GBInterval_from>
          <GBInterval_to>157</GBInterval_to>
          <GBInterval_accession>P0C0P1.1</GBInterval_accession>
        </GBInterval>
      </GBFeature_intervals>
      <GBFeature_quals>
        <GBQualifier>
          <GBQualifier_name>gene</GBQualifier_name>
          <GBQualifier_value>folA</GBQualifier_value>
        </GBQualifier>
        <GBQualifier>
          <GBQualifier_name>locus_tag</GBQualifier_name>
          <GBQualifier_value>SE_1119</GBQualifier_value>
        </GBQualifier>
        <GBQualifier>
          <GBQualifier_name>gene_synonym</GBQualifier_name>
          <GBQualifier_value>dfrC</GBQualifier_value>
        </GBQualifier>
        <GBQualifier>
          <GBQualifier_name>gene_synonym</GBQualifier_name>
          <GBQualifier_value>folA1</GBQualifier_value>
        </GBQualifier>
        <GBQualifier>
          <GBQualifier_name>region_name</GBQualifier_name>
          <GBQualifier_value>DHFR_1</GBQualifier_value>
        </GBQualifier>
        <GBQualifier>
          <GBQualifier_name>note</GBQualifier_name>
          <GBQualifier_value>Dihydrofolate reductase; pfam00186</GBQualifier_value>
        </GBQualifier>
        <GBQualifier>
          <GBQualifier_name>db_xref</GBQualifier_name>
          <GBQualifier_value>CDD:306655</GBQualifier_value>
        </GBQualifier>
      </GBFeature_quals>
    </GBFeature>
    <GBFeature>
      <GBFeature_key>Site</GBFeature_key>
      <GBFeature_location>order(6,23,28,58,93,99,112)</GBFeature_location>
      <GBFeature_intervals>
        <GBInterval>
          <GBInterval_point>6</GBInterval_point>
          <GBInterval_accession>P0C0P1.1</GBInterval_accession>
        </GBInterval>
        <GBInterval>
          <GBInterval_point>23</GBInterval_point>
          <GBInterval_accession>P0C0P1.1</GBInterval_accession>
        </GBInterval>
        <GBInterval>
          <GBInterval_point>28</GBInterval_point>
          <GBInterval_accession>P0C0P1.1</GBInterval_accession>
        </GBInterval>
        <GBInterval>
          <GBInterval_point>58</GBInterval_point>
          <GBInterval_accession>P0C0P1.1</GBInterval_accession>
        </GBInterval>
        <GBInterval>
          <GBInterval_point>93</GBInterval_point>
          <GBInterval_accession>P0C0P1.1</GBInterval_accession>
        </GBInterval>
        <GBInterval>
          <GBInterval_point>99</GBInterval_point>
          <GBInterval_accession>P0C0P1.1</GBInterval_accession>
        </GBInterval>
        <GBInterval>
          <GBInterval_point>112</GBInterval_point>
          <GBInterval_accession>P0C0P1.1</GBInterval_accession>
        </GBInterval>
      </GBFeature_intervals>
      <GBFeature_operator>order</GBFeature_operator>
      <GBFeature_quals>
        <GBQualifier>
          <GBQualifier_name>gene</GBQualifier_name>
          <GBQualifier_value>folA</GBQualifier_value>
        </GBQualifier>
        <GBQualifier>
          <GBQualifier_name>locus_tag</GBQualifier_name>
          <GBQualifier_value>SE_1119</GBQualifier_value>
        </GBQualifier>
        <GBQualifier>
          <GBQualifier_name>gene_synonym</GBQualifier_name>
          <GBQualifier_value>dfrC</GBQualifier_value>
        </GBQualifier>
        <GBQualifier>
          <GBQualifier_name>gene_synonym</GBQualifier_name>
          <GBQualifier_value>folA1</GBQualifier_value>
        </GBQualifier>
        <GBQualifier>
          <GBQualifier_name>site_type</GBQualifier_name>
          <GBQualifier_value>other</GBQualifier_value>
        </GBQualifier>
        <GBQualifier>
          <GBQualifier_name>note</GBQualifier_name>
          <GBQualifier_value>folate binding site [chemical binding]</GBQualifier_value>
        </GBQualifier>
        <GBQualifier>
          <GBQualifier_name>db_xref</GBQualifier_name>
          <GBQualifier_value>CDD:238127</GBQualifier_value>
        </GBQualifier>
      </GBFeature_quals>
    </GBFeature>
    <GBFeature>
      <GBFeature_key>Region</GBFeature_key>
      <GBFeature_location>6..8</GBFeature_location>
      <GBFeature_intervals>
        <GBInterval>
          <GBInterval_from>6</GBInterval_from>
          <GBInterval_to>8</GBInterval_to>
          <GBInterval_accession>P0C0P1.1</GBInterval_accession>
        </GBInterval>
      </GBFeature_intervals>
      <GBFeature_quals>
        <GBQualifier>
          <GBQualifier_name>gene</GBQualifier_name>
          <GBQualifier_value>folA</GBQualifier_value>
        </GBQualifier>
        <GBQualifier>
          <GBQualifier_name>locus_tag</GBQualifier_name>
          <GBQualifier_value>SE_1119</GBQualifier_value>
        </GBQualifier>
        <GBQualifier>
          <GBQualifier_name>gene_synonym</GBQualifier_name>
          <GBQualifier_value>dfrC</GBQualifier_value>
        </GBQualifier>
        <GBQualifier>
          <GBQualifier_name>gene_synonym</GBQualifier_name>
          <GBQualifier_value>folA1</GBQualifier_value>
        </GBQualifier>
        <GBQualifier>
          <GBQualifier_name>region_name</GBQualifier_name>
          <GBQualifier_value>Region of interest in the sequence</GBQualifier_value>
        </GBQualifier>
        <GBQualifier>
          <GBQualifier_name>experiment</GBQualifier_name>
          <GBQualifier_value>experimental evidence, no additional details recorded</GBQualifier_value>
        </GBQualifier>
        <GBQualifier>
          <GBQualifier_name>note</GBQualifier_name>
          <GBQualifier_value>Substrate binding. {ECO:0000250}.</GBQualifier_value>
        </GBQualifier>
      </GBFeature_quals>
    </GBFeature>
    <GBFeature>
      <GBFeature_key>Site</GBFeature_key>
      <GBFeature_location>7..8</GBFeature_location>
      <GBFeature_intervals>
        <GBInterval>
          <GBInterval_from>7</GBInterval_from>
          <GBInterval_to>8</GBInterval_to>
          <GBInterval_accession>P0C0P1.1</GBInterval_accession>
        </GBInterval>
      </GBFeature_intervals>
      <GBFeature_quals>
        <GBQualifier>
          <GBQualifier_name>gene</GBQualifier_name>
          <GBQualifier_value>folA</GBQualifier_value>
        </GBQualifier>
        <GBQualifier>
          <GBQualifier_name>locus_tag</GBQualifier_name>
          <GBQualifier_value>SE_1119</GBQualifier_value>
        </GBQualifier>
        <GBQualifier>
          <GBQualifier_name>gene_synonym</GBQualifier_name>
          <GBQualifier_value>dfrC</GBQualifier_value>
        </GBQualifier>
        <GBQualifier>
          <GBQualifier_name>gene_synonym</GBQualifier_name>
          <GBQualifier_value>folA1</GBQualifier_value>
        </GBQualifier>
        <GBQualifier>
          <GBQualifier_name>site_type</GBQualifier_name>
          <GBQualifier_value>np-binding</GBQualifier_value>
        </GBQualifier>
        <GBQualifier>
          <GBQualifier_name>experiment</GBQualifier_name>
          <GBQualifier_value>experimental evidence, no additional details recorded</GBQualifier_value>
        </GBQualifier>
        <GBQualifier>
          <GBQualifier_name>note</GBQualifier_name>
          <GBQualifier_value>NADP. {ECO:0000250}.</GBQualifier_value>
        </GBQualifier>
      </GBFeature_quals>
    </GBFeature>
    <GBFeature>
      <GBFeature_key>Site</GBFeature_key>
      <GBFeature_location>order(8,15,45..47,65,94..97)</GBFeature_location>
      <GBFeature_intervals>
        <GBInterval>
          <GBInterval_point>8</GBInterval_point>
          <GBInterval_accession>P0C0P1.1</GBInterval_accession>
        </GBInterval>
        <GBInterval>
          <GBInterval_point>15</GBInterval_point>
          <GBInterval_accession>P0C0P1.1</GBInterval_accession>
        </GBInterval>
        <GBInterval>
          <GBInterval_from>45</GBInterval_from>
          <GBInterval_to>47</GBInterval_to>
          <GBInterval_accession>P0C0P1.1</GBInterval_accession>
        </GBInterval>
        <GBInterval>
          <GBInterval_point>65</GBInterval_point>
          <GBInterval_accession>P0C0P1.1</GBInterval_accession>
        </GBInterval>
        <GBInterval>
          <GBInterval_from>94</GBInterval_from>
          <GBInterval_to>97</GBInterval_to>
          <GBInterval_accession>P0C0P1.1</GBInterval_accession>
        </GBInterval>
      </GBFeature_intervals>
      <GBFeature_operator>order</GBFeature_operator>
      <GBFeature_quals>
        <GBQualifier>
          <GBQualifier_name>gene</GBQualifier_name>
          <GBQualifier_value>folA</GBQualifier_value>
        </GBQualifier>
        <GBQualifier>
          <GBQualifier_name>locus_tag</GBQualifier_name>
          <GBQualifier_value>SE_1119</GBQualifier_value>
        </GBQualifier>
        <GBQualifier>
          <GBQualifier_name>gene_synonym</GBQualifier_name>
          <GBQualifier_value>dfrC</GBQualifier_value>
        </GBQualifier>
        <GBQualifier>
          <GBQualifier_name>gene_synonym</GBQualifier_name>
          <GBQualifier_value>folA1</GBQualifier_value>
        </GBQualifier>
        <GBQualifier>
          <GBQualifier_name>site_type</GBQualifier_name>
          <GBQualifier_value>other</GBQualifier_value>
        </GBQualifier>
        <GBQualifier>
          <GBQualifier_name>note</GBQualifier_name>
          <GBQualifier_value>NADP+ binding site [chemical binding]</GBQualifier_value>
        </GBQualifier>
        <GBQualifier>
          <GBQualifier_name>db_xref</GBQualifier_name>
          <GBQualifier_value>CDD:238127</GBQualifier_value>
        </GBQualifier>
      </GBFeature_quals>
    </GBFeature>
    <GBFeature>
      <GBFeature_key>Site</GBFeature_key>
      <GBFeature_location>15..20</GBFeature_location>
      <GBFeature_intervals>
        <GBInterval>
          <GBInterval_from>15</GBInterval_from>
          <GBInterval_to>20</GBInterval_to>
          <GBInterval_accession>P0C0P1.1</GBInterval_accession>
        </GBInterval>
      </GBFeature_intervals>
      <GBFeature_quals>
        <GBQualifier>
          <GBQualifier_name>gene</GBQualifier_name>
          <GBQualifier_value>folA</GBQualifier_value>
        </GBQualifier>
        <GBQualifier>
          <GBQualifier_name>locus_tag</GBQualifier_name>
          <GBQualifier_value>SE_1119</GBQualifier_value>
        </GBQualifier>
        <GBQualifier>
          <GBQualifier_name>gene_synonym</GBQualifier_name>
          <GBQualifier_value>dfrC</GBQualifier_value>
        </GBQualifier>
        <GBQualifier>
          <GBQualifier_name>gene_synonym</GBQualifier_name>
          <GBQualifier_value>folA1</GBQualifier_value>
        </GBQualifier>
        <GBQualifier>
          <GBQualifier_name>site_type</GBQualifier_name>
          <GBQualifier_value>np-binding</GBQualifier_value>
        </GBQualifier>
        <GBQualifier>
          <GBQualifier_name>experiment</GBQualifier_name>
          <GBQualifier_value>experimental evidence, no additional details recorded</GBQualifier_value>
        </GBQualifier>
        <GBQualifier>
          <GBQualifier_name>note</GBQualifier_name>
          <GBQualifier_value>NADP. {ECO:0000250}.</GBQualifier_value>
        </GBQualifier>
      </GBFeature_quals>
    </GBFeature>
    <GBFeature>
      <GBFeature_key>Site</GBFeature_key>
      <GBFeature_location>28</GBFeature_location>
      <GBFeature_intervals>
        <GBInterval>
          <GBInterval_point>28</GBInterval_point>
          <GBInterval_accession>P0C0P1.1</GBInterval_accession>
        </GBInterval>
      </GBFeature_intervals>
      <GBFeature_quals>
        <GBQualifier>
          <GBQualifier_name>gene</GBQualifier_name>
          <GBQualifier_value>folA</GBQualifier_value>
        </GBQualifier>
        <GBQualifier>
          <GBQualifier_name>locus_tag</GBQualifier_name>
          <GBQualifier_value>SE_1119</GBQualifier_value>
        </GBQualifier>
        <GBQualifier>
          <GBQualifier_name>gene_synonym</GBQualifier_name>
          <GBQualifier_value>dfrC</GBQualifier_value>
        </GBQualifier>
        <GBQualifier>
          <GBQualifier_name>gene_synonym</GBQualifier_name>
          <GBQualifier_value>folA1</GBQualifier_value>
        </GBQualifier>
        <GBQualifier>
          <GBQualifier_name>site_type</GBQualifier_name>
          <GBQualifier_value>binding</GBQualifier_value>
        </GBQualifier>
        <GBQualifier>
          <GBQualifier_name>experiment</GBQualifier_name>
          <GBQualifier_value>experimental evidence, no additional details recorded</GBQualifier_value>
        </GBQualifier>
        <GBQualifier>
          <GBQualifier_name>note</GBQualifier_name>
          <GBQualifier_value>Substrate. {ECO:0000250}.</GBQualifier_value>
        </GBQualifier>
      </GBFeature_quals>
    </GBFeature>
    <GBFeature>
      <GBFeature_key>Site</GBFeature_key>
      <GBFeature_location>44..47</GBFeature_location>
      <GBFeature_intervals>
        <GBInterval>
          <GBInterval_from>44</GBInterval_from>
          <GBInterval_to>47</GBInterval_to>
          <GBInterval_accession>P0C0P1.1</GBInterval_accession>
        </GBInterval>
      </GBFeature_intervals>
      <GBFeature_quals>
        <GBQualifier>
          <GBQualifier_name>gene</GBQualifier_name>
          <GBQualifier_value>folA</GBQualifier_value>
        </GBQualifier>
        <GBQualifier>
          <GBQualifier_name>locus_tag</GBQualifier_name>
          <GBQualifier_value>SE_1119</GBQualifier_value>
        </GBQualifier>
        <GBQualifier>
          <GBQualifier_name>gene_synonym</GBQualifier_name>
          <GBQualifier_value>dfrC</GBQualifier_value>
        </GBQualifier>
        <GBQualifier>
          <GBQualifier_name>gene_synonym</GBQualifier_name>
          <GBQualifier_value>folA1</GBQualifier_value>
        </GBQualifier>
        <GBQualifier>
          <GBQualifier_name>site_type</GBQualifier_name>
          <GBQualifier_value>np-binding</GBQualifier_value>
        </GBQualifier>
        <GBQualifier>
          <GBQualifier_name>experiment</GBQualifier_name>
          <GBQualifier_value>experimental evidence, no additional details recorded</GBQualifier_value>
        </GBQualifier>
        <GBQualifier>
          <GBQualifier_name>note</GBQualifier_name>
          <GBQualifier_value>NADP. {ECO:0000250}.</GBQualifier_value>
        </GBQualifier>
      </GBFeature_quals>
    </GBFeature>
    <GBFeature>
      <GBFeature_key>Site</GBFeature_key>
      <GBFeature_location>58</GBFeature_location>
      <GBFeature_intervals>
        <GBInterval>
          <GBInterval_point>58</GBInterval_point>
          <GBInterval_accession>P0C0P1.1</GBInterval_accession>
        </GBInterval>
      </GBFeature_intervals>
      <GBFeature_quals>
        <GBQualifier>
          <GBQualifier_name>gene</GBQualifier_name>
          <GBQualifier_value>folA</GBQualifier_value>
        </GBQualifier>
        <GBQualifier>
          <GBQualifier_name>locus_tag</GBQualifier_name>
          <GBQualifier_value>SE_1119</GBQualifier_value>
        </GBQualifier>
        <GBQualifier>
          <GBQualifier_name>gene_synonym</GBQualifier_name>
          <GBQualifier_value>dfrC</GBQualifier_value>
        </GBQualifier>
        <GBQualifier>
          <GBQualifier_name>gene_synonym</GBQualifier_name>
          <GBQualifier_value>folA1</GBQualifier_value>
        </GBQualifier>
        <GBQualifier>
          <GBQualifier_name>site_type</GBQualifier_name>
          <GBQualifier_value>binding</GBQualifier_value>
        </GBQualifier>
        <GBQualifier>
          <GBQualifier_name>experiment</GBQualifier_name>
          <GBQualifier_value>experimental evidence, no additional details recorded</GBQualifier_value>
        </GBQualifier>
        <GBQualifier>
          <GBQualifier_name>note</GBQualifier_name>
          <GBQualifier_value>Substrate. {ECO:0000250}.</GBQualifier_value>
        </GBQualifier>
      </GBFeature_quals>
    </GBFeature>
    <GBFeature>
      <GBFeature_key>Site</GBFeature_key>
      <GBFeature_location>63..66</GBFeature_location>
      <GBFeature_intervals>
        <GBInterval>
          <GBInterval_from>63</GBInterval_from>
          <GBInterval_to>66</GBInterval_to>
          <GBInterval_accession>P0C0P1.1</GBInterval_accession>
        </GBInterval>
      </GBFeature_intervals>
      <GBFeature_quals>
        <GBQualifier>
          <GBQualifier_name>gene</GBQualifier_name>
          <GBQualifier_value>folA</GBQualifier_value>
        </GBQualifier>
        <GBQualifier>
          <GBQualifier_name>locus_tag</GBQualifier_name>
          <GBQualifier_value>SE_1119</GBQualifier_value>
        </GBQualifier>
        <GBQualifier>
          <GBQualifier_name>gene_synonym</GBQualifier_name>
          <GBQualifier_value>dfrC</GBQualifier_value>
        </GBQualifier>
        <GBQualifier>
          <GBQualifier_name>gene_synonym</GBQualifier_name>
          <GBQualifier_value>folA1</GBQualifier_value>
        </GBQualifier>
        <GBQualifier>
          <GBQualifier_name>site_type</GBQualifier_name>
          <GBQualifier_value>np-binding</GBQualifier_value>
        </GBQualifier>
        <GBQualifier>
          <GBQualifier_name>experiment</GBQualifier_name>
          <GBQualifier_value>experimental evidence, no additional details recorded</GBQualifier_value>
        </GBQualifier>
        <GBQualifier>
          <GBQualifier_name>note</GBQualifier_name>
          <GBQualifier_value>NADP. {ECO:0000250}.</GBQualifier_value>
        </GBQualifier>
      </GBFeature_quals>
    </GBFeature>
    <GBFeature>
      <GBFeature_key>Site</GBFeature_key>
      <GBFeature_location>93..98</GBFeature_location>
      <GBFeature_intervals>
        <GBInterval>
          <GBInterval_from>93</GBInterval_from>
          <GBInterval_to>98</GBInterval_to>
          <GBInterval_accession>P0C0P1.1</GBInterval_accession>
        </GBInterval>
      </GBFeature_intervals>
      <GBFeature_quals>
        <GBQualifier>
          <GBQualifier_name>gene</GBQualifier_name>
          <GBQualifier_value>folA</GBQualifier_value>
        </GBQualifier>
        <GBQualifier>
          <GBQualifier_name>locus_tag</GBQualifier_name>
          <GBQualifier_value>SE_1119</GBQualifier_value>
        </GBQualifier>
        <GBQualifier>
          <GBQualifier_name>gene_synonym</GBQualifier_name>
          <GBQualifier_value>dfrC</GBQualifier_value>
        </GBQualifier>
        <GBQualifier>
          <GBQualifier_name>gene_synonym</GBQualifier_name>
          <GBQualifier_value>folA1</GBQualifier_value>
        </GBQualifier>
        <GBQualifier>
          <GBQualifier_name>site_type</GBQualifier_name>
          <GBQualifier_value>np-binding</GBQualifier_value>
        </GBQualifier>
        <GBQualifier>
          <GBQualifier_name>experiment</GBQualifier_name>
          <GBQualifier_value>experimental evidence, no additional details recorded</GBQualifier_value>
        </GBQualifier>
        <GBQualifier>
          <GBQualifier_name>note</GBQualifier_name>
          <GBQualifier_value>NADP. {ECO:0000250}.</GBQualifier_value>
        </GBQualifier>
      </GBFeature_quals>
    </GBFeature>
    <GBFeature>
      <GBFeature_key>Site</GBFeature_key>
      <GBFeature_location>112</GBFeature_location>
      <GBFeature_intervals>
        <GBInterval>
          <GBInterval_point>112</GBInterval_point>
          <GBInterval_accession>P0C0P1.1</GBInterval_accession>
        </GBInterval>
      </GBFeature_intervals>
      <GBFeature_quals>
        <GBQualifier>
          <GBQualifier_name>gene</GBQualifier_name>
          <GBQualifier_value>folA</GBQualifier_value>
        </GBQualifier>
        <GBQualifier>
          <GBQualifier_name>locus_tag</GBQualifier_name>
          <GBQualifier_value>SE_1119</GBQualifier_value>
        </GBQualifier>
        <GBQualifier>
          <GBQualifier_name>gene_synonym</GBQualifier_name>
          <GBQualifier_value>dfrC</GBQualifier_value>
        </GBQualifier>
        <GBQualifier>
          <GBQualifier_name>gene_synonym</GBQualifier_name>
          <GBQualifier_value>folA1</GBQualifier_value>
        </GBQualifier>
        <GBQualifier>
          <GBQualifier_name>site_type</GBQualifier_name>
          <GBQualifier_value>binding</GBQualifier_value>
        </GBQualifier>
        <GBQualifier>
          <GBQualifier_name>experiment</GBQualifier_name>
          <GBQualifier_value>experimental evidence, no additional details recorded</GBQualifier_value>
        </GBQualifier>
        <GBQualifier>
          <GBQualifier_name>note</GBQualifier_name>
          <GBQualifier_value>Substrate. {ECO:0000250}.</GBQualifier_value>
        </GBQualifier>
      </GBFeature_quals>
    </GBFeature>
  </GBSeq_feature-table>
  <GBSeq_sequence>mtlsiivahdkqrvigyqnqlpwhlpndlkhvkqlttgntlvmgrktfnsigkplpnrrnvvltnqasfhhegvdvinsldeikelsghvfifggqtlfeamidqvddmyitvidgkfqgdtffppytfenwevessvegqldekntiphtflhlvrrkgk</GBSeq_sequence>
</GBSeq>

</GBSet>
