<?xml version="1.0" ?>
<!DOCTYPE GBSet PUBLIC "-//NCBI//NCBI GBSeq/EN" "https://www.ncbi.nlm.nih.gov/dtd/NCBI_GBSeq.dtd">
<GBSet>
<GBSeq>
  <GBSeq_locus>DYR_BACSU</GBSeq_locus>
  <GBSeq_length>168</GBSeq_length>
  <GBSeq_moltype>AA</GBSeq_moltype>
  <GBSeq_topology>linear</GBSeq_topology>
  <GBSeq_division>BCT</GBSeq_division>
  <GBSeq_update-date>22-NOV-2017</GBSeq_update-date>
  <GBSeq_create-date>01-JUL-1989</GBSeq_create-date>
  <GBSeq_definition>RecName: Full=Dihydrofolate reductase</GBSeq_definition>
  <GBSeq_primary-accession>P11045</GBSeq_primary-accession>
  <GBSeq_accession-version>P11045.2</GBSeq_accession-version>
  <GBSeq_other-seqids>
    <GBSeqid>sp|P11045.2|DYR_BACSU</GBSeqid>
    <GBSeqid>gi|1706541</GBSeqid>
  </GBSeq_other-seqids>
  <GBSeq_keywords>
    <GBKeyword>Complete proteome</GBKeyword>
    <GBKeyword>Direct protein sequencing</GBKeyword>
    <GBKeyword>NADP</GBKeyword>
    <GBKeyword>One-carbon metabolism</GBKeyword>
    <GBKeyword>Oxidoreductase</GBKeyword>
    <GBKeyword>Reference proteome</GBKeyword>
  </GBSeq_keywords>
  <GBSeq_source>Bacillus subtilis subsp. subtilis str. 168</GBSeq_source>
  <GBSeq_organism>Bacillus subtilis subsp. subtilis str. 168</GBSeq_organism>
  <GBSeq_taxonomy>Bacteria; Firmicutes; Bacilli; Bacillales; Bacillaceae; Bacillus</GBSeq_taxonomy>
  <GBSeq_references>
    <GBReference>
      <GBReference_reference>1</GBReference_reference>
      <GBReference_position>1..168</GBReference_position>
      <GBReference_authors>
        <GBAuthor>Iwakura,M.</GBAuthor>
        <GBAuthor>Kawata,M.</GBAuthor>
        <GBAuthor>Tsuda,K.</GBAuthor>
        <GBAuthor>Tanaka,T.</GBAuthor>
      </GBReference_authors>
      <GBReference_title>Nucleotide sequence of the thymidylate synthase B and dihydrofolate reductase genes contained in one Bacillus subtilis operon</GBReference_title>
      <GBReference_journal>Gene 64 (1), 9-20 (1988)</GBReference_journal>
      <GBReference_xref>
        <GBXref>
          <GBXref_dbname>doi</GBXref_dbname>
          <GBXref_id>10.1016/0378-1119(88)90476-3</GBXref_id>
        </GBXref>
      </GBReference_xref>
      <GBReference_pubmed>2840350</GBReference_pubmed>
      <GBReference_remark>NUCLEOTIDE SEQUENCE [GENOMIC DNA], AND PROTEIN SEQUENCE OF 1-8 AND 166-168.;~STRAIN=ATCC 33712 / MI112</GBReference_remark>
    </GBReference>
    <GBReference>
      <GBReference_reference>2</GBReference_reference>
      <GBReference_position>1..168</GBReference_position>
      <GBReference_authors>
        <GBAuthor>Capuano,V.</GBAuthor>
        <GBAuthor>Galleron,N.</GBAuthor>
        <GBAuthor>Pujic,P.</GBAuthor>
        <GBAuthor>Sorokin,A.</GBAuthor>
        <GBAuthor>Ehrlich,S.D.</GBAuthor>
      </GBReference_authors>
      <GBReference_title>Organization of the Bacillus subtilis 168 chromosome between kdg and the attachment site of the SP beta prophage: use of Long Accurate PCR and yeast artificial chromosomes for sequencing</GBReference_title>
      <GBReference_journal>Microbiology (Reading, Engl.) 142 (PT 11), 3005-3015 (1996)</GBReference_journal>
      <GBReference_xref>
        <GBXref>
          <GBXref_dbname>doi</GBXref_dbname>
          <GBXref_id>10.1099/13500872-142-11-3005</GBXref_id>
        </GBXref>
      </GBReference_xref>
      <GBReference_pubmed>8969496</GBReference_pubmed>
      <GBReference_remark>NUCLEOTIDE SEQUENCE [GENOMIC DNA].;~STRAIN=168 / Marburg / ATCC 6051 / DSM 10 / JCM 1465 / NBRC 13719 / NCIMB 3610 / VKM B-501</GBReference_remark>
    </GBReference>
    <GBReference>
      <GBReference_reference>3</GBReference_reference>
      <GBReference_position>1..168</GBReference_position>
      <GBReference_authors>
        <GBAuthor>Kunst,F.</GBAuthor>
        <GBAuthor>Ogasawara,N.</GBAuthor>
        <GBAuthor>Moszer,I.</GBAuthor>
        <GBAuthor>Albertini,A.M.</GBAuthor>
        <GBAuthor>Alloni,G.</GBAuthor>
        <GBAuthor>Azevedo,V.</GBAuthor>
        <GBAuthor>Bertero,M.G.</GBAuthor>
        <GBAuthor>Bessieres,P.</GBAuthor>
        <GBAuthor>Bolotin,A.</GBAuthor>
        <GBAuthor>Borchert,S.</GBAuthor>
        <GBAuthor>Borriss,R.</GBAuthor>
        <GBAuthor>Boursier,L.</GBAuthor>
        <GBAuthor>Brans,A.</GBAuthor>
        <GBAuthor>Braun,M.</GBAuthor>
        <GBAuthor>Brignell,S.C.</GBAuthor>
        <GBAuthor>Bron,S.</GBAuthor>
        <GBAuthor>Brouillet,S.</GBAuthor>
        <GBAuthor>Bruschi,C.V.</GBAuthor>
        <GBAuthor>Caldwell,B.</GBAuthor>
        <GBAuthor>Capuano,V.</GBAuthor>
        <GBAuthor>Carter,N.M.</GBAuthor>
        <GBAuthor>Choi,S.K.</GBAuthor>
        <GBAuthor>Cordani,J.J.</GBAuthor>
        <GBAuthor>Connerton,I.F.</GBAuthor>
        <GBAuthor>Cummings,N.J.</GBAuthor>
        <GBAuthor>Daniel,R.A.</GBAuthor>
        <GBAuthor>Denziot,F.</GBAuthor>
        <GBAuthor>Devine,K.M.</GBAuthor>
        <GBAuthor>Dusterhoft,A.</GBAuthor>
        <GBAuthor>Ehrlich,S.D.</GBAuthor>
        <GBAuthor>Emmerson,P.T.</GBAuthor>
        <GBAuthor>Entian,K.D.</GBAuthor>
        <GBAuthor>Errington,J.</GBAuthor>
        <GBAuthor>Fabret,C.</GBAuthor>
        <GBAuthor>Ferrari,E.</GBAuthor>
        <GBAuthor>Foulger,D.</GBAuthor>
        <GBAuthor>Fritz,C.</GBAuthor>
        <GBAuthor>Fujita,M.</GBAuthor>
        <GBAuthor>Fujita,Y.</GBAuthor>
        <GBAuthor>Fuma,S.</GBAuthor>
        <GBAuthor>Galizzi,A.</GBAuthor>
        <GBAuthor>Galleron,N.</GBAuthor>
        <GBAuthor>Ghim,S.Y.</GBAuthor>
        <GBAuthor>Glaser,P.</GBAuthor>
        <GBAuthor>Goffeau,A.</GBAuthor>
        <GBAuthor>Golightly,E.J.</GBAuthor>
        <GBAuthor>Grandi,G.</GBAuthor>
        <GBAuthor>Guiseppi,G.</GBAuthor>
        <GBAuthor>Guy,B.J.</GBAuthor>
        <GBAuthor>Haga,K.</GBAuthor>
        <GBAuthor>Haiech,J.</GBAuthor>
        <GBAuthor>Harwood,C.R.</GBAuthor>
        <GBAuthor>Henaut,A.</GBAuthor>
        <GBAuthor>Hilbert,H.</GBAuthor>
        <GBAuthor>Holsappel,S.</GBAuthor>
        <GBAuthor>Hosono,S.</GBAuthor>
        <GBAuthor>Hullo,M.F.</GBAuthor>
        <GBAuthor>Itaya,M.</GBAuthor>
        <GBAuthor>Jones,L.</GBAuthor>
        <GBAuthor>Joris,B.</GBAuthor>
        <GBAuthor>Karamata,D.</GBAuthor>
        <GBAuthor>Kasahara,Y.</GBAuthor>
        <GBAuthor>Klaerr-Blanchard,M.</GBAuthor>
        <GBAuthor>Klein,C.</GBAuthor>
        <GBAuthor>Kobayashi,Y.</GBAuthor>
        <GBAuthor>Koetter,P.</GBAuthor>
        <GBAuthor>Koningstein,G.</GBAuthor>
        <GBAuthor>Krogh,S.</GBAuthor>
        <GBAuthor>Kumano,M.</GBAuthor>
        <GBAuthor>Kurita,K.</GBAuthor>
        <GBAuthor>Lapidus,A.</GBAuthor>
        <GBAuthor>Lardinois,S.</GBAuthor>
        <GBAuthor>Lauber,J.</GBAuthor>
        <GBAuthor>Lazarevic,V.</GBAuthor>
        <GBAuthor>Lee,S.M.</GBAuthor>
        <GBAuthor>Levine,A.</GBAuthor>
        <GBAuthor>Liu,H.</GBAuthor>
        <GBAuthor>Masuda,S.</GBAuthor>
        <GBAuthor>Mauel,C.</GBAuthor>
        <GBAuthor>Medigue,C.</GBAuthor>
        <GBAuthor>Medina,N.</GBAuthor>
        <GBAuthor>Mellado,R.P.</GBAuthor>
        <GBAuthor>Mizuno,M.</GBAuthor>
        <GBAuthor>Moestl,D.</GBAuthor>
        <GBAuthor>Nakai,S.</GBAuthor>
        <GBAuthor>Noback,M.</GBAuthor>
        <GBAuthor>Noone,D.</GBAuthor>
        <GBAuthor>O&apos;Reilly,M.</GBAuthor>
        <GBAuthor>Ogawa,K.</GBAuthor>
        <GBAuthor>Ogiwara,A.</GBAuthor>
        <GBAuthor>Oudega,B.</GBAuthor>
        <GBAuthor>Park,S.H.</GBAuthor>
        <GBAuthor>Parro,V.</GBAuthor>
        <GBAuthor>Pohl,T.M.</GBAuthor>
        <GBAuthor>Portelle,D.</GBAuthor>
        <GBAuthor>Porwollik,S.</GBAuthor>
        <GBAuthor>Prescott,A.M.</GBAuthor>
        <GBAuthor>Presecan,E.</GBAuthor>
        <GBAuthor>Pujic,P.</GBAuthor>
        <GBAuthor>Purnelle,B.</GBAuthor>
        <GBAuthor>Rapoport,G.</GBAuthor>
        <GBAuthor>Rey,M.</GBAuthor>
        <GBAuthor>Reynolds,S.</GBAuthor>
        <GBAuthor>Rieger,M.</GBAuthor>
        <GBAuthor>Rivolta,C.</GBAuthor>
        <GBAuthor>Rocha,E.</GBAuthor>
        <GBAuthor>Roche,B.</GBAuthor>
        <GBAuthor>Rose,M.</GBAuthor>
        <GBAuthor>Sadaie,Y.</GBAuthor>
        <GBAuthor>Sato,T.</GBAuthor>
        <GBAuthor>Scanlan,E.</GBAuthor>
        <GBAuthor>Schleich,S.</GBAuthor>
        <GBAuthor>Schroeter,R.</GBAuthor>
        <GBAuthor>Scoffone,F.</GBAuthor>
        <GBAuthor>Sekiguchi,J.</GBAuthor>
        <GBAuthor>Sekowska,A.</GBAuthor>
        <GBAuthor>Seror,S.J.</GBAuthor>
        <GBAuthor>Serror,P.</GBAuthor>
        <GBAuthor>Shin,B.S.</GBAuthor>
        <GBAuthor>Soldo,B.</GBAuthor>
        <GBAuthor>Sorokin,A.</GBAuthor>
        <GBAuthor>Tacconi,E.</GBAuthor>
        <GBAuthor>Takagi,T.</GBAuthor>
        <GBAuthor>Takahashi,H.</GBAuthor>
        <GBAuthor>Takemaru,K.</GBAuthor>
        <GBAuthor>Takeuchi,M.</GBAuthor>
        <GBAuthor>Tamakoshi,A.</GBAuthor>
        <GBAuthor>Tanaka,T.</GBAuthor>
        <GBAuthor>Terpstra,P.</GBAuthor>
        <GBAuthor>Togoni,A.</GBAuthor>
        <GBAuthor>Tosato,V.</GBAuthor>
        <GBAuthor>Uchiyama,S.</GBAuthor>
        <GBAuthor>Vandebol,M.</GBAuthor>
        <GBAuthor>Vannier,F.</GBAuthor>
        <GBAuthor>Vassarotti,A.</GBAuthor>
        <GBAuthor>Viari,A.</GBAuthor>
        <GBAuthor>Wambutt,R.</GBAuthor>
        <GBAuthor>Wedler,H.</GBAuthor>
        <GBAuthor>Weitzenegger,T.</GBAuthor>
        <GBAuthor>Winters,P.</GBAuthor>
        <GBAuthor>Wipat,A.</GBAuthor>
        <GBAuthor>Yamamoto,H.</GBAuthor>
        <GBAuthor>Yamane,K.</GBAuthor>
        <GBAuthor>Yasumoto,K.</GBAuthor>
        <GBAuthor>Yata,K.</GBAuthor>
        <GBAuthor>Yoshida,K.</GBAuthor>
        <GBAuthor>Yoshikawa,H.F.</GBAuthor>
        <GBAuthor>Zumstein,E.</GBAuthor>
        <GBAuthor>Yoshikawa,H.</GBAuthor>
        <GBAuthor>Danchin,A.</GBAuthor>
      </GBReference_authors>
      <GBReference_title>The complete genome sequence of the gram-positive bacterium Bacillus subtilis</GBReference_title>
      <GBReference_journal>Nature 390 (6657), 249-256 (1997)</GBReference_journal>
      <GBReference_xref>
        <GBXref>
          <GBXref_dbname>doi</GBXref_dbname>
          <GBXref_id>10.1038/36786</GBXref_id>
        </GBXref>
      </GBReference_xref>
      <GBReference_pubmed>9384377</GBReference_pubmed>
      <GBReference_remark>NUCLEOTIDE SEQUENCE [LARGE SCALE GENOMIC DNA].;~STRAIN=168</GBReference_remark>
    </GBReference>
  </GBSeq_references>
  <GBSeq_comment>On or before Jun 10, 2005 this sequence version replaced gi:66101, gi:118981.; [FUNCTION] Key enzyme in folate metabolism. Catalyzes an essential reaction for de novo glycine and purine synthesis, and for DNA precursor synthesis (By similarity). {ECO:0000250}.; [CATALYTIC ACTIVITY] 5,6,7,8-tetrahydrofolate + NADP(+) = 7,8-dihydrofolate + NADPH. {ECO:0000255|PROSITE-ProRule:PRU00660}.; [PATHWAY] Cofactor biosynthesis; tetrahydrofolate biosynthesis; 5,6,7,8-tetrahydrofolate from 7,8-dihydrofolate: step 1/1.; [SIMILARITY] Belongs to the dihydrofolate reductase family. {ECO:0000305}.</GBSeq_comment>
  <GBSeq_source-db>UniProtKB: locus DYR_BACSU, accession P11045; class: standard. created: Jul 1, 1989. sequence updated: Oct 1, 1996. annotation updated: Nov 22, 2017. xrefs: M20012.1, AAA22853.1, L77246.1, AAA96635.1, AL009126.3, CAB14099.1, RDBSD, NP_390064.1, WP_003230799.1 xrefs (non-sequence databases): ProteinModelPortal:P11045, SMR:P11045, STRING:224308.Bsubs1_010100012011, PaxDb:P11045, EnsemblBacteria:CAB14099, EnsemblBacteria:CAB14099, EnsemblBacteria:BSU21810, GeneID:939091, KEGG:bsu:BSU21810, PATRIC:fig|224308.179.peg.2383, eggNOG:ENOG4108YYV, eggNOG:COG0262, HOGENOM:HOG000040233, InParanoid:P11045, KO:K00287, OMA:EECFVIG, PhylomeDB:P11045, BioCyc:BSUB:BSU21810-MONOMER, UniPathway:UPA00077, Proteomes:UP000001570, GO:0004146, GO:0050661, GO:0006545, GO:0009165, GO:0006730, GO:0046654, CDD:cd00209, Gene3D:3.40.430.10, InterPro:IPR012259, InterPro:IPR024072, InterPro:IPR017925, InterPro:IPR001796, Pfam:PF00186, PIRSF:PIRSF000194, PRINTS:PR00070, SUPFAM:SSF53597, PROSITE:PS00075, PROSITE:PS51330</GBSeq_source-db>
  <GBSeq_feature-table>
    <GBFeature>
      <GBFeature_key>source</GBFeature_key>
      <GBFeature_location>1..168</GBFeature_location>
      <GBFeature_intervals>
        <GBInterval>
          <GBInterval_from>1</GBInterval_from>
          <GBInterval_to>168</GBInterval_to>
          <GBInterval_accession>P11045.2</GBInterval_accession>
        </GBInterval>
      </GBFeature_intervals>
      <GBFeature_quals>
        <GBQualifier>
          <GBQualifier_name>organism</GBQualifier_name>
          <GBQualifier_value>Bacillus subtilis subsp. subtilis str. 168</GBQualifier_value>
        </GBQualifier>
        <GBQualifier>
          <GBQualifier_name>strain</GBQualifier_name>
          <GBQualifier_value>168</GBQualifier_value>
        </GBQualifier>
        <GBQualifier>
          <GBQualifier_name>db_xref</GBQualifier_name>
          <GBQualifier_value>taxon:224308</GBQualifier_value>
        </GBQualifier>
      </GBFeature_quals>
    </GBFeature>
    <GBFeature>
      <GBFeature_key>gene</GBFeature_key>
      <GBFeature_location>1..168</GBFeature_location>
      <GBFeature_intervals>
        <GBInterval>
          <GBInterval_from>1</GBInterval_from>
          <GBInterval_to>168</GBInterval_to>
          <GBInterval_accession>P11045.2</GBInterval_accession>
        </GBInterval>
      </GBFeature_intervals>
      <GBFeature_quals>
        <GBQualifier>
          <GBQualifier_name>gene</GBQualifier_name>
          <GBQualifier_value>dfrA</GBQualifier_value>
        </GBQualifier>
        <GBQualifier>
          <GBQualifier_name>locus_tag</GBQualifier_name>
          <GBQualifier_value>BSU21810</GBQualifier_value>
        </GBQualifier>
      </GBFeature_quals>
    </GBFeature>
    <GBFeature>
      <GBFeature_key>Protein</GBFeature_key>
      <GBFeature_location>1..168</GBFeature_location>
      <GBFeature_intervals>
        <GBInterval>
          <GBInterval_from>1</GBInterval_from>
          <GBInterval_to>168</GBInterval_to>
          <GBInterval_accession>P11045.2</GBInterval_accession>
        </GBInterval>
      </GBFeature_intervals>
      <GBFeature_quals>
        <GBQualifier>
          <GBQualifier_name>gene</GBQualifier_name>
          <GBQualifier_value>dfrA</GBQualifier_value>
        </GBQualifier>
        <GBQualifier>
          <GBQualifier_name>locus_tag</GBQualifier_name>
          <GBQualifier_value>BSU21810</GBQualifier_value>
        </GBQualifier>
        <GBQualifier>
          <GBQualifier_name>product</GBQualifier_name>
          <GBQualifier_value>Dihydrofolate reductase</GBQualifier_value>
        </GBQualifier>
        <GBQualifier>
          <GBQualifier_name>EC_number</GBQualifier_name>
          <GBQualifier_value>1.5.1.3</GBQualifier_value>
        </GBQualifier>
        <GBQualifier>
          <GBQualifier_name>UniProtKB_evidence</GBQualifier_name>
          <GBQualifier_value>Evidence at protein level</GBQualifier_value>
        </GBQualifier>
        <GBQualifier>
          <GBQualifier_name>calculated_mol_wt</GBQualifier_name>
          <GBQualifier_value>19045</GBQualifier_value>
        </GBQualifier>
      </GBFeature_quals>
    </GBFeature>
    <GBFeature>
      <GBFeature_key>Region</GBFeature_key>
      <GBFeature_location>1..168</GBFeature_location>
      <GBFeature_intervals>
        <GBInterval>
          <GBInterval_from>1</GBInterval_from>
          <GBInterval_to>168</GBInterval_to>
          <GBInterval_accession>P11045.2</GBInterval_accession>
        </GBInterval>
      </GBFeature_intervals>
      <GBFeature_quals>
        <GBQualifier>
          <GBQualifier_name>gene</GBQualifier_name>
          <GBQualifier_value>dfrA</GBQualifier_value>
        </GBQualifier>
        <GBQualifier>
          <GBQualifier_name>locus_tag</GBQualifier_name>
          <GBQualifier_value>BSU21810</GBQualifier_value>
        </GBQualifier>
        <GBQualifier>
          <GBQualifier_name>region_name</GBQualifier_name>
          <GBQualifier_value>Mature chain</GBQualifier_value>
        </GBQualifier>
        <GBQualifier>
          <GBQualifier_name>experiment</GBQualifier_name>
          <GBQualifier_value>experimental evidence, no additional details recorded</GBQualifier_value>
        </GBQualifier>
        <GBQualifier>
          <GBQualifier_name>note</GBQualifier_name>
          <GBQualifier_value>Dihydrofolate reductase. /FTId=PRO_0000186382.</GBQualifier_value>
        </GBQualifier>
      </GBFeature_quals>
    </GBFeature>
    <GBFeature>
      <GBFeature_key>Region</GBFeature_key>
      <GBFeature_location>1..159</GBFeature_location>
      <GBFeature_intervals>
        <GBInterval>
          <GBInterval_from>1</GBInterval_from>
          <GBInterval_to>159</GBInterval_to>
          <GBInterval_accession>P11045.2</GBInterval_accession>
        </GBInterval>
      </GBFeature_intervals>
      <GBFeature_quals>
        <GBQualifier>
          <GBQualifier_name>gene</GBQualifier_name>
          <GBQualifier_value>dfrA</GBQualifier_value>
        </GBQualifier>
        <GBQualifier>
          <GBQualifier_name>locus_tag</GBQualifier_name>
          <GBQualifier_value>BSU21810</GBQualifier_value>
        </GBQualifier>
        <GBQualifier>
          <GBQualifier_name>region_name</GBQualifier_name>
          <GBQualifier_value>Domain</GBQualifier_value>
        </GBQualifier>
        <GBQualifier>
          <GBQualifier_name>experiment</GBQualifier_name>
          <GBQualifier_value>experimental evidence, no additional details recorded</GBQualifier_value>
        </GBQualifier>
        <GBQualifier>
          <GBQualifier_name>note</GBQualifier_name>
          <GBQualifier_value>DHFR. {ECO:0000255|PROSITE-ProRule:PRU00660}.</GBQualifier_value>
        </GBQualifier>
      </GBFeature_quals>
    </GBFeature>
    <GBFeature>
      <GBFeature_key>Region</GBFeature_key>
      <GBFeature_location>1..159</GBFeature_location>
      <GBFeature_intervals>
        <GBInterval>
          <GBInterval_from>1</GBInterval_from>
          <GBInterval_to>159</GBInterval_to>
          <GBInterval_accession>P11045.2</GBInterval_accession>
        </GBInterval>
      </GBFeature_intervals>
      <GBFeature_quals>
        <GBQualifier>
          <GBQualifier_name>gene</GBQualifier_name>
          <GBQualifier_value>dfrA</GBQualifier_value>
        </GBQualifier>
        <GBQualifier>
          <GBQualifier_name>locus_tag</GBQualifier_name>
          <GBQualifier_value>BSU21810</GBQualifier_value>
        </GBQualifier>
        <GBQualifier>
          <GBQualifier_name>region_name</GBQualifier_name>
          <GBQualifier_value>DHFR_1</GBQualifier_value>
        </GBQualifier>
        <GBQualifier>
          <GBQualifier_name>note</GBQualifier_name>
          <GBQualifier_value>Dihydrofolate reductase; pfam00186</GBQualifier_value>
        </GBQualifier>
        <GBQualifier>
          <GBQualifier_name>db_xref</GBQualifier_name>
          <GBQualifier_value>CDD:306655</GBQualifier_value>
        </GBQualifier>
      </GBFeature_quals>
    </GBFeature>
    <GBFeature>
      <GBFeature_key>Site</GBFeature_key>
      <GBFeature_location>order(5,22,27,57,95,101,114)</GBFeature_location>
      <GBFeature_intervals>
        <GBInterval>
          <GBInterval_point>5</GBInterval_point>
          <GBInterval_accession>P11045.2</GBInterval_accession>
        </GBInterval>
        <GBInterval>
          <GBInterval_point>22</GBInterval_point>
          <GBInterval_accession>P11045.2</GBInterval_accession>
        </GBInterval>
        <GBInterval>
          <GBInterval_point>27</GBInterval_point>
          <GBInterval_accession>P11045.2</GBInterval_accession>
        </GBInterval>
        <GBInterval>
          <GBInterval_point>57</GBInterval_point>
          <GBInterval_accession>P11045.2</GBInterval_accession>
        </GBInterval>
        <GBInterval>
          <GBInterval_point>95</GBInterval_point>
          <GBInterval_accession>P11045.2</GBInterval_accession>
        </GBInterval>
        <GBInterval>
          <GBInterval_point>101</GBInterval_point>
          <GBInterval_accession>P11045.2</GBInterval_accession>
        </GBInterval>
        <GBInterval>
          <GBInterval_point>114</GBInterval_point>
          <GBInterval_accession>P11045.2</GBInterval_accession>
        </GBInterval>
      </GBFeature_intervals>
      <GBFeature_operator>order</GBFeature_operator>
      <GBFeature_quals>
        <GBQualifier>
          <GBQualifier_name>gene</GBQualifier_name>
          <GBQualifier_value>dfrA</GBQualifier_value>
        </GBQualifier>
        <GBQualifier>
          <GBQualifier_name>locus_tag</GBQualifier_name>
          <GBQualifier_value>BSU21810</GBQualifier_value>
        </GBQualifier>
        <GBQualifier>
          <GBQualifier_name>site_type</GBQualifier_name>
          <GBQualifier_value>other</GBQualifier_value>
        </GBQualifier>
        <GBQualifier>
          <GBQualifier_name>note</GBQualifier_name>
          <GBQualifier_value>folate binding site [chemical binding]</GBQualifier_value>
        </GBQualifier>
        <GBQualifier>
          <GBQualifier_name>db_xref</GBQualifier_name>
          <GBQualifier_value>CDD:238127</GBQualifier_value>
        </GBQualifier>
      </GBFeature_quals>
    </GBFeature>
    <GBFeature>
      <GBFeature_key>Region</GBFeature_key>
      <GBFeature_location>5..7</GBFeature_location>
      <GBFeature_intervals>
        <GBInterval>
          <GBInterval_from>5</GBInterval_from>
          <GBInterval_to>7</GBInterval_to>
          <GBInterval_accession>P11045.2</GBInterval_accession>
        </GBInterval>
      </GBFeature_intervals>
      <GBFeature_quals>
        <GBQualifier>
          <GBQualifier_name>gene</GBQualifier_name>
          <GBQualifier_value>dfrA</GBQualifier_value>
        </GBQualifier>
        <GBQualifier>
          <GBQualifier_name>locus_tag</GBQualifier_name>
          <GBQualifier_value>BSU21810</GBQualifier_value>
        </GBQualifier>
        <GBQualifier>
          <GBQualifier_name>region_name</GBQualifier_name>
          <GBQualifier_value>Region of interest in the sequence</GBQualifier_value>
        </GBQualifier>
        <GBQualifier>
          <GBQualifier_name>experiment</GBQualifier_name>
          <GBQualifier_value>experimental evidence, no additional details recorded</GBQualifier_value>
        </GBQualifier>
        <GBQualifier>
          <GBQualifier_name>note</GBQualifier_name>
          <GBQualifier_value>Substrate binding. {ECO:0000250}.</GBQualifier_value>
        </GBQualifier>
      </GBFeature_quals>
    </GBFeature>
    <GBFeature>
      <GBFeature_key>Site</GBFeature_key>
      <GBFeature_location>6..7</GBFeature_location>
      <GBFeature_intervals>
        <GBInterval>
          <GBInterval_from>6</GBInterval_from>
          <GBInterval_to>7</GBInterval_to>
          <GBInterval_accession>P11045.2</GBInterval_accession>
        </GBInterval>
      </GBFeature_intervals>
      <GBFeature_quals>
        <GBQualifier>
          <GBQualifier_name>gene</GBQualifier_name>
          <GBQualifier_value>dfrA</GBQualifier_value>
        </GBQualifier>
        <GBQualifier>
          <GBQualifier_name>locus_tag</GBQualifier_name>
          <GBQualifier_value>BSU21810</GBQualifier_value>
        </GBQualifier>
        <GBQualifier>
          <GBQualifier_name>site_type</GBQualifier_name>
          <GBQualifier_value>np-binding</GBQualifier_value>
        </GBQualifier>
        <GBQualifier>
          <GBQualifier_name>experiment</GBQualifier_name>
          <GBQualifier_value>experimental evidence, no additional details recorded</GBQualifier_value>
        </GBQualifier>
        <GBQualifier>
          <GBQualifier_name>note</GBQualifier_name>
          <GBQualifier_value>NADP. {ECO:0000250}.</GBQualifier_value>
        </GBQualifier>
      </GBFeature_quals>
    </GBFeature>
    <GBFeature>
      <GBFeature_key>Site</GBFeature_key>
      <GBFeature_location>order(7,14,44..46,96..99)</GBFeature_location>
      <GBFeature_intervals>
        <GBInterval>
          <GBInterval_point>7</GBInterval_point>
          <GBInterval_accession>P11045.2</GBInterval_accession>
        </GBInterval>
        <GBInterval>
          <GBInterval_point>14</GBInterval_point>
          <GBInterval_accession>P11045.2</GBInterval_accession>
        </GBInterval>
        <GBInterval>
          <GBInterval_from>44</GBInterval_from>
          <GBInterval_to>46</GBInterval_to>
          <GBInterval_accession>P11045.2</GBInterval_accession>
        </GBInterval>
        <GBInterval>
          <GBInterval_from>96</GBInterval_from>
          <GBInterval_to>99</GBInterval_to>
          <GBInterval_accession>P11045.2</GBInterval_accession>
        </GBInterval>
      </GBFeature_intervals>
      <GBFeature_operator>order</GBFeature_operator>
      <GBFeature_quals>
        <GBQualifier>
          <GBQualifier_name>gene</GBQualifier_name>
          <GBQualifier_value>dfrA</GBQualifier_value>
        </GBQualifier>
        <GBQualifier>
          <GBQualifier_name>locus_tag</GBQualifier_name>
          <GBQualifier_value>BSU21810</GBQualifier_value>
        </GBQualifier>
        <GBQualifier>
          <GBQualifier_name>site_type</GBQualifier_name>
          <GBQualifier_value>other</GBQualifier_value>
        </GBQualifier>
        <GBQualifier>
          <GBQualifier_name>note</GBQualifier_name>
          <GBQualifier_value>NADP+ binding site [chemical binding]</GBQualifier_value>
        </GBQualifier>
        <GBQualifier>
          <GBQualifier_name>db_xref</GBQualifier_name>
          <GBQualifier_value>CDD:238127</GBQualifier_value>
        </GBQualifier>
      </GBFeature_quals>
    </GBFeature>
    <GBFeature>
      <GBFeature_key>Site</GBFeature_key>
      <GBFeature_location>14..19</GBFeature_location>
      <GBFeature_intervals>
        <GBInterval>
          <GBInterval_from>14</GBInterval_from>
          <GBInterval_to>19</GBInterval_to>
          <GBInterval_accession>P11045.2</GBInterval_accession>
        </GBInterval>
      </GBFeature_intervals>
      <GBFeature_quals>
        <GBQualifier>
          <GBQualifier_name>gene</GBQualifier_name>
          <GBQualifier_value>dfrA</GBQualifier_value>
        </GBQualifier>
        <GBQualifier>
          <GBQualifier_name>locus_tag</GBQualifier_name>
          <GBQualifier_value>BSU21810</GBQualifier_value>
        </GBQualifier>
        <GBQualifier>
          <GBQualifier_name>site_type</GBQualifier_name>
          <GBQualifier_value>np-binding</GBQualifier_value>
        </GBQualifier>
        <GBQualifier>
          <GBQualifier_name>experiment</GBQualifier_name>
          <GBQualifier_value>experimental evidence, no additional details recorded</GBQualifier_value>
        </GBQualifier>
        <GBQualifier>
          <GBQualifier_name>note</GBQualifier_name>
          <GBQualifier_value>NADP. {ECO:0000250}.</GBQualifier_value>
        </GBQualifier>
      </GBFeature_quals>
    </GBFeature>
    <GBFeature>
      <GBFeature_key>Site</GBFeature_key>
      <GBFeature_location>27</GBFeature_location>
      <GBFeature_intervals>
        <GBInterval>
          <GBInterval_point>27</GBInterval_point>
          <GBInterval_accession>P11045.2</GBInterval_accession>
        </GBInterval>
      </GBFeature_intervals>
      <GBFeature_quals>
        <GBQualifier>
          <GBQualifier_name>gene</GBQualifier_name>
          <GBQualifier_value>dfrA</GBQualifier_value>
        </GBQualifier>
        <GBQualifier>
          <GBQualifier_name>locus_tag</GBQualifier_name>
          <GBQualifier_value>BSU21810</GBQualifier_value>
        </GBQualifier>
        <GBQualifier>
          <GBQualifier_name>site_type</GBQualifier_name>
          <GBQualifier_value>binding</GBQualifier_value>
        </GBQualifier>
        <GBQualifier>
          <GBQualifier_name>experiment</GBQualifier_name>
          <GBQualifier_value>experimental evidence, no additional details recorded</GBQualifier_value>
        </GBQualifier>
        <GBQualifier>
          <GBQualifier_name>note</GBQualifier_name>
          <GBQualifier_value>Substrate. {ECO:0000250}.</GBQualifier_value>
        </GBQualifier>
      </GBFeature_quals>
    </GBFeature>
    <GBFeature>
      <GBFeature_key>Site</GBFeature_key>
      <GBFeature_location>43..46</GBFeature_location>
      <GBFeature_intervals>
        <GBInterval>
          <GBInterval_from>43</GBInterval_from>
          <GBInterval_to>46</GBInterval_to>
          <GBInterval_accession>P11045.2</GBInterval_accession>
        </GBInterval>
      </GBFeature_intervals>
      <GBFeature_quals>
        <GBQualifier>
          <GBQualifier_name>gene</GBQualifier_name>
          <GBQualifier_value>dfrA</GBQualifier_value>
        </GBQualifier>
        <GBQualifier>
          <GBQualifier_name>locus_tag</GBQualifier_name>
          <GBQualifier_value>BSU21810</GBQualifier_value>
        </GBQualifier>
        <GBQualifier>
          <GBQualifier_name>site_type</GBQualifier_name>
          <GBQualifier_value>np-binding</GBQualifier_value>
        </GBQualifier>
        <GBQualifier>
          <GBQualifier_name>experiment</GBQualifier_name>
          <GBQualifier_value>experimental evidence, no additional details recorded</GBQualifier_value>
        </GBQualifier>
        <GBQualifier>
          <GBQualifier_name>note</GBQualifier_name>
          <GBQualifier_value>NADP. {ECO:0000250}.</GBQualifier_value>
        </GBQualifier>
      </GBFeature_quals>
    </GBFeature>
    <GBFeature>
      <GBFeature_key>Site</GBFeature_key>
      <GBFeature_location>57</GBFeature_location>
      <GBFeature_intervals>
        <GBInterval>
          <GBInterval_point>57</GBInterval_point>
          <GBInterval_accession>P11045.2</GBInterval_accession>
        </GBInterval>
      </GBFeature_intervals>
      <GBFeature_quals>
        <GBQualifier>
          <GBQualifier_name>gene</GBQualifier_name>
          <GBQualifier_value>dfrA</GBQualifier_value>
        </GBQualifier>
        <GBQualifier>
          <GBQualifier_name>locus_tag</GBQualifier_name>
          <GBQualifier_value>BSU21810</GBQualifier_value>
        </GBQualifier>
        <GBQualifier>
          <GBQualifier_name>site_type</GBQualifier_name>
          <GBQualifier_value>binding</GBQualifier_value>
        </GBQualifier>
        <GBQualifier>
          <GBQualifier_name>experiment</GBQualifier_name>
          <GBQualifier_value>experimental evidence, no additional details recorded</GBQualifier_value>
        </GBQualifier>
        <GBQualifier>
          <GBQualifier_name>note</GBQualifier_name>
          <GBQualifier_value>Substrate. {ECO:0000250}.</GBQualifier_value>
        </GBQualifier>
      </GBFeature_quals>
    </GBFeature>
    <GBFeature>
      <GBFeature_key>Site</GBFeature_key>
      <GBFeature_location>62..65</GBFeature_location>
      <GBFeature_intervals>
        <GBInterval>
          <GBInterval_from>62</GBInterval_from>
          <GBInterval_to>65</GBInterval_to>
          <GBInterval_accession>P11045.2</GBInterval_accession>
        </GBInterval>
      </GBFeature_intervals>
      <GBFeature_quals>
        <GBQualifier>
          <GBQualifier_name>gene</GBQualifier_name>
          <GBQualifier_value>dfrA</GBQualifier_value>
        </GBQualifier>
        <GBQualifier>
          <GBQualifier_name>locus_tag</GBQualifier_name>
          <GBQualifier_value>BSU21810</GBQualifier_value>
        </GBQualifier>
        <GBQualifier>
          <GBQualifier_name>site_type</GBQualifier_name>
          <GBQualifier_value>np-binding</GBQualifier_value>
        </GBQualifier>
        <GBQualifier>
          <GBQualifier_name>experiment</GBQualifier_name>
          <GBQualifier_value>experimental evidence, no additional details recorded</GBQualifier_value>
        </GBQualifier>
        <GBQualifier>
          <GBQualifier_name>note</GBQualifier_name>
          <GBQualifier_value>NADP. {ECO:0000250}.</GBQualifier_value>
        </GBQualifier>
      </GBFeature_quals>
    </GBFeature>
    <GBFeature>
      <GBFeature_key>Site</GBFeature_key>
      <GBFeature_location>95..100</GBFeature_location>
      <GBFeature_intervals>
        <GBInterval>
          <GBInterval_from>95</GBInterval_from>
          <GBInterval_to>100</GBInterval_to>
          <GBInterval_accession>P11045.2</GBInterval_accession>
        </GBInterval>
      </GBFeature_intervals>
      <GBFeature_quals>
        <GBQualifier>
          <GBQualifier_name>gene</GBQualifier_name>
          <GBQualifier_value>dfrA</GBQualifier_value>
        </GBQualifier>
        <GBQualifier>
          <GBQualifier_name>locus_tag</GBQualifier_name>
          <GBQualifier_value>BSU21810</GBQualifier_value>
        </GBQualifier>
        <GBQualifier>
          <GBQualifier_name>site_type</GBQualifier_name>
          <GBQualifier_value>np-binding</GBQualifier_value>
        </GBQualifier>
        <GBQualifier>
          <GBQualifier_name>experiment</GBQualifier_name>
          <GBQualifier_value>experimental evidence, no additional details recorded</GBQualifier_value>
        </GBQualifier>
        <GBQualifier>
          <GBQualifier_name>note</GBQualifier_name>
          <GBQualifier_value>NADP. {ECO:0000250}.</GBQualifier_value>
        </GBQualifier>
      </GBFeature_quals>
    </GBFeature>
    <GBFeature>
      <GBFeature_key>Site</GBFeature_key>
      <GBFeature_location>114</GBFeature_location>
      <GBFeature_intervals>
        <GBInterval>
          <GBInterval_point>114</GBInterval_point>
          <GBInterval_accession>P11045.2</GBInterval_accession>
        </GBInterval>
      </GBFeature_intervals>
      <GBFeature_quals>
        <GBQualifier>
          <GBQualifier_name>gene</GBQualifier_name>
          <GBQualifier_value>dfrA</GBQualifier_value>
        </GBQualifier>
        <GBQualifier>
          <GBQualifier_name>locus_tag</GBQualifier_name>
          <GBQualifier_value>BSU21810</GBQualifier_value>
        </GBQualifier>
        <GBQualifier>
          <GBQualifier_name>site_type</GBQualifier_name>
          <GBQualifier_value>binding</GBQualifier_value>
        </GBQualifier>
        <GBQualifier>
          <GBQualifier_name>experiment</GBQualifier_name>
          <GBQualifier_value>experimental evidence, no additional details recorded</GBQualifier_value>
        </GBQualifier>
        <GBQualifier>
          <GBQualifier_name>note</GBQualifier_name>
          <GBQualifier_value>Substrate. {ECO:0000250}.</GBQualifier_value>
        </GBQualifier>
      </GBFeature_quals>
    </GBFeature>
    <GBFeature>
      <GBFeature_key>Region</GBFeature_key>
      <GBFeature_location>165</GBFeature_location>
      <GBFeature_intervals>
        <GBInterval>
          <GBInterval_point>165</GBInterval_point>
          <GBInterval_accession>P11045.2</GBInterval_accession>
        </GBInterval>
      </GBFeature_intervals>
      <GBFeature_quals>
        <GBQualifier>
          <GBQualifier_name>gene</GBQualifier_name>
          <GBQualifier_value>dfrA</GBQualifier_value>
        </GBQualifier>
        <GBQualifier>
          <GBQualifier_name>locus_tag</GBQualifier_name>
          <GBQualifier_value>BSU21810</GBQualifier_value>
        </GBQualifier>
        <GBQualifier>
          <GBQualifier_name>region_name</GBQualifier_name>
          <GBQualifier_value>Variant</GBQualifier_value>
        </GBQualifier>
        <GBQualifier>
          <GBQualifier_name>experiment</GBQualifier_name>
          <GBQualifier_value>experimental evidence, no additional details recorded</GBQualifier_value>
        </GBQualifier>
        <GBQualifier>
          <GBQualifier_name>note</GBQualifier_name>
          <GBQualifier_value>A -&gt; V (in strain: MI112).</GBQualifier_value>
        </GBQualifier>
      </GBFeature_quals>
    </GBFeature>
  </GBSeq_feature-table>
  <GBSeq_sequence>misfifamdanrligkdndlpwhlpndlayfkkitsghsiimgrktfesigrplpnrknivvtsapdsefqgctvvsslkdvldicsgpeecfviggaqlytdlfpyadrlymtkihhefegdrhfpefdesnwklvsseqgtkdeknpydyeflmyekknsskaggf</GBSeq_sequence>
</GBSeq>

</GBSet>
