<?xml version="1.0" ?>
<!DOCTYPE GBSet PUBLIC "-//NCBI//NCBI GBSeq/EN" "https://www.ncbi.nlm.nih.gov/dtd/NCBI_GBSeq.dtd">
<GBSet>
<GBSeq>
  <GBSeq_locus>SAM09365</GBSeq_locus>
  <GBSeq_length>192</GBSeq_length>
  <GBSeq_moltype>AA</GBSeq_moltype>
  <GBSeq_topology>linear</GBSeq_topology>
  <GBSeq_division>PLN</GBSeq_division>
  <GBSeq_update-date>19-APR-2016</GBSeq_update-date>
  <GBSeq_create-date>11-APR-2016</GBSeq_create-date>
  <GBSeq_definition>hypothetical protein [Absidia glauca]</GBSeq_definition>
  <GBSeq_primary-accession>SAM09365</GBSeq_primary-accession>
  <GBSeq_accession-version>SAM09365.1</GBSeq_accession-version>
  <GBSeq_other-seqids>
    <GBSeqid>emb|SAM09365.1|</GBSeqid>
    <GBSeqid>gi|1021054873</GBSeqid>
  </GBSeq_other-seqids>
  <GBSeq_project>PRJEB13349</GBSeq_project>
  <GBSeq_source>Absidia glauca</GBSeq_source>
  <GBSeq_organism>Absidia glauca</GBSeq_organism>
  <GBSeq_taxonomy>Eukaryota; Fungi; Fungi incertae sedis; Mucoromycotina; Mucorales; Cunninghamellaceae; Absidia</GBSeq_taxonomy>
  <GBSeq_references>
    <GBReference>
      <GBReference_reference>1</GBReference_reference>
      <GBReference_authors>
        <GBAuthor>Ellenberger,Sabrina.</GBAuthor>
      </GBReference_authors>
      <GBReference_title>Direct Submission</GBReference_title>
      <GBReference_journal>Submitted (08-APR-2016) FRIEDRICH SCHILLER UNIVERSITY JENA, Neugasse 24, 07743 Jena, Germany</GBReference_journal>
    </GBReference>
  </GBSeq_references>
  <GBSeq_source-db>embl accession LT555008.1</GBSeq_source-db>
  <GBSeq_feature-table>
    <GBFeature>
      <GBFeature_key>source</GBFeature_key>
      <GBFeature_location>1..192</GBFeature_location>
      <GBFeature_intervals>
        <GBInterval>
          <GBInterval_from>1</GBInterval_from>
          <GBInterval_to>192</GBInterval_to>
          <GBInterval_accession>SAM09365.1</GBInterval_accession>
        </GBInterval>
      </GBFeature_intervals>
      <GBFeature_quals>
        <GBQualifier>
          <GBQualifier_name>organism</GBQualifier_name>
          <GBQualifier_value>Absidia glauca</GBQualifier_value>
        </GBQualifier>
        <GBQualifier>
          <GBQualifier_name>strain</GBQualifier_name>
          <GBQualifier_value>CBS 101.48</GBQualifier_value>
        </GBQualifier>
        <GBQualifier>
          <GBQualifier_name>sub_strain</GBQualifier_name>
          <GBQualifier_value>RVII-324 met-</GBQualifier_value>
        </GBQualifier>
        <GBQualifier>
          <GBQualifier_name>culture_collection</GBQualifier_name>
          <GBQualifier_value>CBS:101.48</GBQualifier_value>
        </GBQualifier>
        <GBQualifier>
          <GBQualifier_name>db_xref</GBQualifier_name>
          <GBQualifier_value>taxon:4829</GBQualifier_value>
        </GBQualifier>
        <GBQualifier>
          <GBQualifier_name>mating_type</GBQualifier_name>
          <GBQualifier_value>minus</GBQualifier_value>
        </GBQualifier>
      </GBFeature_quals>
    </GBFeature>
    <GBFeature>
      <GBFeature_key>Protein</GBFeature_key>
      <GBFeature_location>1..192</GBFeature_location>
      <GBFeature_intervals>
        <GBInterval>
          <GBInterval_from>1</GBInterval_from>
          <GBInterval_to>192</GBInterval_to>
          <GBInterval_accession>SAM09365.1</GBInterval_accession>
        </GBInterval>
      </GBFeature_intervals>
      <GBFeature_quals>
        <GBQualifier>
          <GBQualifier_name>product</GBQualifier_name>
          <GBQualifier_value>hypothetical protein</GBQualifier_value>
        </GBQualifier>
        <GBQualifier>
          <GBQualifier_name>calculated_mol_wt</GBQualifier_name>
          <GBQualifier_value>21532</GBQualifier_value>
        </GBQualifier>
      </GBFeature_quals>
    </GBFeature>
    <GBFeature>
      <GBFeature_key>CDS</GBFeature_key>
      <GBFeature_location>1..192</GBFeature_location>
      <GBFeature_intervals>
        <GBInterval>
          <GBInterval_from>1</GBInterval_from>
          <GBInterval_to>192</GBInterval_to>
          <GBInterval_accession>SAM09365.1</GBInterval_accession>
        </GBInterval>
      </GBFeature_intervals>
      <GBFeature_quals>
        <GBQualifier>
          <GBQualifier_name>gene</GBQualifier_name>
          <GBQualifier_value>ABSGL_15041.1 scaffold 15162</GBQualifier_value>
        </GBQualifier>
        <GBQualifier>
          <GBQualifier_name>coded_by</GBQualifier_name>
          <GBQualifier_value>complement(join(LT555008.1:349150..349474,LT555008.1:349532..349785))</GBQualifier_value>
        </GBQualifier>
      </GBFeature_quals>
    </GBFeature>
  </GBSeq_feature-table>
  <GBSeq_sequence>mkpytlivaatktygigingglpwrlpkdmaffkhvttlipktspqhlqnvvimgrvtwesipakfrplegrfnivisrnldydlqgapntilvdslekavalvdperhgrvfviggahmyqlamaethcshilltsidsdvecdtffpaindtdfrvathqeleayveqvvpqgvqlhkdigyefllyirq</GBSeq_sequence>
  <GBSeq_xrefs>
    <GBXref>
      <GBXref_dbname>BioProject</GBXref_dbname>
      <GBXref_id>PRJEB13349</GBXref_id>
    </GBXref>
    <GBXref>
      <GBXref_dbname>BioSample</GBXref_dbname>
      <GBXref_id>SAMEA3923633</GBXref_id>
    </GBXref>
  </GBSeq_xrefs>
</GBSeq>

</GBSet>

