<?xml version="1.0" ?>
<!DOCTYPE GBSet PUBLIC "-//NCBI//NCBI GBSeq/EN" "https://www.ncbi.nlm.nih.gov/dtd/NCBI_GBSeq.dtd">
<GBSet>
<GBSeq>
  <GBSeq_locus>WP_000312547</GBSeq_locus>
  <GBSeq_length>169</GBSeq_length>
  <GBSeq_moltype>AA</GBSeq_moltype>
  <GBSeq_topology>linear</GBSeq_topology>
  <GBSeq_division>BCT</GBSeq_division>
  <GBSeq_update-date>26-MAY-2013</GBSeq_update-date>
  <GBSeq_create-date>04-FEB-2013</GBSeq_create-date>
  <GBSeq_definition>diacylglycerol kinase [Acinetobacter baumannii]</GBSeq_definition>
  <GBSeq_primary-accession>WP_000312547</GBSeq_primary-accession>
  <GBSeq_accession-version>WP_000312547.1</GBSeq_accession-version>
  <GBSeq_other-seqids>
    <GBSeqid>ref|WP_000312547.1|</GBSeqid>
    <GBSeqid>gi|446234692</GBSeqid>
  </GBSeq_other-seqids>
  <GBSeq_keywords>
    <GBKeyword>RefSeq</GBKeyword>
  </GBSeq_keywords>
  <GBSeq_source>Acinetobacter baumannii</GBSeq_source>
  <GBSeq_organism>Acinetobacter baumannii</GBSeq_organism>
  <GBSeq_taxonomy>Bacteria; Proteobacteria; Gammaproteobacteria; Pseudomonadales; Moraxellaceae; Acinetobacter; Acinetobacter calcoaceticus/baumannii complex</GBSeq_taxonomy>
  <GBSeq_comment>REFSEQ: This record represents a single, non-redundant, protein sequence which may be annotated on many different RefSeq genomes from the same, or different, species.; COMPLETENESS: full length.</GBSeq_comment>
  <GBSeq_feature-table>
    <GBFeature>
      <GBFeature_key>source</GBFeature_key>
      <GBFeature_location>1..169</GBFeature_location>
      <GBFeature_intervals>
        <GBInterval>
          <GBInterval_from>1</GBInterval_from>
          <GBInterval_to>169</GBInterval_to>
          <GBInterval_accession>WP_000312547.1</GBInterval_accession>
        </GBInterval>
      </GBFeature_intervals>
      <GBFeature_quals>
        <GBQualifier>
          <GBQualifier_name>organism</GBQualifier_name>
          <GBQualifier_value>Acinetobacter baumannii</GBQualifier_value>
        </GBQualifier>
        <GBQualifier>
          <GBQualifier_name>db_xref</GBQualifier_name>
          <GBQualifier_value>taxon:470</GBQualifier_value>
        </GBQualifier>
      </GBFeature_quals>
    </GBFeature>
    <GBFeature>
      <GBFeature_key>Protein</GBFeature_key>
      <GBFeature_location>1..169</GBFeature_location>
      <GBFeature_intervals>
        <GBInterval>
          <GBInterval_from>1</GBInterval_from>
          <GBInterval_to>169</GBInterval_to>
          <GBInterval_accession>WP_000312547.1</GBInterval_accession>
        </GBInterval>
      </GBFeature_intervals>
      <GBFeature_quals>
        <GBQualifier>
          <GBQualifier_name>product</GBQualifier_name>
          <GBQualifier_value>diacylglycerol kinase</GBQualifier_value>
        </GBQualifier>
        <GBQualifier>
          <GBQualifier_name>calculated_mol_wt</GBQualifier_name>
          <GBQualifier_value>18812</GBQualifier_value>
        </GBQualifier>
      </GBFeature_quals>
    </GBFeature>
    <GBFeature>
      <GBFeature_key>Region</GBFeature_key>
      <GBFeature_location>8..169</GBFeature_location>
      <GBFeature_intervals>
        <GBInterval>
          <GBInterval_from>8</GBInterval_from>
          <GBInterval_to>169</GBInterval_to>
          <GBInterval_accession>WP_000312547.1</GBInterval_accession>
        </GBInterval>
      </GBFeature_intervals>
      <GBFeature_quals>
        <GBQualifier>
          <GBQualifier_name>region_name</GBQualifier_name>
          <GBQualifier_value>DHFR_1</GBQualifier_value>
        </GBQualifier>
        <GBQualifier>
          <GBQualifier_name>note</GBQualifier_name>
          <GBQualifier_value>Dihydrofolate reductase; pfam00186</GBQualifier_value>
        </GBQualifier>
        <GBQualifier>
          <GBQualifier_name>db_xref</GBQualifier_name>
          <GBQualifier_value>CDD:278610</GBQualifier_value>
        </GBQualifier>
      </GBFeature_quals>
    </GBFeature>
    <GBFeature>
      <GBFeature_key>Site</GBFeature_key>
      <GBFeature_location>order(11,28,33,63,107,113,126)</GBFeature_location>
      <GBFeature_intervals>
        <GBInterval>
          <GBInterval_point>11</GBInterval_point>
          <GBInterval_accession>WP_000312547.1</GBInterval_accession>
        </GBInterval>
        <GBInterval>
          <GBInterval_point>28</GBInterval_point>
          <GBInterval_accession>WP_000312547.1</GBInterval_accession>
        </GBInterval>
        <GBInterval>
          <GBInterval_point>33</GBInterval_point>
          <GBInterval_accession>WP_000312547.1</GBInterval_accession>
        </GBInterval>
        <GBInterval>
          <GBInterval_point>63</GBInterval_point>
          <GBInterval_accession>WP_000312547.1</GBInterval_accession>
        </GBInterval>
        <GBInterval>
          <GBInterval_point>107</GBInterval_point>
          <GBInterval_accession>WP_000312547.1</GBInterval_accession>
        </GBInterval>
        <GBInterval>
          <GBInterval_point>113</GBInterval_point>
          <GBInterval_accession>WP_000312547.1</GBInterval_accession>
        </GBInterval>
        <GBInterval>
          <GBInterval_point>126</GBInterval_point>
          <GBInterval_accession>WP_000312547.1</GBInterval_accession>
        </GBInterval>
      </GBFeature_intervals>
      <GBFeature_operator>order</GBFeature_operator>
      <GBFeature_quals>
        <GBQualifier>
          <GBQualifier_name>site_type</GBQualifier_name>
          <GBQualifier_value>other</GBQualifier_value>
        </GBQualifier>
        <GBQualifier>
          <GBQualifier_name>note</GBQualifier_name>
          <GBQualifier_value>folate binding site [chemical binding]</GBQualifier_value>
        </GBQualifier>
        <GBQualifier>
          <GBQualifier_name>db_xref</GBQualifier_name>
          <GBQualifier_value>CDD:238127</GBQualifier_value>
        </GBQualifier>
      </GBFeature_quals>
    </GBFeature>
    <GBFeature>
      <GBFeature_key>Site</GBFeature_key>
      <GBFeature_location>order(13,20,50..52,70,108..111)</GBFeature_location>
      <GBFeature_intervals>
        <GBInterval>
          <GBInterval_point>13</GBInterval_point>
          <GBInterval_accession>WP_000312547.1</GBInterval_accession>
        </GBInterval>
        <GBInterval>
          <GBInterval_point>20</GBInterval_point>
          <GBInterval_accession>WP_000312547.1</GBInterval_accession>
        </GBInterval>
        <GBInterval>
          <GBInterval_from>50</GBInterval_from>
          <GBInterval_to>52</GBInterval_to>
          <GBInterval_accession>WP_000312547.1</GBInterval_accession>
        </GBInterval>
        <GBInterval>
          <GBInterval_point>70</GBInterval_point>
          <GBInterval_accession>WP_000312547.1</GBInterval_accession>
        </GBInterval>
        <GBInterval>
          <GBInterval_from>108</GBInterval_from>
          <GBInterval_to>111</GBInterval_to>
          <GBInterval_accession>WP_000312547.1</GBInterval_accession>
        </GBInterval>
      </GBFeature_intervals>
      <GBFeature_operator>order</GBFeature_operator>
      <GBFeature_quals>
        <GBQualifier>
          <GBQualifier_name>site_type</GBQualifier_name>
          <GBQualifier_value>other</GBQualifier_value>
        </GBQualifier>
        <GBQualifier>
          <GBQualifier_name>note</GBQualifier_name>
          <GBQualifier_value>NADP+ binding site [chemical binding]</GBQualifier_value>
        </GBQualifier>
        <GBQualifier>
          <GBQualifier_name>db_xref</GBQualifier_name>
          <GBQualifier_value>CDD:238127</GBQualifier_value>
        </GBQualifier>
      </GBFeature_quals>
    </GBFeature>
  </GBSeq_feature-table>
  <GBSeq_sequence>mawqnvevvhvvamdknhcigkgnalpwhisadlkhfkeitqggvvimgrktlesmgralpnrvnwvitrdinwhfdgvkiaysiedalnaaledakntekqalfiigggeifkqtlsiadrlelthvdldvqgdahyptipsefhktaseqqvdeksgisfefatykk</GBSeq_sequence>
</GBSeq>

</GBSet>

