<?xml version="1.0" ?>
<!DOCTYPE GBSet PUBLIC "-//NCBI//NCBI GBSeq/EN" "https://www.ncbi.nlm.nih.gov/dtd/NCBI_GBSeq.dtd">
<GBSet>
<GBSeq>
  <GBSeq_locus>WP_000225778</GBSeq_locus>
  <GBSeq_length>152</GBSeq_length>
  <GBSeq_moltype>AA</GBSeq_moltype>
  <GBSeq_topology>linear</GBSeq_topology>
  <GBSeq_division>BCT</GBSeq_division>
  <GBSeq_update-date>06-AUG-2015</GBSeq_update-date>
  <GBSeq_create-date>04-FEB-2013</GBSeq_create-date>
  <GBSeq_definition>trimethoprim-resistant dihydrofolate reductase DfrA1 [Edwardsiella ictaluri]</GBSeq_definition>
  <GBSeq_primary-accession>WP_000225778</GBSeq_primary-accession>
  <GBSeq_accession-version>WP_000225778.1</GBSeq_accession-version>
  <GBSeq_other-seqids>
    <GBSeqid>ref|WP_000225778.1|</GBSeqid>
    <GBSeqid>gi|446147923</GBSeqid>
  </GBSeq_other-seqids>
  <GBSeq_keywords>
    <GBKeyword>RefSeq</GBKeyword>
  </GBSeq_keywords>
  <GBSeq_source>Edwardsiella ictaluri</GBSeq_source>
  <GBSeq_organism>Edwardsiella ictaluri</GBSeq_organism>
  <GBSeq_taxonomy>Bacteria; Proteobacteria; Gammaproteobacteria; Enterobacteriales; Enterobacteriaceae; Edwardsiella</GBSeq_taxonomy>
  <GBSeq_comment>REFSEQ: This record represents a single, non-redundant, protein sequence which may be annotated on many different RefSeq genomes from the same, or different, species.; COMPLETENESS: full length.</GBSeq_comment>
  <GBSeq_feature-table>
    <GBFeature>
      <GBFeature_key>source</GBFeature_key>
      <GBFeature_location>1..152</GBFeature_location>
      <GBFeature_intervals>
        <GBInterval>
          <GBInterval_from>1</GBInterval_from>
          <GBInterval_to>152</GBInterval_to>
          <GBInterval_accession>WP_000225778.1</GBInterval_accession>
        </GBInterval>
      </GBFeature_intervals>
      <GBFeature_quals>
        <GBQualifier>
          <GBQualifier_name>organism</GBQualifier_name>
          <GBQualifier_value>Edwardsiella ictaluri</GBQualifier_value>
        </GBQualifier>
        <GBQualifier>
          <GBQualifier_name>db_xref</GBQualifier_name>
          <GBQualifier_value>taxon:67780</GBQualifier_value>
        </GBQualifier>
      </GBFeature_quals>
    </GBFeature>
    <GBFeature>
      <GBFeature_key>Protein</GBFeature_key>
      <GBFeature_location>1..152</GBFeature_location>
      <GBFeature_intervals>
        <GBInterval>
          <GBInterval_from>1</GBInterval_from>
          <GBInterval_to>152</GBInterval_to>
          <GBInterval_accession>WP_000225778.1</GBInterval_accession>
        </GBInterval>
      </GBFeature_intervals>
      <GBFeature_quals>
        <GBQualifier>
          <GBQualifier_name>product</GBQualifier_name>
          <GBQualifier_value>trimethoprim-resistant dihydrofolate reductase DfrA1</GBQualifier_value>
        </GBQualifier>
        <GBQualifier>
          <GBQualifier_name>calculated_mol_wt</GBQualifier_name>
          <GBQualifier_value>16871</GBQualifier_value>
        </GBQualifier>
      </GBFeature_quals>
    </GBFeature>
    <GBFeature>
      <GBFeature_key>Region</GBFeature_key>
      <GBFeature_location>1..150</GBFeature_location>
      <GBFeature_intervals>
        <GBInterval>
          <GBInterval_from>1</GBInterval_from>
          <GBInterval_to>150</GBInterval_to>
          <GBInterval_accession>WP_000225778.1</GBInterval_accession>
        </GBInterval>
      </GBFeature_intervals>
      <GBFeature_quals>
        <GBQualifier>
          <GBQualifier_name>region_name</GBQualifier_name>
          <GBQualifier_value>DHFR</GBQualifier_value>
        </GBQualifier>
        <GBQualifier>
          <GBQualifier_name>note</GBQualifier_name>
          <GBQualifier_value>Dihydrofolate reductase (DHFR). Reduces 7,8-dihydrofolate to 5,6,7,8-tetrahydrofolate with NADPH as a cofactor. This is an essential step in the biosynthesis of deoxythymidine phosphate since 5,6,7,8-tetrahydrofolate is required to regenerate 5; cd00209</GBQualifier_value>
        </GBQualifier>
        <GBQualifier>
          <GBQualifier_name>db_xref</GBQualifier_name>
          <GBQualifier_value>CDD:238127</GBQualifier_value>
        </GBQualifier>
      </GBFeature_quals>
    </GBFeature>
    <GBFeature>
      <GBFeature_key>Site</GBFeature_key>
      <GBFeature_location>order(1,18,23,52,92,98,111)</GBFeature_location>
      <GBFeature_intervals>
        <GBInterval>
          <GBInterval_point>1</GBInterval_point>
          <GBInterval_accession>WP_000225778.1</GBInterval_accession>
        </GBInterval>
        <GBInterval>
          <GBInterval_point>18</GBInterval_point>
          <GBInterval_accession>WP_000225778.1</GBInterval_accession>
        </GBInterval>
        <GBInterval>
          <GBInterval_point>23</GBInterval_point>
          <GBInterval_accession>WP_000225778.1</GBInterval_accession>
        </GBInterval>
        <GBInterval>
          <GBInterval_point>52</GBInterval_point>
          <GBInterval_accession>WP_000225778.1</GBInterval_accession>
        </GBInterval>
        <GBInterval>
          <GBInterval_point>92</GBInterval_point>
          <GBInterval_accession>WP_000225778.1</GBInterval_accession>
        </GBInterval>
        <GBInterval>
          <GBInterval_point>98</GBInterval_point>
          <GBInterval_accession>WP_000225778.1</GBInterval_accession>
        </GBInterval>
        <GBInterval>
          <GBInterval_point>111</GBInterval_point>
          <GBInterval_accession>WP_000225778.1</GBInterval_accession>
        </GBInterval>
      </GBFeature_intervals>
      <GBFeature_operator>order</GBFeature_operator>
      <GBFeature_quals>
        <GBQualifier>
          <GBQualifier_name>site_type</GBQualifier_name>
          <GBQualifier_value>other</GBQualifier_value>
        </GBQualifier>
        <GBQualifier>
          <GBQualifier_name>note</GBQualifier_name>
          <GBQualifier_value>folate binding site [chemical binding]</GBQualifier_value>
        </GBQualifier>
        <GBQualifier>
          <GBQualifier_name>db_xref</GBQualifier_name>
          <GBQualifier_value>CDD:238127</GBQualifier_value>
        </GBQualifier>
      </GBFeature_quals>
    </GBFeature>
    <GBFeature>
      <GBFeature_key>Site</GBFeature_key>
      <GBFeature_location>order(3,10,40..42,59,93..96)</GBFeature_location>
      <GBFeature_intervals>
        <GBInterval>
          <GBInterval_point>3</GBInterval_point>
          <GBInterval_accession>WP_000225778.1</GBInterval_accession>
        </GBInterval>
        <GBInterval>
          <GBInterval_point>10</GBInterval_point>
          <GBInterval_accession>WP_000225778.1</GBInterval_accession>
        </GBInterval>
        <GBInterval>
          <GBInterval_from>40</GBInterval_from>
          <GBInterval_to>42</GBInterval_to>
          <GBInterval_accession>WP_000225778.1</GBInterval_accession>
        </GBInterval>
        <GBInterval>
          <GBInterval_point>59</GBInterval_point>
          <GBInterval_accession>WP_000225778.1</GBInterval_accession>
        </GBInterval>
        <GBInterval>
          <GBInterval_from>93</GBInterval_from>
          <GBInterval_to>96</GBInterval_to>
          <GBInterval_accession>WP_000225778.1</GBInterval_accession>
        </GBInterval>
      </GBFeature_intervals>
      <GBFeature_operator>order</GBFeature_operator>
      <GBFeature_quals>
        <GBQualifier>
          <GBQualifier_name>site_type</GBQualifier_name>
          <GBQualifier_value>other</GBQualifier_value>
        </GBQualifier>
        <GBQualifier>
          <GBQualifier_name>note</GBQualifier_name>
          <GBQualifier_value>NADP+ binding site [chemical binding]</GBQualifier_value>
        </GBQualifier>
        <GBQualifier>
          <GBQualifier_name>db_xref</GBQualifier_name>
          <GBQualifier_value>CDD:238127</GBQualifier_value>
        </GBQualifier>
      </GBFeature_quals>
    </GBFeature>
  </GBSeq_feature-table>
  <GBSeq_sequence>mvaiskngvigngpdipwsakgeqllfkaitynqwllvgrktfesmgalpnrkyavvtrssftsdnenvlifpsikdaltnlkkitdhvivsgggeiykslidqvdtlhistidiepegdvyfpeipsnfrpvftqdfasninysyqiwqkg</GBSeq_sequence>
</GBSeq>

</GBSet>

