<?xml version="1.0" ?>
<!DOCTYPE GBSet PUBLIC "-//NCBI//NCBI GBSeq/EN" "https://www.ncbi.nlm.nih.gov/dtd/NCBI_GBSeq.dtd">
<GBSet>
<GBSeq>
  <GBSeq_locus>WP_000378105</GBSeq_locus>
  <GBSeq_length>196</GBSeq_length>
  <GBSeq_moltype>AA</GBSeq_moltype>
  <GBSeq_topology>linear</GBSeq_topology>
  <GBSeq_division>BCT</GBSeq_division>
  <GBSeq_update-date>23-AUG-2016</GBSeq_update-date>
  <GBSeq_create-date>04-FEB-2013</GBSeq_create-date>
  <GBSeq_definition>dihydrofolate reductase [Escherichia coli]</GBSeq_definition>
  <GBSeq_primary-accession>WP_000378105</GBSeq_primary-accession>
  <GBSeq_accession-version>WP_000378105.1</GBSeq_accession-version>
  <GBSeq_other-seqids>
    <GBSeqid>ref|WP_000378105.1|</GBSeqid>
    <GBSeqid>gi|446300250</GBSeqid>
  </GBSeq_other-seqids>
  <GBSeq_keywords>
    <GBKeyword>RefSeq</GBKeyword>
  </GBSeq_keywords>
  <GBSeq_source>Escherichia coli</GBSeq_source>
  <GBSeq_organism>Escherichia coli</GBSeq_organism>
  <GBSeq_taxonomy>Bacteria; Proteobacteria; Gammaproteobacteria; Enterobacteriales; Enterobacteriaceae; Escherichia</GBSeq_taxonomy>
  <GBSeq_comment>REFSEQ: This record represents a single, non-redundant, protein sequence which may be annotated on many different RefSeq genomes from the same, or different, species.; COMPLETENESS: full length.</GBSeq_comment>
  <GBSeq_feature-table>
    <GBFeature>
      <GBFeature_key>source</GBFeature_key>
      <GBFeature_location>1..196</GBFeature_location>
      <GBFeature_intervals>
        <GBInterval>
          <GBInterval_from>1</GBInterval_from>
          <GBInterval_to>196</GBInterval_to>
          <GBInterval_accession>WP_000378105.1</GBInterval_accession>
        </GBInterval>
      </GBFeature_intervals>
      <GBFeature_quals>
        <GBQualifier>
          <GBQualifier_name>organism</GBQualifier_name>
          <GBQualifier_value>Escherichia coli</GBQualifier_value>
        </GBQualifier>
        <GBQualifier>
          <GBQualifier_name>db_xref</GBQualifier_name>
          <GBQualifier_value>taxon:562</GBQualifier_value>
        </GBQualifier>
      </GBFeature_quals>
    </GBFeature>
    <GBFeature>
      <GBFeature_key>Protein</GBFeature_key>
      <GBFeature_location>1..196</GBFeature_location>
      <GBFeature_intervals>
        <GBInterval>
          <GBInterval_from>1</GBInterval_from>
          <GBInterval_to>196</GBInterval_to>
          <GBInterval_accession>WP_000378105.1</GBInterval_accession>
        </GBInterval>
      </GBFeature_intervals>
      <GBFeature_quals>
        <GBQualifier>
          <GBQualifier_name>product</GBQualifier_name>
          <GBQualifier_value>dihydrofolate reductase</GBQualifier_value>
        </GBQualifier>
        <GBQualifier>
          <GBQualifier_name>calculated_mol_wt</GBQualifier_name>
          <GBQualifier_value>22169</GBQualifier_value>
        </GBQualifier>
      </GBFeature_quals>
    </GBFeature>
    <GBFeature>
      <GBFeature_key>Region</GBFeature_key>
      <GBFeature_location>38..196</GBFeature_location>
      <GBFeature_intervals>
        <GBInterval>
          <GBInterval_from>38</GBInterval_from>
          <GBInterval_to>196</GBInterval_to>
          <GBInterval_accession>WP_000378105.1</GBInterval_accession>
        </GBInterval>
      </GBFeature_intervals>
      <GBFeature_quals>
        <GBQualifier>
          <GBQualifier_name>region_name</GBQualifier_name>
          <GBQualifier_value>folA</GBQualifier_value>
        </GBQualifier>
        <GBQualifier>
          <GBQualifier_name>note</GBQualifier_name>
          <GBQualifier_value>dihydrofolate reductase; Provisional; PRK10769</GBQualifier_value>
        </GBQualifier>
        <GBQualifier>
          <GBQualifier_name>db_xref</GBQualifier_name>
          <GBQualifier_value>CDD:182714</GBQualifier_value>
        </GBQualifier>
      </GBFeature_quals>
    </GBFeature>
    <GBFeature>
      <GBFeature_key>Site</GBFeature_key>
      <GBFeature_location>order(42,59,64,94,131,137,150)</GBFeature_location>
      <GBFeature_intervals>
        <GBInterval>
          <GBInterval_point>42</GBInterval_point>
          <GBInterval_accession>WP_000378105.1</GBInterval_accession>
        </GBInterval>
        <GBInterval>
          <GBInterval_point>59</GBInterval_point>
          <GBInterval_accession>WP_000378105.1</GBInterval_accession>
        </GBInterval>
        <GBInterval>
          <GBInterval_point>64</GBInterval_point>
          <GBInterval_accession>WP_000378105.1</GBInterval_accession>
        </GBInterval>
        <GBInterval>
          <GBInterval_point>94</GBInterval_point>
          <GBInterval_accession>WP_000378105.1</GBInterval_accession>
        </GBInterval>
        <GBInterval>
          <GBInterval_point>131</GBInterval_point>
          <GBInterval_accession>WP_000378105.1</GBInterval_accession>
        </GBInterval>
        <GBInterval>
          <GBInterval_point>137</GBInterval_point>
          <GBInterval_accession>WP_000378105.1</GBInterval_accession>
        </GBInterval>
        <GBInterval>
          <GBInterval_point>150</GBInterval_point>
          <GBInterval_accession>WP_000378105.1</GBInterval_accession>
        </GBInterval>
      </GBFeature_intervals>
      <GBFeature_operator>order</GBFeature_operator>
      <GBFeature_quals>
        <GBQualifier>
          <GBQualifier_name>site_type</GBQualifier_name>
          <GBQualifier_value>other</GBQualifier_value>
        </GBQualifier>
        <GBQualifier>
          <GBQualifier_name>note</GBQualifier_name>
          <GBQualifier_value>folate binding site [chemical binding]</GBQualifier_value>
        </GBQualifier>
        <GBQualifier>
          <GBQualifier_name>db_xref</GBQualifier_name>
          <GBQualifier_value>CDD:238127</GBQualifier_value>
        </GBQualifier>
      </GBFeature_quals>
    </GBFeature>
    <GBFeature>
      <GBFeature_key>Site</GBFeature_key>
      <GBFeature_location>order(44,51,81..83,101,132..135)</GBFeature_location>
      <GBFeature_intervals>
        <GBInterval>
          <GBInterval_point>44</GBInterval_point>
          <GBInterval_accession>WP_000378105.1</GBInterval_accession>
        </GBInterval>
        <GBInterval>
          <GBInterval_point>51</GBInterval_point>
          <GBInterval_accession>WP_000378105.1</GBInterval_accession>
        </GBInterval>
        <GBInterval>
          <GBInterval_from>81</GBInterval_from>
          <GBInterval_to>83</GBInterval_to>
          <GBInterval_accession>WP_000378105.1</GBInterval_accession>
        </GBInterval>
        <GBInterval>
          <GBInterval_point>101</GBInterval_point>
          <GBInterval_accession>WP_000378105.1</GBInterval_accession>
        </GBInterval>
        <GBInterval>
          <GBInterval_from>132</GBInterval_from>
          <GBInterval_to>135</GBInterval_to>
          <GBInterval_accession>WP_000378105.1</GBInterval_accession>
        </GBInterval>
      </GBFeature_intervals>
      <GBFeature_operator>order</GBFeature_operator>
      <GBFeature_quals>
        <GBQualifier>
          <GBQualifier_name>site_type</GBQualifier_name>
          <GBQualifier_value>other</GBQualifier_value>
        </GBQualifier>
        <GBQualifier>
          <GBQualifier_name>note</GBQualifier_name>
          <GBQualifier_value>NADP+ binding site [chemical binding]</GBQualifier_value>
        </GBQualifier>
        <GBQualifier>
          <GBQualifier_name>db_xref</GBQualifier_name>
          <GBQualifier_value>CDD:238127</GBQualifier_value>
        </GBQualifier>
      </GBFeature_quals>
    </GBFeature>
  </GBSeq_feature-table>
  <GBSeq_sequence>mdspaeykiflniilapvddglrftysgdnffyreismisliaalavdrvigmenampwnlpadlawfkrntlnkpvimgrhtwesigrplpgrkniilssqpgtddrvtwvksvdeaiaacgdvpeimvigggrvyeqflpkaqklylthidaevegdthfpdyepddwesvfsefhdadaqnshsycfeilerr</GBSeq_sequence>
</GBSeq>

</GBSet>

