<?xml version="1.0" ?>
<!DOCTYPE GBSet PUBLIC "-//NCBI//NCBI GBSeq/EN" "https://www.ncbi.nlm.nih.gov/dtd/NCBI_GBSeq.dtd">
<GBSet>
<GBSeq>
  <GBSeq_locus>WP_000175754</GBSeq_locus>
  <GBSeq_length>159</GBSeq_length>
  <GBSeq_moltype>AA</GBSeq_moltype>
  <GBSeq_topology>linear</GBSeq_topology>
  <GBSeq_division>BCT</GBSeq_division>
  <GBSeq_update-date>26-MAY-2013</GBSeq_update-date>
  <GBSeq_create-date>04-FEB-2013</GBSeq_create-date>
  <GBSeq_definition>dihydrofolate reductase [Staphylococcus aureus]</GBSeq_definition>
  <GBSeq_primary-accession>WP_000175754</GBSeq_primary-accession>
  <GBSeq_accession-version>WP_000175754.1</GBSeq_accession-version>
  <GBSeq_other-seqids>
    <GBSeqid>ref|WP_000175754.1|</GBSeqid>
    <GBSeqid>gi|446097899</GBSeqid>
  </GBSeq_other-seqids>
  <GBSeq_keywords>
    <GBKeyword>RefSeq</GBKeyword>
  </GBSeq_keywords>
  <GBSeq_source>Staphylococcus aureus</GBSeq_source>
  <GBSeq_organism>Staphylococcus aureus</GBSeq_organism>
  <GBSeq_taxonomy>Bacteria; Firmicutes; Bacilli; Bacillales; Staphylococcaceae; Staphylococcus</GBSeq_taxonomy>
  <GBSeq_comment>REFSEQ: This record represents a single, non-redundant, protein sequence which may be annotated on many different RefSeq genomes from the same, or different, species.; COMPLETENESS: full length.</GBSeq_comment>
  <GBSeq_feature-table>
    <GBFeature>
      <GBFeature_key>source</GBFeature_key>
      <GBFeature_location>1..159</GBFeature_location>
      <GBFeature_intervals>
        <GBInterval>
          <GBInterval_from>1</GBInterval_from>
          <GBInterval_to>159</GBInterval_to>
          <GBInterval_accession>WP_000175754.1</GBInterval_accession>
        </GBInterval>
      </GBFeature_intervals>
      <GBFeature_quals>
        <GBQualifier>
          <GBQualifier_name>organism</GBQualifier_name>
          <GBQualifier_value>Staphylococcus aureus</GBQualifier_value>
        </GBQualifier>
        <GBQualifier>
          <GBQualifier_name>db_xref</GBQualifier_name>
          <GBQualifier_value>taxon:1280</GBQualifier_value>
        </GBQualifier>
      </GBFeature_quals>
    </GBFeature>
    <GBFeature>
      <GBFeature_key>Protein</GBFeature_key>
      <GBFeature_location>1..159</GBFeature_location>
      <GBFeature_intervals>
        <GBInterval>
          <GBInterval_from>1</GBInterval_from>
          <GBInterval_to>159</GBInterval_to>
          <GBInterval_accession>WP_000175754.1</GBInterval_accession>
        </GBInterval>
      </GBFeature_intervals>
      <GBFeature_quals>
        <GBQualifier>
          <GBQualifier_name>product</GBQualifier_name>
          <GBQualifier_value>dihydrofolate reductase</GBQualifier_value>
        </GBQualifier>
        <GBQualifier>
          <GBQualifier_name>calculated_mol_wt</GBQualifier_name>
          <GBQualifier_value>18113</GBQualifier_value>
        </GBQualifier>
      </GBFeature_quals>
    </GBFeature>
    <GBFeature>
      <GBFeature_key>Region</GBFeature_key>
      <GBFeature_location>2..157</GBFeature_location>
      <GBFeature_intervals>
        <GBInterval>
          <GBInterval_from>2</GBInterval_from>
          <GBInterval_to>157</GBInterval_to>
          <GBInterval_accession>WP_000175754.1</GBInterval_accession>
        </GBInterval>
      </GBFeature_intervals>
      <GBFeature_quals>
        <GBQualifier>
          <GBQualifier_name>region_name</GBQualifier_name>
          <GBQualifier_value>DHFR_1</GBQualifier_value>
        </GBQualifier>
        <GBQualifier>
          <GBQualifier_name>note</GBQualifier_name>
          <GBQualifier_value>Dihydrofolate reductase; pfam00186</GBQualifier_value>
        </GBQualifier>
        <GBQualifier>
          <GBQualifier_name>db_xref</GBQualifier_name>
          <GBQualifier_value>CDD:278610</GBQualifier_value>
        </GBQualifier>
      </GBFeature_quals>
    </GBFeature>
    <GBFeature>
      <GBFeature_key>Site</GBFeature_key>
      <GBFeature_location>order(6,23,28,58,93,99,112)</GBFeature_location>
      <GBFeature_intervals>
        <GBInterval>
          <GBInterval_point>6</GBInterval_point>
          <GBInterval_accession>WP_000175754.1</GBInterval_accession>
        </GBInterval>
        <GBInterval>
          <GBInterval_point>23</GBInterval_point>
          <GBInterval_accession>WP_000175754.1</GBInterval_accession>
        </GBInterval>
        <GBInterval>
          <GBInterval_point>28</GBInterval_point>
          <GBInterval_accession>WP_000175754.1</GBInterval_accession>
        </GBInterval>
        <GBInterval>
          <GBInterval_point>58</GBInterval_point>
          <GBInterval_accession>WP_000175754.1</GBInterval_accession>
        </GBInterval>
        <GBInterval>
          <GBInterval_point>93</GBInterval_point>
          <GBInterval_accession>WP_000175754.1</GBInterval_accession>
        </GBInterval>
        <GBInterval>
          <GBInterval_point>99</GBInterval_point>
          <GBInterval_accession>WP_000175754.1</GBInterval_accession>
        </GBInterval>
        <GBInterval>
          <GBInterval_point>112</GBInterval_point>
          <GBInterval_accession>WP_000175754.1</GBInterval_accession>
        </GBInterval>
      </GBFeature_intervals>
      <GBFeature_operator>order</GBFeature_operator>
      <GBFeature_quals>
        <GBQualifier>
          <GBQualifier_name>site_type</GBQualifier_name>
          <GBQualifier_value>other</GBQualifier_value>
        </GBQualifier>
        <GBQualifier>
          <GBQualifier_name>note</GBQualifier_name>
          <GBQualifier_value>folate binding site [chemical binding]</GBQualifier_value>
        </GBQualifier>
        <GBQualifier>
          <GBQualifier_name>db_xref</GBQualifier_name>
          <GBQualifier_value>CDD:238127</GBQualifier_value>
        </GBQualifier>
      </GBFeature_quals>
    </GBFeature>
    <GBFeature>
      <GBFeature_key>Site</GBFeature_key>
      <GBFeature_location>order(8,15,45..47,65,94..97)</GBFeature_location>
      <GBFeature_intervals>
        <GBInterval>
          <GBInterval_point>8</GBInterval_point>
          <GBInterval_accession>WP_000175754.1</GBInterval_accession>
        </GBInterval>
        <GBInterval>
          <GBInterval_point>15</GBInterval_point>
          <GBInterval_accession>WP_000175754.1</GBInterval_accession>
        </GBInterval>
        <GBInterval>
          <GBInterval_from>45</GBInterval_from>
          <GBInterval_to>47</GBInterval_to>
          <GBInterval_accession>WP_000175754.1</GBInterval_accession>
        </GBInterval>
        <GBInterval>
          <GBInterval_point>65</GBInterval_point>
          <GBInterval_accession>WP_000175754.1</GBInterval_accession>
        </GBInterval>
        <GBInterval>
          <GBInterval_from>94</GBInterval_from>
          <GBInterval_to>97</GBInterval_to>
          <GBInterval_accession>WP_000175754.1</GBInterval_accession>
        </GBInterval>
      </GBFeature_intervals>
      <GBFeature_operator>order</GBFeature_operator>
      <GBFeature_quals>
        <GBQualifier>
          <GBQualifier_name>site_type</GBQualifier_name>
          <GBQualifier_value>other</GBQualifier_value>
        </GBQualifier>
        <GBQualifier>
          <GBQualifier_name>note</GBQualifier_name>
          <GBQualifier_value>NADP+ binding site [chemical binding]</GBQualifier_value>
        </GBQualifier>
        <GBQualifier>
          <GBQualifier_name>db_xref</GBQualifier_name>
          <GBQualifier_value>CDD:238127</GBQualifier_value>
        </GBQualifier>
      </GBFeature_quals>
    </GBFeature>
  </GBSeq_feature-table>
  <GBSeq_sequence>mtlsilvahdlqrvigfenqlpwhlpndlknvkklstghtlvmgrktfesigkplpnrrnvvltsdtsfnvegvdvihsiediyqlpghvfifggqtlyeemidkvddmyitviegkfrgdtffppytfedwevassvegkldekntiphtflhlirkk</GBSeq_sequence>
</GBSeq>

</GBSet>

