<?xml version="1.0" ?>
<!DOCTYPE GBSet PUBLIC "-//NCBI//NCBI GBSeq/EN" "https://www.ncbi.nlm.nih.gov/dtd/NCBI_GBSeq.dtd">
<GBSet>
<GBSeq>
  <GBSeq_locus>WP_000162453</GBSeq_locus>
  <GBSeq_length>168</GBSeq_length>
  <GBSeq_moltype>AA</GBSeq_moltype>
  <GBSeq_topology>linear</GBSeq_topology>
  <GBSeq_division>BCT</GBSeq_division>
  <GBSeq_update-date>25-MAY-2013</GBSeq_update-date>
  <GBSeq_create-date>04-FEB-2013</GBSeq_create-date>
  <GBSeq_definition>dihydrofolate reductase [Streptococcus pneumoniae]</GBSeq_definition>
  <GBSeq_primary-accession>WP_000162453</GBSeq_primary-accession>
  <GBSeq_accession-version>WP_000162453.1</GBSeq_accession-version>
  <GBSeq_other-seqids>
    <GBSeqid>ref|WP_000162453.1|</GBSeqid>
    <GBSeqid>gi|446084598</GBSeqid>
  </GBSeq_other-seqids>
  <GBSeq_keywords>
    <GBKeyword>RefSeq</GBKeyword>
  </GBSeq_keywords>
  <GBSeq_source>Streptococcus pneumoniae</GBSeq_source>
  <GBSeq_organism>Streptococcus pneumoniae</GBSeq_organism>
  <GBSeq_taxonomy>Bacteria; Firmicutes; Bacilli; Lactobacillales; Streptococcaceae; Streptococcus</GBSeq_taxonomy>
  <GBSeq_comment>REFSEQ: This record represents a single, non-redundant, protein sequence which may be annotated on many different RefSeq genomes from the same, or different, species.; COMPLETENESS: full length.</GBSeq_comment>
  <GBSeq_feature-table>
    <GBFeature>
      <GBFeature_key>source</GBFeature_key>
      <GBFeature_location>1..168</GBFeature_location>
      <GBFeature_intervals>
        <GBInterval>
          <GBInterval_from>1</GBInterval_from>
          <GBInterval_to>168</GBInterval_to>
          <GBInterval_accession>WP_000162453.1</GBInterval_accession>
        </GBInterval>
      </GBFeature_intervals>
      <GBFeature_quals>
        <GBQualifier>
          <GBQualifier_name>organism</GBQualifier_name>
          <GBQualifier_value>Streptococcus pneumoniae</GBQualifier_value>
        </GBQualifier>
        <GBQualifier>
          <GBQualifier_name>db_xref</GBQualifier_name>
          <GBQualifier_value>taxon:1313</GBQualifier_value>
        </GBQualifier>
      </GBFeature_quals>
    </GBFeature>
    <GBFeature>
      <GBFeature_key>Protein</GBFeature_key>
      <GBFeature_location>1..168</GBFeature_location>
      <GBFeature_intervals>
        <GBInterval>
          <GBInterval_from>1</GBInterval_from>
          <GBInterval_to>168</GBInterval_to>
          <GBInterval_accession>WP_000162453.1</GBInterval_accession>
        </GBInterval>
      </GBFeature_intervals>
      <GBFeature_quals>
        <GBQualifier>
          <GBQualifier_name>product</GBQualifier_name>
          <GBQualifier_value>dihydrofolate reductase</GBQualifier_value>
        </GBQualifier>
        <GBQualifier>
          <GBQualifier_name>calculated_mol_wt</GBQualifier_name>
          <GBQualifier_value>19629</GBQualifier_value>
        </GBQualifier>
      </GBFeature_quals>
    </GBFeature>
    <GBFeature>
      <GBFeature_key>Region</GBFeature_key>
      <GBFeature_location>4..165</GBFeature_location>
      <GBFeature_intervals>
        <GBInterval>
          <GBInterval_from>4</GBInterval_from>
          <GBInterval_to>165</GBInterval_to>
          <GBInterval_accession>WP_000162453.1</GBInterval_accession>
        </GBInterval>
      </GBFeature_intervals>
      <GBFeature_quals>
        <GBQualifier>
          <GBQualifier_name>region_name</GBQualifier_name>
          <GBQualifier_value>DHFR_1</GBQualifier_value>
        </GBQualifier>
        <GBQualifier>
          <GBQualifier_name>note</GBQualifier_name>
          <GBQualifier_value>Dihydrofolate reductase; pfam00186</GBQualifier_value>
        </GBQualifier>
        <GBQualifier>
          <GBQualifier_name>db_xref</GBQualifier_name>
          <GBQualifier_value>CDD:278610</GBQualifier_value>
        </GBQualifier>
      </GBFeature_quals>
    </GBFeature>
    <GBFeature>
      <GBFeature_key>Site</GBFeature_key>
      <GBFeature_location>order(8,25,30,61,100,106,119)</GBFeature_location>
      <GBFeature_intervals>
        <GBInterval>
          <GBInterval_point>8</GBInterval_point>
          <GBInterval_accession>WP_000162453.1</GBInterval_accession>
        </GBInterval>
        <GBInterval>
          <GBInterval_point>25</GBInterval_point>
          <GBInterval_accession>WP_000162453.1</GBInterval_accession>
        </GBInterval>
        <GBInterval>
          <GBInterval_point>30</GBInterval_point>
          <GBInterval_accession>WP_000162453.1</GBInterval_accession>
        </GBInterval>
        <GBInterval>
          <GBInterval_point>61</GBInterval_point>
          <GBInterval_accession>WP_000162453.1</GBInterval_accession>
        </GBInterval>
        <GBInterval>
          <GBInterval_point>100</GBInterval_point>
          <GBInterval_accession>WP_000162453.1</GBInterval_accession>
        </GBInterval>
        <GBInterval>
          <GBInterval_point>106</GBInterval_point>
          <GBInterval_accession>WP_000162453.1</GBInterval_accession>
        </GBInterval>
        <GBInterval>
          <GBInterval_point>119</GBInterval_point>
          <GBInterval_accession>WP_000162453.1</GBInterval_accession>
        </GBInterval>
      </GBFeature_intervals>
      <GBFeature_operator>order</GBFeature_operator>
      <GBFeature_quals>
        <GBQualifier>
          <GBQualifier_name>site_type</GBQualifier_name>
          <GBQualifier_value>other</GBQualifier_value>
        </GBQualifier>
        <GBQualifier>
          <GBQualifier_name>note</GBQualifier_name>
          <GBQualifier_value>folate binding site [chemical binding]</GBQualifier_value>
        </GBQualifier>
        <GBQualifier>
          <GBQualifier_name>db_xref</GBQualifier_name>
          <GBQualifier_value>CDD:238127</GBQualifier_value>
        </GBQualifier>
      </GBFeature_quals>
    </GBFeature>
    <GBFeature>
      <GBFeature_key>Site</GBFeature_key>
      <GBFeature_location>order(10,17,47..49,68,101..104)</GBFeature_location>
      <GBFeature_intervals>
        <GBInterval>
          <GBInterval_point>10</GBInterval_point>
          <GBInterval_accession>WP_000162453.1</GBInterval_accession>
        </GBInterval>
        <GBInterval>
          <GBInterval_point>17</GBInterval_point>
          <GBInterval_accession>WP_000162453.1</GBInterval_accession>
        </GBInterval>
        <GBInterval>
          <GBInterval_from>47</GBInterval_from>
          <GBInterval_to>49</GBInterval_to>
          <GBInterval_accession>WP_000162453.1</GBInterval_accession>
        </GBInterval>
        <GBInterval>
          <GBInterval_point>68</GBInterval_point>
          <GBInterval_accession>WP_000162453.1</GBInterval_accession>
        </GBInterval>
        <GBInterval>
          <GBInterval_from>101</GBInterval_from>
          <GBInterval_to>104</GBInterval_to>
          <GBInterval_accession>WP_000162453.1</GBInterval_accession>
        </GBInterval>
      </GBFeature_intervals>
      <GBFeature_operator>order</GBFeature_operator>
      <GBFeature_quals>
        <GBQualifier>
          <GBQualifier_name>site_type</GBQualifier_name>
          <GBQualifier_value>other</GBQualifier_value>
        </GBQualifier>
        <GBQualifier>
          <GBQualifier_name>note</GBQualifier_name>
          <GBQualifier_value>NADP+ binding site [chemical binding]</GBQualifier_value>
        </GBQualifier>
        <GBQualifier>
          <GBQualifier_name>db_xref</GBQualifier_name>
          <GBQualifier_value>CDD:238127</GBQualifier_value>
        </GBQualifier>
      </GBFeature_quals>
    </GBFeature>
  </GBSeq_feature-table>
  <GBSeq_sequence>mtkkivaiwaqdeegvigkdnrlpwhlpaelqhfkettlnhailmgrvtfdgmgrrllpkretliltrnpeekidgvatfydvqsvldwyqaqdknlyilggkqifqafepyldevivthiharvegdtyfpeefdlslfetvsskfyskdeknpydftiqyrkrkev</GBSeq_sequence>
</GBSeq>

</GBSet>

